<TICKER>;<PER>;<DATE>;<TIME>;<OPEN>;<HIGH>;<LOW>;<CLOSE>;<VOL>
Si;5;20260105;085500;80265;80265;80265;80265;518
Si;5;20260105;090000;80260;80504;80200;80385;8312
Si;5;20260105;090500;80389;80406;80303;80337;3658
Si;5;20260105;091000;80350;80384;80308;80372;1689
Si;5;20260105;091500;80368;80450;80343;80343;1954
Si;5;20260105;092000;80346;80373;80322;80350;583
Si;5;20260105;092500;80338;80363;80310;80352;1239
Si;5;20260105;093000;80356;80375;80330;80368;805
Si;5;20260105;093500;80371;80468;80351;80434;3062
Si;5;20260105;094000;80454;80497;80414;80480;1671
Si;5;20260105;094500;80477;80633;80451;80476;8972
Si;5;20260105;095000;80475;80480;80400;80429;2692
Si;5;20260105;095500;80434;80460;80360;80446;2189
Si;5;20260105;100000;80444;80556;80363;80542;5816
Si;5;20260105;100500;80542;80599;80438;80579;4506
Si;5;20260105;101000;80580;80714;80558;80682;7730
Si;5;20260105;101500;80687;80885;80640;80878;14048
Si;5;20260105;102000;80877;81027;80830;81014;12502
Si;5;20260105;102500;81019;81024;80854;80873;9913
Si;5;20260105;103000;80871;81083;80871;80971;9693
Si;5;20260105;103500;80980;81039;80941;81021;3340
Si;5;20260105;104000;81026;81158;81011;81115;7744
Si;5;20260105;104500;81116;81404;81103;81398;22901
Si;5;20260105;105000;81397;81480;81368;81467;22511
Si;5;20260105;105500;81469;81675;81454;81662;26121
Si;5;20260105;110000;81662;81709;81404;81404;17883
Si;5;20260105;110500;81408;81466;81370;81434;5332
Si;5;20260105;111000;81435;81489;81432;81446;4241
Si;5;20260105;111500;81449;81459;81375;81442;3696
Si;5;20260105;112000;81447;81533;81435;81492;6050
Si;5;20260105;112500;81489;81509;81441;81473;1973
Si;5;20260105;113000;81476;81500;81460;81485;1502
Si;5;20260105;113500;81484;81484;81421;81438;1799
Si;5;20260105;114000;81438;81445;81420;81433;2403
Si;5;20260105;114500;81430;81462;81427;81457;855
Si;5;20260105;115000;81459;81486;81452;81480;1054
Si;5;20260105;115500;81480;81487;81459;81466;654
Si;5;20260105;120000;81466;81567;81442;81518;4820
Si;5;20260105;120500;81518;81534;81447;81493;2949
Si;5;20260105;121000;81495;81559;81473;81530;2900
Si;5;20260105;121500;81533;81599;81533;81587;6174
Si;5;20260105;122000;81588;81667;81560;81598;5597
Si;5;20260105;122500;81599;81620;81542;81567;3904
Si;5;20260105;123000;81568;81590;81555;81568;850
Si;5;20260105;123500;81568;81578;81537;81549;1336
Si;5;20260105;124000;81550;81559;81524;81555;1768
Si;5;20260105;124500;81551;81620;81550;81568;3152
Si;5;20260105;125000;81568;81592;81385;81457;7441
Si;5;20260105;125500;81458;81459;81250;81288;11890
Si;5;20260105;130000;81288;81345;81217;81344;6620
Si;5;20260105;130500;81344;81378;81286;81348;4899
Si;5;20260105;131000;81350;81357;81307;81320;1791
Si;5;20260105;131500;81318;81490;81310;81462;3161
Si;5;20260105;132000;81463;81484;81413;81466;1573
Si;5;20260105;132500;81466;81497;81449;81495;672
Si;5;20260105;133000;81494;81500;81471;81474;737
Si;5;20260105;133500;81473;81480;81413;81478;1871
Si;5;20260105;134000;81478;81496;81412;81453;1364
Si;5;20260105;134500;81458;81463;81415;81436;849
Si;5;20260105;135000;81438;81463;81412;81453;962
Si;5;20260105;135500;81461;81473;81411;81421;798
Si;5;20260105;140500;81417;81517;81417;81504;2241
Si;5;20260105;141000;81505;81515;81355;81403;2708
Si;5;20260105;141500;81403;81419;81335;81344;2774
Si;5;20260105;142000;81344;81418;81344;81415;1548
Si;5;20260105;142500;81410;81474;81410;81445;1228
Si;5;20260105;143000;81444;81477;81418;81447;893
Si;5;20260105;143500;81448;81474;81369;81370;1910
Si;5;20260105;144000;81370;81405;81355;81393;1310
Si;5;20260105;144500;81388;81388;81349;81374;759
Si;5;20260105;145000;81374;81379;81335;81340;1013
Si;5;20260105;145500;81342;81365;81273;81319;3113
Si;5;20260105;150000;81325;81388;81279;81364;1462
Si;5;20260105;150500;81363;81380;81304;81339;1427
Si;5;20260105;151000;81339;81362;81297;81307;1190
Si;5;20260105;151500;81306;81391;81306;81355;1054
Si;5;20260105;152000;81356;81391;81356;81372;396
Si;5;20260105;152500;81371;81397;81368;81391;689
Si;5;20260105;153000;81389;81478;81380;81441;2586
Si;5;20260105;153500;81440;81475;81434;81457;1359
Si;5;20260105;154000;81457;81474;81455;81470;692
Si;5;20260105;154500;81471;81483;81435;81441;789
Si;5;20260105;155000;81440;81476;81430;81470;636
Si;5;20260105;155500;81468;81484;81462;81470;431
Si;5;20260105;160000;81469;81485;81410;81431;2025
Si;5;20260105;160500;81436;81499;81423;81499;1239
Si;5;20260105;161000;81499;81540;81497;81534;1803
Si;5;20260105;161500;81534;81550;81510;81516;1020
Si;5;20260105;162000;81516;81529;81492;81529;939
Si;5;20260105;162500;81530;81535;81508;81509;497
Si;5;20260105;163000;81508;81529;81478;81479;620
Si;5;20260105;163500;81481;81514;81475;81508;478
Si;5;20260105;164000;81508;81522;81495;81516;470
Si;5;20260105;164500;81518;81548;81501;81501;1220
Si;5;20260105;165000;81501;81509;81481;81481;610
Si;5;20260105;165500;81483;81494;81475;81476;732
Si;5;20260105;170000;81477;81481;81461;81468;730
Si;5;20260105;170500;81468;81489;81440;81462;1251
Si;5;20260105;171000;81461;81468;81451;81459;358
Si;5;20260105;171500;81464;81464;81438;81441;399
Si;5;20260105;172000;81441;81475;81428;81458;761
Si;5;20260105;172500;81458;81495;81458;81480;665
Si;5;20260105;173000;81486;81562;81486;81555;2024
Si;5;20260105;173500;81553;81560;81474;81483;1488
Si;5;20260105;174000;81482;81488;81444;81475;897
Si;5;20260105;174500;81471;81477;81456;81456;349
Si;5;20260105;175000;81457;81500;81457;81460;1162
Si;5;20260105;175500;81460;81489;81454;81479;531
Si;5;20260105;180000;81479;81500;81425;81425;1199
Si;5;20260105;180500;81425;81438;81375;81387;2839
Si;5;20260105;181000;81387;81391;81370;81373;1216
Si;5;20260105;181500;81373;81399;81373;81388;1013
Si;5;20260105;182000;81388;81455;81383;81450;1044
Si;5;20260105;182500;81455;81498;81455;81474;1143
Si;5;20260105;183000;81464;81485;81457;81457;933
Si;5;20260105;183500;81466;81481;81460;81480;464
Si;5;20260105;184000;81477;81497;81477;81482;777
Si;5;20260105;184500;81484;81554;81482;81501;2240
Si;5;20260105;190500;81501;81650;81501;81572;3108
Si;5;20260105;191000;81573;81599;81556;81561;1194
Si;5;20260105;191500;81561;81598;81553;81597;654
Si;5;20260105;192000;81598;81598;81594;81594;552
Si;5;20260105;192500;81595;81595;81581;81583;273
Si;5;20260105;193000;81585;81598;81571;81596;1040
Si;5;20260105;193500;81596;81633;81587;81630;1406
Si;5;20260105;194000;81630;81644;81617;81626;332
Si;5;20260105;194500;81623;81629;81586;81588;652
Si;5;20260105;195000;81589;81594;81575;81593;258
Si;5;20260105;195500;81592;81598;81556;81597;561
Si;5;20260105;200000;81595;81600;81579;81579;686
Si;5;20260105;200500;81580;81586;81568;81576;552
Si;5;20260105;201000;81580;81587;81551;81552;243
Si;5;20260105;201500;81551;81578;81542;81549;453
Si;5;20260105;202000;81558;81578;81550;81562;362
Si;5;20260105;202500;81561;81583;81556;81556;210
Si;5;20260105;203000;81557;81586;81555;81573;431
Si;5;20260105;203500;81580;81580;81560;81574;189
Si;5;20260105;204000;81567;81580;81567;81572;162
Si;5;20260105;204500;81573;81580;81566;81577;106
Si;5;20260105;205000;81574;81574;81552;81552;170
Si;5;20260105;205500;81552;81553;81551;81551;181
Si;5;20260105;210000;81551;81566;81549;81554;313
Si;5;20260105;210500;81552;81574;81552;81572;122
Si;5;20260105;211000;81565;81578;81565;81565;103
Si;5;20260105;211500;81568;81572;81565;81567;63
Si;5;20260105;212000;81570;81601;81570;81598;474
Si;5;20260105;212500;81594;81604;81589;81604;307
Si;5;20260105;213000;81601;81604;81587;81591;326
Si;5;20260105;213500;81596;81606;81565;81590;503
Si;5;20260105;214000;81588;81588;81581;81582;42
Si;5;20260105;214500;81584;81590;81578;81590;74
Si;5;20260105;215000;81590;81623;81588;81609;326
Si;5;20260105;215500;81615;81633;81615;81626;438
Si;5;20260105;220000;81625;81634;81625;81628;281
Si;5;20260105;220500;81629;81771;81629;81754;6745
Si;5;20260105;221000;81751;81819;81707;81743;1982
Si;5;20260105;221500;81744;81770;81708;81708;435
Si;5;20260105;222000;81708;81709;81655;81655;1158
Si;5;20260105;222500;81660;81737;81660;81713;753
Si;5;20260105;223000;81719;81733;81671;81680;413
Si;5;20260105;223500;81675;81677;81655;81663;321
Si;5;20260105;224000;81663;81679;81656;81670;323
Si;5;20260105;224500;81676;81683;81667;81669;171
Si;5;20260105;225000;81669;81669;81667;81667;53
Si;5;20260105;225500;81669;81671;81655;81663;156
Si;5;20260105;230000;81660;81660;81650;81655;168
Si;5;20260105;230500;81656;81658;81640;81657;239
Si;5;20260105;231000;81657;81678;81654;81673;306
Si;5;20260105;231500;81670;81682;81664;81682;188
Si;5;20260105;232000;81682;81683;81661;81672;189
Si;5;20260105;232500;81680;81688;81669;81672;320
Si;5;20260105;233000;81669;81676;81660;81676;222
Si;5;20260105;233500;81674;81674;81663;81667;233
Si;5;20260105;234000;81665;81709;81661;81709;494
Si;5;20260105;234500;81709;81737;81660;81660;481
Si;5;20260106;085500;81714;81714;81714;81714;23
Si;5;20260106;090000;81714;81768;81633;81664;2950
Si;5;20260106;090500;81658;81666;81535;81586;3344
Si;5;20260106;091000;81578;81578;81486;81551;2874
Si;5;20260106;091500;81538;81620;81508;81584;2043
Si;5;20260106;092000;81582;81603;81523;81588;1048
Si;5;20260106;092500;81578;81616;81561;81561;718
Si;5;20260106;093000;81561;81625;81541;81613;1097
Si;5;20260106;093500;81611;81625;81570;81580;486
Si;5;20260106;094000;81576;81622;81566;81622;940
Si;5;20260106;094500;81621;81700;81615;81686;1731
Si;5;20260106;095000;81688;81718;81672;81713;1305
Si;5;20260106;095500;81713;81797;81704;81753;3219
Si;5;20260106;100000;81741;81853;81477;81548;17467
Si;5;20260106;100500;81550;81550;81250;81310;14921
Si;5;20260106;101000;81310;81378;81235;81343;9724
Si;5;20260106;101500;81343;81356;81117;81197;11204
Si;5;20260106;102000;81199;81199;81016;81142;10679
Si;5;20260106;102500;81141;81150;81035;81048;4464
Si;5;20260106;103000;81046;81123;81040;81084;5646
Si;5;20260106;103500;81084;81176;81071;81151;3684
Si;5;20260106;104000;81150;81166;81040;81047;5082
Si;5;20260106;104500;81047;81150;81040;81150;4607
Si;5;20260106;105000;81150;81366;81141;81308;7308
Si;5;20260106;105500;81305;81348;81278;81309;4631
Si;5;20260106;110000;81307;81307;81221;81250;2648
Si;5;20260106;110500;81250;81390;81231;81369;2928
Si;5;20260106;111000;81369;81377;81287;81313;1471
Si;5;20260106;111500;81318;81318;81219;81283;1625
Si;5;20260106;112000;81280;81361;81264;81325;1276
Si;5;20260106;112500;81324;81326;81288;81301;758
Si;5;20260106;113000;81301;81342;81276;81334;879
Si;5;20260106;113500;81331;81378;81321;81356;1278
Si;5;20260106;114000;81345;81363;81286;81291;1422
Si;5;20260106;114500;81293;81296;81251;81253;1035
Si;5;20260106;115000;81252;81346;81251;81313;1369
Si;5;20260106;115500;81312;81315;81222;81242;1547
Si;5;20260106;120000;81236;81239;81121;81156;3650
Si;5;20260106;120500;81167;81286;81135;81255;2660
Si;5;20260106;121000;81258;81345;81243;81303;4820
Si;5;20260106;121500;81288;81330;81273;81323;2899
Si;5;20260106;122000;81320;81329;81270;81280;899
Si;5;20260106;122500;81285;81293;81250;81273;950
Si;5;20260106;123000;81272;81295;81237;81258;1217
Si;5;20260106;123500;81258;81308;81248;81264;685
Si;5;20260106;124000;81263;81308;81250;81305;651
Si;5;20260106;124500;81301;81301;81243;81245;1232
Si;5;20260106;125000;81245;81260;81234;81241;609
Si;5;20260106;125500;81241;81267;81225;81252;1030
Si;5;20260106;130000;81249;81314;81234;81303;1262
Si;5;20260106;130500;81304;81311;81280;81303;552
Si;5;20260106;131000;81297;81317;81279;81282;619
Si;5;20260106;131500;81279;81302;81254;81271;1003
Si;5;20260106;132000;81271;81485;81262;81445;8007
Si;5;20260106;132500;81437;81592;81405;81524;6569
Si;5;20260106;133000;81518;81573;81495;81540;3112
Si;5;20260106;133500;81539;81547;81455;81472;2356
Si;5;20260106;134000;81474;81554;81465;81553;1553
Si;5;20260106;134500;81549;81593;81530;81546;1532
Si;5;20260106;135000;81545;81559;81476;81507;1650
Si;5;20260106;135500;81506;81524;81463;81492;993
Si;5;20260106;140500;81492;81507;81412;81441;2339
Si;5;20260106;141000;81443;81443;81327;81332;2038
Si;5;20260106;141500;81342;81389;81292;81384;1960
Si;5;20260106;142000;81384;81401;81349;81369;1227
Si;5;20260106;142500;81369;81395;81357;81377;493
Si;5;20260106;143000;81375;81375;81325;81351;1240
Si;5;20260106;143500;81354;81354;81320;81340;635
Si;5;20260106;144000;81339;81400;81301;81400;1848
Si;5;20260106;144500;81401;81430;81383;81383;1036
Si;5;20260106;145000;81381;81381;81343;81360;795
Si;5;20260106;145500;81365;81365;81325;81330;600
Si;5;20260106;150000;81330;81357;81303;81316;820
Si;5;20260106;150500;81311;81311;81245;81247;1629
Si;5;20260106;151000;81246;81262;81210;81225;1908
Si;5;20260106;151500;81225;81270;81211;81244;1118
Si;5;20260106;152000;81244;81244;81100;81151;3823
Si;5;20260106;152500;81153;81207;81126;81141;1907
Si;5;20260106;153000;81139;81190;81119;81153;1282
Si;5;20260106;153500;81158;81167;81119;81120;709
Si;5;20260106;154000;81119;81150;81077;81127;2767
Si;5;20260106;154500;81127;81272;81123;81165;4447
Si;5;20260106;155000;81164;81194;81160;81172;1238
Si;5;20260106;155500;81166;81265;81162;81264;1383
Si;5;20260106;160000;81260;81269;81210;81222;705
Si;5;20260106;160500;81221;81226;81198;81205;352
Si;5;20260106;161000;81201;81235;81193;81235;470
Si;5;20260106;161500;81230;81231;81204;81210;160
Si;5;20260106;162000;81205;81205;81178;81189;455
Si;5;20260106;162500;81182;81182;81148;81155;1289
Si;5;20260106;163000;81155;81188;81135;81186;906
Si;5;20260106;163500;81185;81185;81158;81168;282
Si;5;20260106;164000;81165;81182;81145;81145;738
Si;5;20260106;164500;81145;81145;81108;81110;722
Si;5;20260106;165000;81111;81150;81107;81132;812
Si;5;20260106;165500;81132;81172;81128;81150;1189
Si;5;20260106;170000;81149;81164;81137;81150;698
Si;5;20260106;170500;81146;81167;81133;81141;474
Si;5;20260106;171000;81140;81175;81138;81167;488
Si;5;20260106;171500;81169;81194;81155;81162;858
Si;5;20260106;172000;81162;81171;81155;81166;329
Si;5;20260106;172500;81168;81212;81167;81205;698
Si;5;20260106;173000;81206;81206;81171;81183;671
Si;5;20260106;173500;81184;81185;81150;81150;631
Si;5;20260106;174000;81150;81151;80900;81007;16843
Si;5;20260106;174500;81006;81011;80809;80859;9724
Si;5;20260106;175000;80857;80898;80836;80846;3276
Si;5;20260106;175500;80846;80875;80777;80794;3576
Si;5;20260106;180000;80795;80795;80713;80768;5814
Si;5;20260106;180500;80768;80834;80760;80818;2510
Si;5;20260106;181000;80816;80888;80816;80882;2028
Si;5;20260106;181500;80883;80906;80806;80815;1368
Si;5;20260106;182000;80814;80892;80802;80881;837
Si;5;20260106;182500;80890;80921;80828;80849;1325
Si;5;20260106;183000;80849;80891;80838;80889;1018
Si;5;20260106;183500;80889;80896;80850;80871;1650
Si;5;20260106;184000;80870;80881;80853;80858;989
Si;5;20260106;184500;80859;80860;80814;80818;1647
Si;5;20260106;190500;80816;80860;80800;80825;1039
Si;5;20260106;191000;80826;80842;80814;80839;325
Si;5;20260106;191500;80840;80840;80826;80837;259
Si;5;20260106;192000;80835;80837;80823;80828;181
Si;5;20260106;192500;80829;80830;80803;80806;542
Si;5;20260106;193000;80807;80835;80804;80834;289
Si;5;20260106;193500;80834;80841;80834;80841;259
Si;5;20260106;194000;80840;80842;80840;80842;173
Si;5;20260106;194500;80841;80845;80841;80845;178
Si;5;20260106;195000;80845;80848;80844;80848;206
Si;5;20260106;195500;80847;80849;80845;80848;130
Si;5;20260106;200000;80847;80851;80844;80851;189
Si;5;20260106;200500;80851;80851;80848;80850;144
Si;5;20260106;201000;80850;80854;80848;80854;332
Si;5;20260106;201500;80854;80855;80852;80853;141
Si;5;20260106;202000;80854;80857;80853;80855;143
Si;5;20260106;202500;80856;80874;80855;80865;432
Si;5;20260106;203000;80865;80872;80865;80869;246
Si;5;20260106;203500;80869;80869;80864;80866;247
Si;5;20260106;204000;80868;80868;80866;80866;136
Si;5;20260106;204500;80866;80867;80857;80859;152
Si;5;20260106;205000;80858;80858;80846;80846;291
Si;5;20260106;205500;80847;80847;80845;80846;183
Si;5;20260106;210000;80845;80846;80845;80845;44
Si;5;20260106;210500;80846;80858;80846;80851;209
Si;5;20260106;211000;80851;80856;80844;80844;160
Si;5;20260106;211500;80844;80844;80829;80829;195
Si;5;20260106;212000;80834;80840;80823;80823;100
Si;5;20260106;212500;80823;80848;80823;80847;190
Si;5;20260106;213000;80846;80853;80828;80840;71
Si;5;20260106;213500;80839;80839;80838;80838;89
Si;5;20260106;214000;80838;80839;80837;80839;93
Si;5;20260106;214500;80839;80839;80836;80836;148
Si;5;20260106;215000;80838;80839;80828;80831;179
Si;5;20260106;215500;80832;80834;80822;80829;289
Si;5;20260106;220000;80833;80834;80819;80830;636
Si;5;20260106;220500;80829;80831;80817;80817;215
Si;5;20260106;221000;80817;80820;80816;80816;288
Si;5;20260106;221500;80820;80836;80805;80836;404
Si;5;20260106;222000;80836;80850;80828;80830;401
Si;5;20260106;222500;80830;80840;80829;80840;157
Si;5;20260106;223000;80839;80854;80829;80852;299
Si;5;20260106;223500;80844;80858;80844;80855;139
Si;5;20260106;224000;80853;80860;80853;80860;44
Si;5;20260106;224500;80860;80860;80854;80857;149
Si;5;20260106;225000;80856;80857;80855;80855;106
Si;5;20260106;225500;80856;80871;80855;80866;134
Si;5;20260106;230000;80866;80866;80862;80864;172
Si;5;20260106;230500;80862;80881;80862;80873;440
Si;5;20260106;231000;80874;80876;80873;80876;83
Si;5;20260106;231500;80874;80881;80869;80869;167
Si;5;20260106;232000;80869;80873;80866;80872;42
Si;5;20260106;232500;80869;80889;80867;80880;298
Si;5;20260106;233000;80879;80887;80846;80847;256
Si;5;20260106;233500;80847;80864;80832;80832;112
Si;5;20260106;234000;80839;80869;80826;80850;202
Si;5;20260106;234500;80850;80899;80845;80870;598
Si;5;20260108;085500;80946;80946;80928;80928;259
Si;5;20260108;090000;80946;81180;80940;81137;6213
Si;5;20260108;090500;81134;81199;81092;81094;3320
Si;5;20260108;091000;81100;81134;81050;81091;1484
Si;5;20260108;091500;81079;81094;80986;81011;1795
Si;5;20260108;092000;81012;81090;81010;81076;1231
Si;5;20260108;092500;81078;81160;81078;81155;2838
Si;5;20260108;093000;81141;81156;81050;81078;3504
Si;5;20260108;093500;81078;81109;81030;81065;2197
Si;5;20260108;094000;81065;81114;81065;81090;1166
Si;5;20260108;094500;81093;81107;81072;81075;745
Si;5;20260108;095000;81075;81111;81060;81106;1455
Si;5;20260108;095500;81101;81126;80924;81035;5221
Si;5;20260108;100000;81022;81233;80924;81091;13638
Si;5;20260108;100500;81091;81115;80740;80781;13182
Si;5;20260108;101000;80781;80829;80607;80817;12829
Si;5;20260108;101500;80816;80816;80613;80714;6668
Si;5;20260108;102000;80723;80728;80610;80662;2864
Si;5;20260108;102500;80663;80799;80620;80786;3459
Si;5;20260108;103000;80783;81019;80700;80964;10329
Si;5;20260108;103500;80964;81136;80933;81031;7323
Si;5;20260108;104000;81031;81143;81031;81069;4247
Si;5;20260108;104500;81066;81210;81066;81140;6876
Si;5;20260108;105000;81147;81436;81142;81334;17492
Si;5;20260108;105500;81332;81379;81238;81331;6515
Si;5;20260108;110000;81331;81495;81290;81405;10411
Si;5;20260108;110500;81406;81489;81359;81460;4671
Si;5;20260108;111000;81462;81470;81354;81368;5492
Si;5;20260108;111500;81376;81415;81244;81350;6907
Si;5;20260108;112000;81349;81396;81280;81321;2456
Si;5;20260108;112500;81321;81388;81318;81360;1876
Si;5;20260108;113000;81367;81392;81304;81311;1579
Si;5;20260108;113500;81305;81382;81305;81381;895
Si;5;20260108;114000;81381;81400;81345;81350;2800
Si;5;20260108;114500;81350;81397;81350;81360;1375
Si;5;20260108;115000;81374;81375;81352;81357;544
Si;5;20260108;115500;81357;81366;81344;81365;417
Si;5;20260108;120000;81362;81420;81244;81258;9966
Si;5;20260108;120500;81259;81322;81135;81293;4924
Si;5;20260108;121000;81296;81299;81205;81274;2352
Si;5;20260108;121500;81276;81327;81188;81200;2969
Si;5;20260108;122000;81196;81311;81164;81311;2104
Si;5;20260108;122500;81311;81325;81261;81261;1111
Si;5;20260108;123000;81262;81357;81262;81334;1851
Si;5;20260108;123500;81335;81375;81335;81365;1498
Si;5;20260108;124000;81365;81380;81300;81322;1656
Si;5;20260108;124500;81322;81331;81296;81327;765
Si;5;20260108;125000;81325;81390;81325;81383;1718
Si;5;20260108;125500;81386;81394;81360;81394;704
Si;5;20260108;130000;81394;81420;81366;81372;4416
Si;5;20260108;130500;81373;81380;81326;81351;1211
Si;5;20260108;131000;81357;81360;81312;81320;1824
Si;5;20260108;131500;81324;81379;81318;81328;1755
Si;5;20260108;132000;81326;81356;81266;81292;1879
Si;5;20260108;132500;81296;81313;81250;81251;1407
Si;5;20260108;133000;81259;81272;81186;81195;2085
Si;5;20260108;133500;81195;81259;81173;81173;2109
Si;5;20260108;134000;81174;81228;81170;81219;1233
Si;5;20260108;134500;81218;81225;81175;81190;1105
Si;5;20260108;135000;81192;81215;81163;81166;1205
Si;5;20260108;135500;81168;81169;81086;81130;5437
Si;5;20260108;140500;81121;81162;81072;81161;4177
Si;5;20260108;141000;81160;81167;81142;81156;1129
Si;5;20260108;141500;81158;81168;81128;81135;857
Si;5;20260108;142000;81132;81140;81058;81058;1551
Si;5;20260108;142500;81058;81128;80996;81048;5795
Si;5;20260108;143000;81045;81075;80910;81067;5354
Si;5;20260108;143500;81067;81075;80996;81063;1255
Si;5;20260108;144000;81063;81143;81051;81130;1899
Si;5;20260108;144500;81129;81157;81100;81139;2714
Si;5;20260108;145000;81139;81140;81111;81134;766
Si;5;20260108;145500;81134;81161;81133;81161;856
Si;5;20260108;150000;81161;81191;81147;81150;2644
Si;5;20260108;150500;81152;81270;81000;81002;6479
Si;5;20260108;151000;81002;81048;80963;81030;2338
Si;5;20260108;151500;81033;81153;81026;81124;2683
Si;5;20260108;152000;81124;81124;81033;81052;1247
Si;5;20260108;152500;81049;81093;81049;81085;787
Si;5;20260108;153000;81085;81100;81072;81092;768
Si;5;20260108;153500;81092;81092;81068;81079;356
Si;5;20260108;154000;81078;81078;81046;81051;539
Si;5;20260108;154500;81052;81125;81051;81103;1162
Si;5;20260108;155000;81106;81127;81065;81118;456
Si;5;20260108;155500;81118;81122;81065;81068;525
Si;5;20260108;160000;81068;81070;80982;81029;1679
Si;5;20260108;160500;81033;81110;81028;81062;887
Si;5;20260108;161000;81059;81059;81018;81018;480
Si;5;20260108;161500;81013;81021;80868;80883;3338
Si;5;20260108;162000;80882;80883;80826;80859;5669
Si;5;20260108;162500;80859;80906;80835;80842;3069
Si;5;20260108;163000;80843;80844;80731;80784;7373
Si;5;20260108;163500;80782;80828;80711;80762;4043
Si;5;20260108;164000;80759;80794;80700;80750;3930
Si;5;20260108;164500;80735;80771;80674;80753;3843
Si;5;20260108;165000;80754;80885;80727;80855;4319
Si;5;20260108;165500;80864;80880;80706;80709;3775
Si;5;20260108;170000;80712;80712;80631;80706;5955
Si;5;20260108;170500;80705;80706;80649;80657;4877
Si;5;20260108;171000;80654;80667;80579;80644;7281
Si;5;20260108;171500;80643;80643;80584;80606;6508
Si;5;20260108;172000;80604;80637;80593;80636;2648
Si;5;20260108;172500;80636;80708;80625;80696;3865
Si;5;20260108;173000;80694;80698;80652;80697;1754
Si;5;20260108;173500;80697;80697;80668;80669;2468
Si;5;20260108;174000;80669;80691;80664;80689;1397
Si;5;20260108;174500;80688;80709;80680;80708;1754
Si;5;20260108;175000;80707;80760;80707;80742;2058
Si;5;20260108;175500;80739;80753;80704;80704;1076
Si;5;20260108;180000;80705;80706;80619;80650;2709
Si;5;20260108;180500;80650;80681;80634;80663;861
Si;5;20260108;181000;80663;80721;80644;80704;1852
Si;5;20260108;181500;80704;80740;80654;80683;2537
Si;5;20260108;182000;80685;80745;80685;80734;1250
Si;5;20260108;182500;80737;80743;80688;80714;1348
Si;5;20260108;183000;80701;80704;80683;80687;833
Si;5;20260108;183500;80686;80704;80686;80697;494
Si;5;20260108;184000;80697;80709;80650;80676;2517
Si;5;20260108;184500;80678;80693;80650;80693;2082
Si;5;20260108;190500;80698;80740;80662;80734;1839
Si;5;20260108;191000;80734;80779;80727;80764;1265
Si;5;20260108;191500;80763;80773;80746;80770;512
Si;5;20260108;192000;80770;80777;80756;80756;662
Si;5;20260108;192500;80759;80759;80749;80756;425
Si;5;20260108;193000;80756;80769;80756;80767;399
Si;5;20260108;193500;80767;80774;80760;80760;471
Si;5;20260108;194000;80772;80776;80767;80774;187
Si;5;20260108;194500;80775;80800;80775;80800;501
Si;5;20260108;195000;80800;80848;80798;80819;1598
Si;5;20260108;195500;80809;80838;80808;80838;311
Si;5;20260108;200000;80838;80838;80827;80827;202
Si;5;20260108;200500;80828;80847;80827;80829;490
Si;5;20260108;201000;80828;80829;80827;80829;85
Si;5;20260108;201500;80829;80861;80827;80836;520
Si;5;20260108;202000;80841;80861;80835;80847;331
Si;5;20260108;202500;80850;80858;80845;80848;165
Si;5;20260108;203000;80848;80857;80827;80832;324
Si;5;20260108;203500;80832;80832;80821;80830;244
Si;5;20260108;204000;80830;80830;80803;80803;373
Si;5;20260108;204500;80807;80811;80800;80800;202
Si;5;20260108;205000;80800;80800;80794;80794;328
Si;5;20260108;205500;80795;80795;80779;80781;149
Si;5;20260108;210000;80786;80786;80752;80769;413
Si;5;20260108;210500;80769;80779;80748;80754;474
Si;5;20260108;211000;80755;80772;80753;80771;199
Si;5;20260108;211500;80771;80779;80766;80769;104
Si;5;20260108;212000;80769;80788;80763;80786;251
Si;5;20260108;212500;80786;80793;80786;80793;84
Si;5;20260108;213000;80788;80793;80787;80788;24
Si;5;20260108;213500;80787;80788;80787;80787;41
Si;5;20260108;214000;80788;80788;80777;80777;51
Si;5;20260108;214500;80775;80798;80775;80797;152
Si;5;20260108;215000;80796;80798;80785;80787;78
Si;5;20260108;215500;80791;80805;80791;80800;329
Si;5;20260108;220000;80801;80810;80786;80809;574
Si;5;20260108;220500;80808;80810;80793;80793;285
Si;5;20260108;221000;80794;80807;80792;80803;88
Si;5;20260108;221500;80799;80810;80798;80804;278
Si;5;20260108;222000;80801;80801;80790;80792;122
Si;5;20260108;222500;80798;80801;80790;80799;80
Si;5;20260108;223000;80799;80804;80797;80800;61
Si;5;20260108;223500;80800;80801;80796;80801;80
Si;5;20260108;224000;80799;80803;80797;80803;27
Si;5;20260108;224500;80802;80802;80777;80792;233
Si;5;20260108;225000;80793;80806;80788;80801;120
Si;5;20260108;225500;80801;80806;80801;80806;74
Si;5;20260108;230000;80805;80810;80803;80807;149
Si;5;20260108;230500;80806;80815;80803;80814;110
Si;5;20260108;231000;80814;80814;80809;80814;93
Si;5;20260108;231500;80814;80814;80808;80808;78
Si;5;20260108;232000;80813;80815;80811;80813;161
Si;5;20260108;232500;80813;80814;80809;80814;101
Si;5;20260108;233000;80815;80818;80811;80813;181
Si;5;20260108;233500;80812;80819;80799;80802;158
Si;5;20260108;234000;80808;80820;80790;80791;348
Si;5;20260108;234500;80794;80820;80793;80793;600
Si;5;20260109;085500;80800;80800;80800;80800;14
Si;5;20260109;090000;80793;80855;80728;80795;1699
Si;5;20260109;090500;80797;80797;80723;80755;1179
Si;5;20260109;091000;80755;80756;80714;80727;721
Si;5;20260109;091500;80727;80743;80726;80731;303
Si;5;20260109;092000;80731;80731;80661;80679;1555
Si;5;20260109;092500;80679;80688;80652;80685;1530
Si;5;20260109;093000;80684;80684;80660;80677;248
Si;5;20260109;093500;80682;80776;80665;80749;1199
Si;5;20260109;094000;80750;80844;80747;80820;1717
Si;5;20260109;094500;80820;80905;80760;80761;3020
Si;5;20260109;095000;80761;80798;80754;80797;621
Si;5;20260109;095500;80798;80798;80681;80740;1091
Si;5;20260109;100000;80740;80775;80672;80706;5687
Si;5;20260109;100500;80708;80787;80608;80610;4947
Si;5;20260109;101000;80614;80698;80408;80453;15525
Si;5;20260109;101500;80453;80453;80230;80395;14170
Si;5;20260109;102000;80397;80419;80328;80381;6309
Si;5;20260109;102500;80387;80420;80356;80394;2998
Si;5;20260109;103000;80392;80399;80280;80394;9985
Si;5;20260109;103500;80394;80509;80368;80429;7836
Si;5;20260109;104000;80430;80546;80410;80499;3733
Si;5;20260109;104500;80492;80585;80478;80549;4428
Si;5;20260109;105000;80548;80548;80456;80516;1511
Si;5;20260109;105500;80519;80561;80490;80501;1675
Si;5;20260109;110000;80498;80498;80404;80473;4752
Si;5;20260109;110500;80473;80486;80463;80483;891
Si;5;20260109;111000;80481;80481;80357;80368;3558
Si;5;20260109;111500;80366;80378;80260;80368;5316
Si;5;20260109;112000;80368;80408;80271;80289;1502
Si;5;20260109;112500;80285;80317;80215;80249;3694
Si;5;20260109;113000;80246;80285;80202;80219;3448
Si;5;20260109;113500;80218;80304;80201;80206;2902
Si;5;20260109;114000;80207;80289;80206;80281;3275
Si;5;20260109;114500;80281;80281;80161;80218;3516
Si;5;20260109;115000;80213;80253;80190;80251;2835
Si;5;20260109;115500;80252;80275;80207;80212;1235
Si;5;20260109;120000;80211;80211;79955;80100;32898
Si;5;20260109;120500;80107;80160;80066;80084;4222
Si;5;20260109;121000;80084;80130;80035;80111;3139
Si;5;20260109;121500;80111;80114;79998;80076;6597
Si;5;20260109;122000;80075;80111;80013;80111;2855
Si;5;20260109;122500;80111;80137;80072;80113;2730
Si;5;20260109;123000;80112;80133;80081;80087;2034
Si;5;20260109;123500;80084;80114;80079;80104;963
Si;5;20260109;124000;80101;80103;80052;80071;2261
Si;5;20260109;124500;80071;80074;80052;80066;1220
Si;5;20260109;125000;80067;80135;80059;80108;1434
Si;5;20260109;125500;80109;80180;80104;80170;2833
Si;5;20260109;130000;80169;80170;80106;80142;2690
Si;5;20260109;130500;80141;80171;80082;80108;3212
Si;5;20260109;131000;80109;80167;80097;80154;2123
Si;5;20260109;131500;80155;80160;80128;80159;758
Si;5;20260109;132000;80159;80249;80159;80174;3552
Si;5;20260109;132500;80174;80212;80148;80189;1372
Si;5;20260109;133000;80189;80214;80170;80197;1273
Si;5;20260109;133500;80198;80198;80170;80188;990
Si;5;20260109;134000;80188;80190;80140;80160;1355
Si;5;20260109;134500;80161;80173;80133;80165;961
Si;5;20260109;135000;80166;80191;80140;80150;1392
Si;5;20260109;135500;80149;80149;80113;80132;1255
Si;5;20260109;140500;80132;80134;80057;80070;2107
Si;5;20260109;141000;80071;80137;80060;80087;1417
Si;5;20260109;141500;80086;80091;80050;80080;1264
Si;5;20260109;142000;80079;80112;80079;80109;520
Si;5;20260109;142500;80108;80135;80108;80126;547
Si;5;20260109;143000;80126;80203;80125;80188;1672
Si;5;20260109;143500;80187;80188;80174;80180;288
Si;5;20260109;144000;80180;80180;80109;80132;1061
Si;5;20260109;144500;80132;80132;80093;80111;641
Si;5;20260109;145000;80111;80148;80109;80141;760
Si;5;20260109;145500;80143;80154;80111;80126;788
Si;5;20260109;150000;80120;80141;80090;80091;1250
Si;5;20260109;150500;80091;80113;80077;80100;1155
Si;5;20260109;151000;80104;80107;80077;80077;321
Si;5;20260109;151500;80077;80094;80060;80081;852
Si;5;20260109;152000;80082;80087;80076;80076;143
Si;5;20260109;152500;80079;80100;80076;80088;593
Si;5;20260109;153000;80087;80098;80063;80092;1244
Si;5;20260109;153500;80093;80101;80092;80094;257
Si;5;20260109;154000;80094;80098;80083;80083;440
Si;5;20260109;154500;80084;80084;79920;79930;6551
Si;5;20260109;155000;79931;80170;79911;80162;9880
Si;5;20260109;155500;80164;80173;80092;80125;3877
Si;5;20260109;160000;80126;80126;80046;80049;2532
Si;5;20260109;160500;80049;80049;79972;79977;1853
Si;5;20260109;161000;79977;80038;79975;80006;1514
Si;5;20260109;161500;80006;80020;79994;80012;948
Si;5;20260109;162000;80012;80043;80010;80038;960
Si;5;20260109;162500;80036;80056;80036;80039;711
Si;5;20260109;163000;80040;80081;80023;80060;2101
Si;5;20260109;163500;80062;80081;80007;80011;1006
Si;5;20260109;164000;80011;80011;79961;79972;1676
Si;5;20260109;164500;79973;79973;79939;79967;1365
Si;5;20260109;165000;79967;80004;79950;80004;660
Si;5;20260109;165500;80004;80030;79998;80027;776
Si;5;20260109;170000;80028;80038;79968;79976;1499
Si;5;20260109;170500;79970;79972;79875;79879;3562
Si;5;20260109;171000;79879;79987;79861;79969;3210
Si;5;20260109;171500;79962;79962;79920;79929;842
Si;5;20260109;172000;79929;79939;79914;79930;1090
Si;5;20260109;172500;79930;79951;79929;79932;937
Si;5;20260109;173000;79932;79947;79928;79929;620
Si;5;20260109;173500;79928;79938;79893;79895;1344
Si;5;20260109;174000;79896;79923;79893;79922;574
Si;5;20260109;174500;79923;79969;79923;79933;1904
Si;5;20260109;175000;79933;79950;79927;79928;626
Si;5;20260109;175500;79927;79927;79906;79912;675
Si;5;20260109;180000;79912;79919;79860;79874;2542
Si;5;20260109;180500;79873;79873;79854;79870;920
Si;5;20260109;181000;79870;79920;79870;79909;1735
Si;5;20260109;181500;79909;79963;79892;79946;1362
Si;5;20260109;182000;79946;79951;79927;79928;593
Si;5;20260109;182500;79929;79953;79923;79953;726
Si;5;20260109;183000;79954;79958;79907;79907;1466
Si;5;20260109;183500;79913;79913;79865;79866;967
Si;5;20260109;184000;79865;79877;79850;79876;1865
Si;5;20260109;184500;79876;79914;79876;79903;1169
Si;5;20260109;190500;79890;79944;79879;79936;1830
Si;5;20260109;191000;79932;79989;79931;79951;1117
Si;5;20260109;191500;79950;79951;79910;79912;651
Si;5;20260109;192000;79912;79916;79884;79907;508
Si;5;20260109;192500;79908;79916;79908;79910;228
Si;5;20260109;193000;79909;79909;79889;79906;523
Si;5;20260109;193500;79906;79909;79902;79909;327
Si;5;20260109;194000;79908;79916;79900;79916;325
Si;5;20260109;194500;79917;79945;79916;79945;169
Si;5;20260109;195000;79944;79967;79944;79967;218
Si;5;20260109;195500;79968;79970;79927;79930;359
Si;5;20260109;200000;79931;79931;79897;79897;498
Si;5;20260109;200500;79897;79948;79897;79939;436
Si;5;20260109;201000;79940;79957;79936;79949;364
Si;5;20260109;201500;79949;79970;79945;79969;186
Si;5;20260109;202000;79970;79979;79962;79962;265
Si;5;20260109;202500;79962;79985;79960;79977;536
Si;5;20260109;203000;79976;79999;79975;79994;352
Si;5;20260109;203500;79994;80048;79992;80040;1804
Si;5;20260109;204000;80039;80073;80037;80073;807
Si;5;20260109;204500;80073;80074;80052;80052;627
Si;5;20260109;205000;80052;80052;80018;80032;577
Si;5;20260109;205500;80032;80045;80026;80030;293
Si;5;20260109;210000;80035;80042;80025;80025;151
Si;5;20260109;210500;80025;80030;80009;80022;543
Si;5;20260109;211000;80028;80050;80026;80043;238
Si;5;20260109;211500;80043;80048;80041;80041;242
Si;5;20260109;212000;80040;80040;80015;80034;431
Si;5;20260109;212500;80033;80041;80024;80041;186
Si;5;20260109;213000;80041;80047;80029;80047;322
Si;5;20260109;213500;80046;80046;80038;80038;70
Si;5;20260109;214000;80034;80036;80009;80009;290
Si;5;20260109;214500;80012;80012;80002;80008;215
Si;5;20260109;215000;80008;80012;80008;80011;176
Si;5;20260109;215500;80012;80031;80009;80024;65
Si;5;20260109;220000;80024;80024;80017;80019;77
Si;5;20260109;220500;80019;80027;80013;80023;242
Si;5;20260109;221000;80023;80023;80014;80015;354
Si;5;20260109;221500;80014;80022;79994;79994;322
Si;5;20260109;222000;80000;80000;79983;79998;160
Si;5;20260109;222500;79999;80013;79999;80013;120
Si;5;20260109;223000;80012;80013;80008;80008;182
Si;5;20260109;223500;80010;80010;79999;80007;203
Si;5;20260109;224000;80006;80026;79997;80001;310
Si;5;20260109;224500;80001;80001;79940;79943;711
Si;5;20260109;225000;79943;79963;79942;79953;385
Si;5;20260109;225500;79953;79981;79953;79977;101
Si;5;20260109;230000;79978;79988;79959;79959;491
Si;5;20260109;230500;79956;79960;79939;79947;378
Si;5;20260109;231000;79960;79973;79949;79956;183
Si;5;20260109;231500;79958;79958;79911;79922;569
Si;5;20260109;232000;79922;79922;79899;79900;697
Si;5;20260109;232500;79900;79923;79900;79923;166
Si;5;20260109;233000;79920;79920;79887;79887;475
Si;5;20260109;233500;79889;79913;79888;79900;830
Si;5;20260109;234000;79899;79920;79886;79900;1225
Si;5;20260109;234500;79899;79936;79860;79880;1188
Si;5;20260112;085500;79900;79900;79900;79900;117
Si;5;20260112;090000;79947;80094;79910;79992;7442
Si;5;20260112;090500;79993;80001;79901;79946;3331
Si;5;20260112;091000;79943;80050;79935;79984;2805
Si;5;20260112;091500;79984;79991;79800;79891;5076
Si;5;20260112;092000;79891;79891;79637;79691;8603
Si;5;20260112;092500;79688;79721;79643;79690;2774
Si;5;20260112;093000;79686;79765;79622;79761;2589
Si;5;20260112;093500;79762;79845;79754;79765;2545
Si;5;20260112;094000;79757;79832;79707;79816;1355
Si;5;20260112;094500;79819;79899;79815;79869;2988
Si;5;20260112;095000;79877;79895;79859;79867;2621
Si;5;20260112;095500;79867;79950;79862;79912;2633
Si;5;20260112;100000;79918;80194;79873;80164;15156
Si;5;20260112;100500;80164;80314;80057;80171;20491
Si;5;20260112;101000;80173;80347;80161;80296;11423
Si;5;20260112;101500;80298;80488;80249;80446;13425
Si;5;20260112;102000;80446;80617;80446;80509;13645
Si;5;20260112;102500;80516;80676;80466;80670;10705
Si;5;20260112;103000;80667;80780;80614;80725;14564
Si;5;20260112;103500;80733;80754;80630;80645;7523
Si;5;20260112;104000;80646;80695;80492;80542;8791
Si;5;20260112;104500;80543;80569;80473;80485;5073
Si;5;20260112;105000;80485;80500;80426;80493;6746
Si;5;20260112;105500;80498;80620;80494;80568;6787
Si;5;20260112;110000;80564;80664;80557;80568;6045
Si;5;20260112;110500;80570;80655;80569;80583;4428
Si;5;20260112;111000;80583;80642;80552;80595;5389
Si;5;20260112;111500;80593;80677;80593;80658;6631
Si;5;20260112;112000;80659;80666;80571;80577;4640
Si;5;20260112;112500;80577;80600;80482;80578;6431
Si;5;20260112;113000;80583;80600;80521;80542;4509
Si;5;20260112;113500;80542;80565;80484;80528;1737
Si;5;20260112;114000;80531;80551;80448;80491;2783
Si;5;20260112;114500;80491;80539;80466;80471;3015
Si;5;20260112;115000;80473;80480;80449;80479;2191
Si;5;20260112;115500;80479;80480;80425;80447;4726
Si;5;20260112;120000;80443;80448;80343;80387;13654
Si;5;20260112;120500;80387;80420;80324;80414;4707
Si;5;20260112;121000;80414;80416;80254;80276;12910
Si;5;20260112;121500;80276;80294;80227;80279;4920
Si;5;20260112;122000;80275;80275;80180;80219;6101
Si;5;20260112;122500;80219;80219;80144;80167;5775
Si;5;20260112;123000;80167;80300;80144;80278;7895
Si;5;20260112;123500;80277;80308;80233;80269;3535
Si;5;20260112;124000;80268;80310;80190;80190;3308
Si;5;20260112;124500;80190;80288;80182;80288;2807
Si;5;20260112;125000;80287;80335;80254;80323;2987
Si;5;20260112;125500;80323;80400;80314;80393;4486
Si;5;20260112;130000;80392;80427;80367;80382;2875
Si;5;20260112;130500;80387;80441;80330;80427;3876
Si;5;20260112;131000;80428;80428;80363;80402;1965
Si;5;20260112;131500;80402;80403;80333;80401;3249
Si;5;20260112;132000;80401;80483;80401;80466;6145
Si;5;20260112;132500;80463;80500;80436;80467;3472
Si;5;20260112;133000;80469;80479;80336;80341;4353
Si;5;20260112;133500;80338;80385;80280;80345;4274
Si;5;20260112;134000;80346;80350;80283;80288;2693
Si;5;20260112;134500;80289;80315;80225;80229;3156
Si;5;20260112;135000;80229;80229;80152;80174;5525
Si;5;20260112;135500;80179;80227;80144;80164;6239
Si;5;20260112;140500;80166;80172;80081;80125;6774
Si;5;20260112;141000;80126;80139;80111;80125;1959
Si;5;20260112;141500;80125;80139;80115;80134;1088
Si;5;20260112;142000;80134;80199;80124;80160;2206
Si;5;20260112;142500;80153;80165;80105;80136;1363
Si;5;20260112;143000;80138;80146;80112;80126;1521
Si;5;20260112;143500;80128;80153;80128;80147;1973
Si;5;20260112;144000;80148;80181;80142;80159;2131
Si;5;20260112;144500;80154;80162;80100;80101;4335
Si;5;20260112;145000;80102;80220;80100;80220;6402
Si;5;20260112;145500;80218;80252;80200;80228;2946
Si;5;20260112;150000;80230;80247;80202;80215;2347
Si;5;20260112;150500;80210;80214;80200;80207;5755
Si;5;20260112;151000;80204;80208;80152;80186;6991
Si;5;20260112;151500;80183;80235;80137;80177;2561
Si;5;20260112;152000;80167;80183;80121;80155;1386
Si;5;20260112;152500;80152;80155;80100;80149;4709
Si;5;20260112;153000;80150;80212;80110;80160;2882
Si;5;20260112;153500;80158;80158;80112;80144;1124
Si;5;20260112;154000;80143;80144;80100;80101;2053
Si;5;20260112;154500;80100;80308;80100;80293;10802
Si;5;20260112;155000;80294;80327;80109;80265;11136
Si;5;20260112;155500;80262;80350;80212;80238;10375
Si;5;20260112;160000;80238;80281;80208;80266;6031
Si;5;20260112;160500;80264;80312;80245;80285;5552
Si;5;20260112;161000;80285;80302;80248;80280;4681
Si;5;20260112;161500;80281;80302;80271;80277;4064
Si;5;20260112;162000;80272;80279;80116;80208;9848
Si;5;20260112;162500;80207;80274;80145;80266;7591
Si;5;20260112;163000;80265;80365;80263;80295;7907
Si;5;20260112;163500;80293;80300;80182;80282;8053
Si;5;20260112;164000;80277;80354;80264;80352;4524
Si;5;20260112;164500;80347;80444;80344;80367;10194
Si;5;20260112;165000;80363;80392;80289;80318;6969
Si;5;20260112;165500;80316;80391;80315;80375;4217
Si;5;20260112;170000;80373;80395;80313;80366;5033
Si;5;20260112;170500;80367;80395;80308;80332;6561
Si;5;20260112;171000;80332;80374;80316;80335;4704
Si;5;20260112;171500;80335;80350;80291;80317;4397
Si;5;20260112;172000;80318;80349;80306;80336;5137
Si;5;20260112;172500;80332;80350;80321;80337;4312
Si;5;20260112;173000;80334;80346;80223;80284;5613
Si;5;20260112;173500;80287;80304;80270;80272;1106
Si;5;20260112;174000;80274;80337;80233;80242;4788
Si;5;20260112;174500;80239;80300;80191;80297;1422
Si;5;20260112;175000;80298;80302;80296;80301;279
Si;5;20260112;175500;80302;80327;80266;80266;1095
Si;5;20260112;180000;80270;80285;80234;80285;1736
Si;5;20260112;180500;80283;80350;80283;80309;3170
Si;5;20260112;181000;80309;80339;80271;80337;2698
Si;5;20260112;181500;80337;80340;80270;80273;2571
Si;5;20260112;182000;80274;80297;80263;80277;858
Si;5;20260112;182500;80277;80287;80244;80268;1254
Si;5;20260112;183000;80266;80298;80243;80244;1830
Si;5;20260112;183500;80243;80247;80241;80244;848
Si;5;20260112;184000;80243;80254;80235;80248;1900
Si;5;20260112;184500;80248;80254;80220;80231;2240
Si;5;20260112;190500;80210;80274;80180;80187;1994
Si;5;20260112;191000;80187;80195;80164;80194;1213
Si;5;20260112;191500;80192;80192;80176;80179;748
Si;5;20260112;192000;80182;80272;80174;80235;1290
Si;5;20260112;192500;80234;80292;80232;80280;1148
Si;5;20260112;193000;80282;80296;80260;80290;1117
Si;5;20260112;193500;80291;80291;80273;80273;518
Si;5;20260112;194000;80273;80290;80273;80283;120
Si;5;20260112;194500;80283;80292;80283;80291;90
Si;5;20260112;195000;80292;80295;80276;80278;414
Si;5;20260112;195500;80277;80293;80276;80280;228
Si;5;20260112;200000;80280;80291;80269;80278;431
Si;5;20260112;200500;80279;80279;80261;80270;256
Si;5;20260112;201000;80270;80273;80254;80261;238
Si;5;20260112;201500;80261;80270;80260;80268;177
Si;5;20260112;202000;80269;80300;80268;80300;1048
Si;5;20260112;202500;80299;80300;80299;80300;646
Si;5;20260112;203000;80300;80321;80299;80308;437
Si;5;20260112;203500;80308;80341;80307;80341;582
Si;5;20260112;204000;80339;80349;80336;80340;408
Si;5;20260112;204500;80340;80340;80312;80313;288
Si;5;20260112;205000;80314;80332;80313;80323;182
Si;5;20260112;205500;80321;80331;80318;80318;125
Si;5;20260112;210000;80320;80333;80318;80332;214
Si;5;20260112;210500;80332;80338;80319;80329;277
Si;5;20260112;211000;80328;80333;80320;80322;55
Si;5;20260112;211500;80326;80328;80318;80318;216
Si;5;20260112;212000;80318;80330;80315;80330;128
Si;5;20260112;212500;80328;80336;80288;80303;441
Si;5;20260112;213000;80301;80301;80264;80265;312
Si;5;20260112;213500;80264;80283;80259;80283;210
Si;5;20260112;214000;80281;80281;80270;80274;19
Si;5;20260112;214500;80273;80307;80272;80302;171
Si;5;20260112;215000;80300;80300;80285;80286;58
Si;5;20260112;215500;80289;80295;80281;80295;70
Si;5;20260112;220000;80296;80296;80280;80285;88
Si;5;20260112;220500;80284;80319;80284;80308;202
Si;5;20260112;221000;80316;80340;80309;80340;441
Si;5;20260112;221500;80336;80427;80336;80373;2130
Si;5;20260112;222000;80382;80382;80336;80336;313
Si;5;20260112;222500;80341;80366;80341;80363;304
Si;5;20260112;223000;80360;80375;80347;80351;231
Si;5;20260112;223500;80351;80382;80351;80382;144
Si;5;20260112;224000;80382;80383;80360;80360;214
Si;5;20260112;224500;80361;80369;80357;80369;50
Si;5;20260112;225000;80373;80373;80357;80368;87
Si;5;20260112;225500;80359;80359;80358;80358;18
Si;5;20260112;230000;80358;80362;80341;80359;212
Si;5;20260112;230500;80347;80366;80347;80357;49
Si;5;20260112;231000;80355;80365;80354;80365;69
Si;5;20260112;231500;80365;80367;80364;80364;55
Si;5;20260112;232000;80364;80369;80358;80369;195
Si;5;20260112;232500;80360;80391;80360;80389;453
Si;5;20260112;233000;80379;80389;80355;80362;178
Si;5;20260112;233500;80359;80385;80355;80384;309
Si;5;20260112;234000;80376;80400;80350;80400;393
Si;5;20260112;234500;80399;80436;80399;80430;709
Si;5;20260113;085500;80440;80440;80440;80440;5
Si;5;20260113;090000;80440;80477;80380;80407;2024
Si;5;20260113;090500;80410;80410;80350;80396;922
Si;5;20260113;091000;80396;80465;80369;80446;850
Si;5;20260113;091500;80446;80550;80444;80476;3022
Si;5;20260113;092000;80474;80478;80435;80472;1778
Si;5;20260113;092500;80472;80481;80405;80419;1591
Si;5;20260113;093000;80412;80496;80377;80431;2496
Si;5;20260113;093500;80428;80428;80321;80371;1760
Si;5;20260113;094000;80371;80408;80352;80388;939
Si;5;20260113;094500;80381;80389;80354;80370;711
Si;5;20260113;095000;80365;80486;80323;80486;2116
Si;5;20260113;095500;80485;80535;80395;80403;6096
Si;5;20260113;100000;80402;80599;80332;80573;13896
Si;5;20260113;100500;80567;80615;80260;80298;13202
Si;5;20260113;101000;80300;80370;80230;80306;6667
Si;5;20260113;101500;80306;80359;80285;80316;6743
Si;5;20260113;102000;80309;80441;80305;80381;5141
Si;5;20260113;102500;80385;80419;80350;80411;4647
Si;5;20260113;103000;80411;80422;80296;80303;2807
Si;5;20260113;103500;80302;80317;80209;80275;7608
Si;5;20260113;104000;80276;80356;80259;80313;4103
Si;5;20260113;104500;80312;80314;80236;80272;8386
Si;5;20260113;105000;80271;80315;80206;80297;13438
Si;5;20260113;105500;80296;80307;80161;80230;12339
Si;5;20260113;110000;80219;80232;80163;80202;3360
Si;5;20260113;110500;80203;80203;80074;80086;11604
Si;5;20260113;111000;80085;80151;80059;80090;6946
Si;5;20260113;111500;80091;80120;80051;80118;4968
Si;5;20260113;112000;80116;80229;80095;80181;4102
Si;5;20260113;112500;80182;80264;80166;80224;3874
Si;5;20260113;113000;80224;80277;80214;80215;4381
Si;5;20260113;113500;80216;80258;80175;80224;2815
Si;5;20260113;114000;80224;80230;80167;80210;1218
Si;5;20260113;114500;80216;80299;80211;80262;4185
Si;5;20260113;115000;80262;80270;80185;80219;3661
Si;5;20260113;115500;80216;80278;80186;80274;1531
Si;5;20260113;120000;80273;80390;80256;80320;6060
Si;5;20260113;120500;80325;80388;80306;80334;3331
Si;5;20260113;121000;80335;80492;80335;80442;13900
Si;5;20260113;121500;80441;80589;80419;80523;11493
Si;5;20260113;122000;80527;80569;80523;80547;7082
Si;5;20260113;122500;80546;80553;80423;80496;11117
Si;5;20260113;123000;80496;80535;80475;80513;7928
Si;5;20260113;123500;80514;80536;80440;80454;7654
Si;5;20260113;124000;80454;80480;80405;80477;4160
Si;5;20260113;124500;80477;80490;80355;80432;5976
Si;5;20260113;125000;80432;80490;80432;80465;2704
Si;5;20260113;125500;80466;80490;80442;80469;3083
Si;5;20260113;130000;80468;80485;80364;80385;3617
Si;5;20260113;130500;80386;80460;80368;80455;2391
Si;5;20260113;131000;80456;80480;80438;80440;1744
Si;5;20260113;131500;80443;80489;80435;80488;2188
Si;5;20260113;132000;80488;80495;80466;80468;1336
Si;5;20260113;132500;80470;80519;80466;80496;3218
Si;5;20260113;133000;80496;80541;80496;80514;2721
Si;5;20260113;133500;80514;80565;80513;80537;3402
Si;5;20260113;134000;80538;80549;80505;80526;1902
Si;5;20260113;134500;80526;80548;80424;80473;4696
Si;5;20260113;135000;80475;80515;80421;80466;3278
Si;5;20260113;135500;80466;80489;80423;80448;3441
Si;5;20260113;140500;80447;80491;80438;80458;3293
Si;5;20260113;141000;80458;80470;80369;80381;3059
Si;5;20260113;141500;80377;80399;80370;80397;1896
Si;5;20260113;142000;80398;80416;80351;80365;1855
Si;5;20260113;142500;80363;80470;80363;80457;1495
Si;5;20260113;143000;80462;80477;80367;80367;3306
Si;5;20260113;143500;80368;80368;80327;80359;4372
Si;5;20260113;144000;80359;80412;80316;80326;3150
Si;5;20260113;144500;80335;80354;80301;80344;2307
Si;5;20260113;145000;80342;80390;80333;80382;1151
Si;5;20260113;145500;80380;80386;80355;80370;1261
Si;5;20260113;150000;80362;80372;80306;80327;889
Si;5;20260113;150500;80326;80364;80322;80356;1020
Si;5;20260113;151000;80356;80357;80325;80332;455
Si;5;20260113;151500;80332;80345;80317;80323;799
Si;5;20260113;152000;80323;80331;80312;80314;1412
Si;5;20260113;152500;80317;80330;80302;80304;1941
Si;5;20260113;153000;80305;80311;80227;80270;5946
Si;5;20260113;153500;80271;80271;80233;80257;2454
Si;5;20260113;154000;80264;80264;80188;80223;5977
Si;5;20260113;154500;80222;80249;80209;80249;1491
Si;5;20260113;155000;80248;80285;80230;80281;2098
Si;5;20260113;155500;80279;80297;80272;80297;882
Si;5;20260113;160000;80295;80299;80250;80274;2585
Si;5;20260113;160500;80275;80275;80192;80192;2779
Si;5;20260113;161000;80192;80204;80177;80196;2311
Si;5;20260113;161500;80198;80206;80145;80159;2263
Si;5;20260113;162000;80159;80159;79987;80066;34553
Si;5;20260113;162500;80066;80120;80050;80094;7678
Si;5;20260113;163000;80093;80098;80050;80052;4073
Si;5;20260113;163500;80052;80097;80050;80070;2510
Si;5;20260113;164000;80070;80107;80062;80092;1725
Si;5;20260113;164500;80084;80112;80062;80111;2052
Si;5;20260113;165000;80111;80128;80066;80122;2594
Si;5;20260113;165500;80123;80133;80088;80103;2232
Si;5;20260113;170000;80103;80104;80070;80096;2553
Si;5;20260113;170500;80097;80099;80077;80090;737
Si;5;20260113;171000;80088;80106;80081;80090;1018
Si;5;20260113;171500;80091;80223;80090;80181;9363
Si;5;20260113;172000;80184;80189;80126;80156;3388
Si;5;20260113;172500;80156;80175;80136;80157;2016
Si;5;20260113;173000;80155;80185;80153;80181;1388
Si;5;20260113;173500;80179;80182;80163;80180;1261
Si;5;20260113;174000;80179;80201;80116;80121;3496
Si;5;20260113;174500;80119;80126;80071;80091;5817
Si;5;20260113;175000;80093;80177;80091;80167;2436
Si;5;20260113;175500;80170;80197;80170;80185;1843
Si;5;20260113;180000;80181;80255;80180;80244;5942
Si;5;20260113;180500;80244;80270;80150;80165;6483
Si;5;20260113;181000;80170;80204;80105;80187;2880
Si;5;20260113;181500;80191;80277;80170;80276;3711
Si;5;20260113;182000;80276;80356;80261;80311;7619
Si;5;20260113;182500;80308;80381;80298;80329;4464
Si;5;20260113;183000;80334;80382;80323;80356;2213
Si;5;20260113;183500;80353;80357;80325;80349;1408
Si;5;20260113;184000;80341;80355;80279;80316;1614
Si;5;20260113;184500;80317;80319;80206;80250;4293
Si;5;20260113;190500;80241;80311;80241;80295;1554
Si;5;20260113;191000;80294;80303;80267;80274;774
Si;5;20260113;191500;80273;80294;80210;80294;939
Si;5;20260113;192000;80294;80339;80293;80319;403
Si;5;20260113;192500;80317;80327;80315;80327;209
Si;5;20260113;193000;80327;80340;80311;80317;352
Si;5;20260113;193500;80316;80327;80315;80315;139
Si;5;20260113;194000;80318;80326;80294;80307;383
Si;5;20260113;194500;80301;80308;80263;80276;530
Si;5;20260113;195000;80277;80277;80257;80265;513
Si;5;20260113;195500;80265;80282;80265;80278;151
Si;5;20260113;200000;80277;80285;80251;80259;382
Si;5;20260113;200500;80252;80252;80207;80222;764
Si;5;20260113;201000;80213;80216;80190;80190;757
Si;5;20260113;201500;80191;80227;80186;80225;364
Si;5;20260113;202000;80226;80276;80226;80262;319
Si;5;20260113;202500;80259;80263;80250;80263;83
Si;5;20260113;203000;80261;80262;80249;80259;187
Si;5;20260113;203500;80258;80269;80258;80269;242
Si;5;20260113;204000;80269;80269;80180;80185;589
Si;5;20260113;204500;80185;80237;80180;80232;437
Si;5;20260113;205000;80234;80244;80234;80239;119
Si;5;20260113;205500;80242;80242;80196;80220;375
Si;5;20260113;210000;80220;80220;80197;80216;203
Si;5;20260113;210500;80219;80243;80219;80239;208
Si;5;20260113;211000;80237;80269;80237;80268;280
Si;5;20260113;211500;80267;80292;80264;80290;393
Si;5;20260113;212000;80295;80300;80288;80296;223
Si;5;20260113;212500;80296;80296;80235;80235;893
Si;5;20260113;213000;80235;80235;80210;80219;365
Si;5;20260113;213500;80219;80226;80214;80217;82
Si;5;20260113;214000;80215;80229;80215;80223;165
Si;5;20260113;214500;80220;80242;80219;80230;80
Si;5;20260113;215000;80236;80241;80219;80239;252
Si;5;20260113;215500;80235;80249;80235;80249;245
Si;5;20260113;220000;80249;80286;80248;80273;642
Si;5;20260113;220500;80279;80279;80248;80249;203
Si;5;20260113;221000;80250;80285;80250;80285;148
Si;5;20260113;221500;80284;80314;80284;80313;218
Si;5;20260113;222000;80314;80314;80292;80292;240
Si;5;20260113;222500;80292;80297;80240;80260;340
Si;5;20260113;223000;80251;80258;80238;80258;209
Si;5;20260113;223500;80254;80268;80254;80268;90
Si;5;20260113;224000;80268;80315;80264;80309;361
Si;5;20260113;224500;80305;80312;80302;80306;358
Si;5;20260113;225000;80304;80307;80262;80262;333
Si;5;20260113;225500;80267;80283;80261;80282;108
Si;5;20260113;230000;80283;80284;80241;80258;370
Si;5;20260113;230500;80258;80262;80250;80250;15
Si;5;20260113;231000;80252;80257;80248;80248;126
Si;5;20260113;231500;80252;80265;80251;80262;46
Si;5;20260113;232000;80262;80262;80231;80239;345
Si;5;20260113;232500;80234;80245;80230;80245;192
Si;5;20260113;233000;80245;80263;80234;80261;593
Si;5;20260113;233500;80248;80263;80240;80242;181
Si;5;20260113;234000;80244;80258;80217;80230;501
Si;5;20260113;234500;80230;80330;80220;80330;1222
Si;5;20260114;085500;80328;80328;80328;80328;14
Si;5;20260114;090000;80326;80349;80222;80228;1780
Si;5;20260114;090500;80228;80228;80200;80222;990
Si;5;20260114;091000;80222;80253;80171;80187;1723
Si;5;20260114;091500;80188;80261;80134;80257;2260
Si;5;20260114;092000;80262;80297;80229;80252;1166
Si;5;20260114;092500;80250;80254;80203;80211;276
Si;5;20260114;093000;80211;80338;80162;80282;2089
Si;5;20260114;093500;80281;80314;80208;80238;921
Si;5;20260114;094000;80238;80242;80212;80212;329
Si;5;20260114;094500;80209;80295;80205;80279;1005
Si;5;20260114;095000;80278;80301;80218;80289;1965
Si;5;20260114;095500;80290;80327;80256;80285;1835
Si;5;20260114;100000;80284;80491;80265;80473;16666
Si;5;20260114;100500;80473;80534;80291;80340;22139
Si;5;20260114;101000;80339;80394;80225;80225;10192
Si;5;20260114;101500;80228;80260;80189;80242;7707
Si;5;20260114;102000;80242;80258;80152;80161;7631
Si;5;20260114;102500;80161;80164;80031;80126;10252
Si;5;20260114;103000;80126;80195;80114;80138;6487
Si;5;20260114;103500;80135;80162;80095;80141;2913
Si;5;20260114;104000;80141;80188;80113;80137;1877
Si;5;20260114;104500;80140;80192;80118;80166;2220
Si;5;20260114;105000;80166;80167;80118;80130;1047
Si;5;20260114;105500;80131;80168;80126;80155;941
Si;5;20260114;110000;80153;80183;80094;80160;6853
Si;5;20260114;110500;80160;80196;80144;80170;2306
Si;5;20260114;111000;80170;80181;80110;80139;8401
Si;5;20260114;111500;80131;80135;80041;80083;6710
Si;5;20260114;112000;80082;80082;80030;80061;11797
Si;5;20260114;112500;80061;80065;80043;80049;5334
Si;5;20260114;113000;80050;80085;79907;79925;17994
Si;5;20260114;113500;79924;79925;79727;79873;77470
Si;5;20260114;114000;79873;79925;79815;79924;24910
Si;5;20260114;114500;79923;79923;79842;79861;7090
Si;5;20260114;115000;79861;79889;79853;79882;3298
Si;5;20260114;115500;79885;79921;79866;79894;3198
Si;5;20260114;120000;79891;79980;79818;79912;12876
Si;5;20260114;120500;79911;79989;79910;79947;3956
Si;5;20260114;121000;79946;79995;79929;79982;3680
Si;5;20260114;121500;79979;79986;79910;79939;3938
Si;5;20260114;122000;79939;79998;79918;79959;3011
Si;5;20260114;122500;79959;79971;79943;79952;1780
Si;5;20260114;123000;79952;79992;79951;79953;2017
Si;5;20260114;123500;79953;79980;79950;79979;1125
Si;5;20260114;124000;79975;80016;79969;79989;1867
Si;5;20260114;124500;79989;80010;79989;79995;2161
Si;5;20260114;125000;79995;80067;79993;80001;7027
Si;5;20260114;125500;80001;80088;79998;80085;5352
Si;5;20260114;130000;80086;80119;80056;80061;5665
Si;5;20260114;130500;80059;80074;80018;80065;4111
Si;5;20260114;131000;80061;80061;80017;80045;3130
Si;5;20260114;131500;80040;80109;80031;80096;3516
Si;5;20260114;132000;80095;80096;80023;80034;3431
Si;5;20260114;132500;80033;80046;79951;79973;4633
Si;5;20260114;133000;79977;80031;79969;80000;3076
Si;5;20260114;133500;80000;80016;79982;79982;2614
Si;5;20260114;134000;79986;79987;79922;79960;3599
Si;5;20260114;134500;79956;79957;79932;79942;2356
Si;5;20260114;135000;79941;79954;79806;79829;8323
Si;5;20260114;135500;79828;79889;79731;79829;22289
Si;5;20260114;140500;79826;79845;79590;79670;37546
Si;5;20260114;141000;79669;79684;79626;79649;21026
Si;5;20260114;141500;79648;79768;79624;79745;27106
Si;5;20260114;142000;79747;79788;79691;79770;7849
Si;5;20260114;142500;79771;79774;79722;79762;3249
Si;5;20260114;143000;79762;79797;79744;79797;2642
Si;5;20260114;143500;79797;79844;79795;79843;2901
Si;5;20260114;144000;79842;79852;79825;79833;3643
Si;5;20260114;144500;79837;79919;79790;79884;7670
Si;5;20260114;145000;79884;79912;79853;79870;3728
Si;5;20260114;145500;79869;79885;79852;79870;2243
Si;5;20260114;150000;79870;79870;79814;79830;2812
Si;5;20260114;150500;79830;79836;79789;79795;4411
Si;5;20260114;151000;79797;79822;79763;79805;3854
Si;5;20260114;151500;79806;79836;79792;79810;7122
Si;5;20260114;152000;79809;79845;79806;79832;5136
Si;5;20260114;152500;79831;79832;79762;79821;5935
Si;5;20260114;153000;79827;79870;79800;79828;6365
Si;5;20260114;153500;79828;79862;79815;79856;2295
Si;5;20260114;154000;79856;79892;79830;79842;4855
Si;5;20260114;154500;79841;79871;79800;79818;3954
Si;5;20260114;155000;79817;79840;79788;79831;2485
Si;5;20260114;155500;79831;79848;79795;79810;2775
Si;5;20260114;160000;79810;79840;79776;79803;3412
Si;5;20260114;160500;79803;79816;79745;79815;4056
Si;5;20260114;161000;79815;79817;79755;79798;3643
Si;5;20260114;161500;79796;79796;79630;79730;22076
Si;5;20260114;162000;79727;79730;79651;79681;14552
Si;5;20260114;162500;79679;79727;79667;79688;11861
Si;5;20260114;163000;79688;79705;79667;79683;11467
Si;5;20260114;163500;79682;79690;79667;79673;11062
Si;5;20260114;164000;79673;79682;79605;79605;12113
Si;5;20260114;164500;79608;79661;79475;79651;33803
Si;5;20260114;165000;79646;79710;79591;79700;6609
Si;5;20260114;165500;79699;79710;79648;79661;5262
Si;5;20260114;170000;79658;79661;79582;79639;3696
Si;5;20260114;170500;79636;79671;79597;79635;4457
Si;5;20260114;171000;79636;79675;79621;79671;3024
Si;5;20260114;171500;79667;79671;79625;79637;2236
Si;5;20260114;172000;79636;79653;79614;79631;2219
Si;5;20260114;172500;79632;79637;79528;79606;3913
Si;5;20260114;173000;79606;79701;79557;79658;5267
Si;5;20260114;173500;79658;79694;79629;79693;3725
Si;5;20260114;174000;79694;79730;79681;79721;5059
Si;5;20260114;174500;79722;79740;79703;79728;3578
Si;5;20260114;175000;79725;79770;79711;79764;3323
Si;5;20260114;175500;79764;79770;79725;79751;4581
Si;5;20260114;180000;79750;79784;79736;79760;5100
Si;5;20260114;180500;79760;79777;79737;79770;2622
Si;5;20260114;181000;79770;79860;79752;79759;5774
Si;5;20260114;181500;79761;79772;79744;79754;1821
Si;5;20260114;182000;79751;79768;79699;79739;6604
Si;5;20260114;182500;79739;79776;79739;79742;4314
Si;5;20260114;183000;79743;79754;79725;79729;3768
Si;5;20260114;183500;79729;79730;79688;79695;3373
Si;5;20260114;184000;79694;79694;79578;79607;6745
Si;5;20260114;184500;79607;79659;79580;79659;5002
Si;5;20260114;190500;79664;79670;79550;79588;2007
Si;5;20260114;191000;79587;79621;79564;79620;1110
Si;5;20260114;191500;79617;79660;79617;79653;511
Si;5;20260114;192000;79653;79655;79581;79587;1245
Si;5;20260114;192500;79588;79617;79572;79591;741
Si;5;20260114;193000;79590;79591;79579;79587;194
Si;5;20260114;193500;79591;79621;79591;79615;201
Si;5;20260114;194000;79611;79615;79598;79604;390
Si;5;20260114;194500;79607;79620;79602;79620;275
Si;5;20260114;195000;79620;79641;79620;79630;435
Si;5;20260114;195500;79630;79652;79626;79652;335
Si;5;20260114;200000;79651;79662;79646;79651;346
Si;5;20260114;200500;79651;79655;79628;79636;230
Si;5;20260114;201000;79631;79644;79628;79635;126
Si;5;20260114;201500;79635;79636;79592;79600;418
Si;5;20260114;202000;79600;79644;79593;79644;344
Si;5;20260114;202500;79644;79653;79643;79652;216
Si;5;20260114;203000;79653;79653;79600;79629;740
Si;5;20260114;203500;79626;79650;79619;79650;252
Si;5;20260114;204000;79643;79684;79643;79684;666
Si;5;20260114;204500;79681;79700;79681;79698;941
Si;5;20260114;205000;79698;79699;79688;79691;138
Si;5;20260114;205500;79690;79691;79668;79674;494
Si;5;20260114;210000;79673;79700;79668;79699;239
Si;5;20260114;210500;79700;79705;79683;79684;343
Si;5;20260114;211000;79681;79682;79635;79638;274
Si;5;20260114;211500;79631;79633;79602;79613;483
Si;5;20260114;212000;79610;79610;79561;79570;633
Si;5;20260114;212500;79570;79620;79566;79613;278
Si;5;20260114;213000;79614;79624;79591;79594;418
Si;5;20260114;213500;79592;79596;79591;79593;175
Si;5;20260114;214000;79593;79599;79593;79598;43
Si;5;20260114;214500;79598;79616;79598;79614;108
Si;5;20260114;215000;79611;79622;79599;79600;352
Si;5;20260114;215500;79602;79613;79594;79613;255
Si;5;20260114;220000;79614;79623;79609;79614;133
Si;5;20260114;220500;79619;79619;79600;79600;119
Si;5;20260114;221000;79600;79600;79520;79525;1125
Si;5;20260114;221500;79524;79525;79374;79496;6148
Si;5;20260114;222000;79496;79497;79407;79462;1282
Si;5;20260114;222500;79462;79497;79462;79493;599
Si;5;20260114;223000;79491;79493;79462;79490;564
Si;5;20260114;223500;79490;79506;79489;79497;515
Si;5;20260114;224000;79494;79495;79487;79491;282
Si;5;20260114;224500;79491;79508;79490;79501;697
Si;5;20260114;225000;79502;79508;79500;79501;288
Si;5;20260114;225500;79501;79501;79499;79500;313
Si;5;20260114;230000;79500;79501;79493;79499;949
Si;5;20260114;230500;79498;79505;79497;79505;314
Si;5;20260114;231000;79506;79550;79501;79549;742
Si;5;20260114;231500;79536;79554;79523;79537;591
Si;5;20260114;232000;79536;79536;79522;79522;117
Si;5;20260114;232500;79522;79528;79509;79523;234
Si;5;20260114;233000;79522;79534;79504;79528;319
Si;5;20260114;233500;79528;79533;79526;79532;328
Si;5;20260114;234000;79537;79555;79500;79500;321
Si;5;20260114;234500;79500;79566;79496;79559;598
Si;5;20260115;085500;79551;79551;79551;79551;31
Si;5;20260115;090000;79552;79777;79540;79709;9909
Si;5;20260115;090500;79709;79750;79647;79745;3872
Si;5;20260115;091000;79743;79870;79743;79793;11176
Si;5;20260115;091500;79796;79855;79745;79771;3714
Si;5;20260115;092000;79771;79822;79708;79806;3216
Si;5;20260115;092500;79806;79813;79732;79763;793
Si;5;20260115;093000;79761;79779;79723;79725;1040
Si;5;20260115;093500;79724;79740;79660;79735;1906
Si;5;20260115;094000;79738;79831;79733;79760;2377
Si;5;20260115;094500;79763;79801;79763;79783;371
Si;5;20260115;095000;79782;79938;79778;79836;6470
Si;5;20260115;095500;79838;79845;79730;79750;2358
Si;5;20260115;100000;79750;79907;79731;79781;11112
Si;5;20260115;100500;79779;79831;79623;79640;7091
Si;5;20260115;101000;79636;79729;79565;79681;14071
Si;5;20260115;101500;79681;79750;79681;79729;3824
Si;5;20260115;102000;79734;79772;79615;79629;5065
Si;5;20260115;102500;79630;79700;79628;79676;3094
Si;5;20260115;103000;79674;79746;79663;79723;3381
Si;5;20260115;103500;79723;79761;79678;79710;3416
Si;5;20260115;104000;79713;79744;79588;79590;5146
Si;5;20260115;104500;79589;79666;79581;79640;4640
Si;5;20260115;105000;79630;79645;79601;79636;2134
Si;5;20260115;105500;79638;79727;79637;79699;9220
Si;5;20260115;110000;79699;79770;79693;79721;7610
Si;5;20260115;110500;79722;79759;79668;79715;10568
Si;5;20260115;111000;79715;79735;79684;79722;6561
Si;5;20260115;111500;79724;79781;79720;79738;7410
Si;5;20260115;112000;79743;79763;79719;79757;5127
Si;5;20260115;112500;79757;79876;79757;79832;7946
Si;5;20260115;113000;79832;79845;79743;79766;4942
Si;5;20260115;113500;79765;79811;79735;79806;4966
Si;5;20260115;114000;79807;79836;79776;79782;3459
Si;5;20260115;114500;79788;79882;79774;79810;12557
Si;5;20260115;115000;79810;79956;79797;79930;28778
Si;5;20260115;115500;79930;79965;79870;79921;17911
Si;5;20260115;120000;79926;79989;79830;79967;37120
Si;5;20260115;120500;79967;80088;79947;80050;43150
Si;5;20260115;121000;80051;80134;80028;80114;50985
Si;5;20260115;121500;80115;80165;80064;80157;38128
Si;5;20260115;122000;80157;80157;80041;80073;11779
Si;5;20260115;122500;80075;80099;80057;80084;5099
Si;5;20260115;123000;80085;80133;80066;80094;6091
Si;5;20260115;123500;80097;80103;80008;80080;6132
Si;5;20260115;124000;80080;80104;80067;80077;2926
Si;5;20260115;124500;80077;80099;80055;80081;2739
Si;5;20260115;125000;80081;80084;80004;80007;4651
Si;5;20260115;125500;80009;80051;80006;80051;1841
Si;5;20260115;130000;80051;80083;80013;80013;6654
Si;5;20260115;130500;80013;80059;80010;80020;3722
Si;5;20260115;131000;80021;80054;80008;80045;1966
Si;5;20260115;131500;80045;80062;80040;80055;1610
Si;5;20260115;132000;80056;80093;80048;80050;3405
Si;5;20260115;132500;80053;80091;80052;80084;2271
Si;5;20260115;133000;80085;80129;80069;80118;4455
Si;5;20260115;133500;80119;80218;80111;80191;17384
Si;5;20260115;134000;80190;80221;80141;80179;8207
Si;5;20260115;134500;80178;80236;80178;80210;9006
Si;5;20260115;135000;80209;80240;80194;80226;8215
Si;5;20260115;135500;80226;80240;80192;80230;3985
Si;5;20260115;140500;80227;80272;80221;80265;9824
Si;5;20260115;141000;80265;80310;80221;80289;17653
Si;5;20260115;141500;80285;80338;80265;80321;23891
Si;5;20260115;142000;80321;80338;80301;80301;17436
Si;5;20260115;142500;80302;80333;80279;80320;21437
Si;5;20260115;143000;80319;80335;80274;80309;20336
Si;5;20260115;143500;80308;80332;80279;80307;18578
Si;5;20260115;144000;80307;80340;80270;80287;18626
Si;5;20260115;144500;80288;80313;80232;80288;21298
Si;5;20260115;145000;80284;80342;80243;80339;18644
Si;5;20260115;145500;80339;80365;80299;80337;22133
Si;5;20260115;150000;80336;80354;80308;80347;19696
Si;5;20260115;150500;80348;80387;80230;80356;27634
Si;5;20260115;151000;80356;80371;80251;80275;6415
Si;5;20260115;151500;80275;80275;80217;80226;3608
Si;5;20260115;152000;80226;80246;80148;80198;11330
Si;5;20260115;152500;80199;80211;80158;80190;2878
Si;5;20260115;153000;80189;80203;80105;80110;7151
Si;5;20260115;153500;80115;80123;80032;80034;21225
Si;5;20260115;154000;80034;80080;80015;80061;26601
Si;5;20260115;154500;80058;80071;79980;79982;27817
Si;5;20260115;155000;79980;80095;79970;80070;17895
Si;5;20260115;155500;80071;80094;80068;80085;2219
Si;5;20260115;160000;80086;80091;79951;79967;5703
Si;5;20260115;160500;79969;80032;79950;80009;4550
Si;5;20260115;161000;80013;80055;80010;80042;2736
Si;5;20260115;161500;80047;80057;80012;80030;3083
Si;5;20260115;162000;80028;80046;80023;80042;788
Si;5;20260115;162500;80042;80048;79993;79999;2546
Si;5;20260115;163000;79999;80012;79975;79995;4320
Si;5;20260115;163500;79995;80011;79964;79968;2445
Si;5;20260115;164000;79969;80014;79959;80008;4514
Si;5;20260115;164500;80011;80011;79915;79940;4962
Si;5;20260115;165000;79936;79936;79868;79909;9538
Si;5;20260115;165500;79909;79944;79882;79918;2407
Si;5;20260115;170000;79918;79918;79760;79766;14556
Si;5;20260115;170500;79771;79771;79440;79518;51475
Si;5;20260115;171000;79514;79519;79272;79324;25724
Si;5;20260115;171500;79324;79362;79158;79313;32593
Si;5;20260115;172000;79318;79450;79291;79424;16424
Si;5;20260115;172500;79423;79432;79286;79293;10181
Si;5;20260115;173000;79297;79393;79252;79380;5376
Si;5;20260115;173500;79380;79552;79374;79499;12430
Si;5;20260115;174000;79498;79514;79450;79469;7176
Si;5;20260115;174500;79475;79534;79433;79441;6248
Si;5;20260115;175000;79440;79520;79423;79489;3499
Si;5;20260115;175500;79486;79495;79453;79475;3441
Si;5;20260115;180000;79475;79514;79440;79490;5814
Si;5;20260115;180500;79490;79560;79483;79530;5127
Si;5;20260115;181000;79526;79540;79492;79538;2291
Si;5;20260115;181500;79536;79538;79511;79518;2769
Si;5;20260115;182000;79519;79519;79394;79423;3864
Si;5;20260115;182500;79423;79459;79366;79374;3489
Si;5;20260115;183000;79374;79419;79339;79347;5454
Si;5;20260115;183500;79347;79383;79346;79357;2220
Si;5;20260115;184000;79357;79405;79353;79396;1329
Si;5;20260115;184500;79399;79426;79362;79379;2986
Si;5;20260115;190500;79351;79458;79351;79455;1991
Si;5;20260115;191000;79455;79473;79425;79426;1148
Si;5;20260115;191500;79427;79430;79384;79415;734
Si;5;20260115;192000;79414;79444;79410;79420;1373
Si;5;20260115;192500;79420;79420;79346;79379;1870
Si;5;20260115;193000;79379;79400;79371;79397;397
Si;5;20260115;193500;79392;79407;79384;79384;484
Si;5;20260115;194000;79392;79407;79382;79396;693
Si;5;20260115;194500;79397;79399;79394;79395;307
Si;5;20260115;195000;79394;79406;79394;79406;160
Si;5;20260115;195500;79405;79407;79376;79376;448
Si;5;20260115;200000;79376;79383;79345;79360;1109
Si;5;20260115;200500;79361;79397;79357;79380;666
Si;5;20260115;201000;79368;79381;79363;79375;167
Si;5;20260115;201500;79374;79374;79356;79361;771
Si;5;20260115;202000;79367;79383;79362;79380;418
Si;5;20260115;202500;79382;79383;79373;79374;335
Si;5;20260115;203000;79373;79436;79361;79436;714
Si;5;20260115;203500;79435;79435;79393;79393;505
Si;5;20260115;204000;79393;79414;79393;79414;78
Si;5;20260115;204500;79414;79434;79378;79378;652
Si;5;20260115;205000;79379;79381;79347;79369;931
Si;5;20260115;205500;79368;79369;79343;79354;308
Si;5;20260115;210000;79353;79376;79348;79357;196
Si;5;20260115;210500;79359;79360;79327;79338;824
Si;5;20260115;211000;79336;79341;79330;79330;178
Si;5;20260115;211500;79332;79334;79325;79326;176
Si;5;20260115;212000;79326;79345;79326;79343;270
Si;5;20260115;212500;79343;79355;79335;79351;110
Si;5;20260115;213000;79353;79360;79340;79345;237
Si;5;20260115;213500;79350;79360;79350;79360;137
Si;5;20260115;214000;79360;79363;79349;79349;90
Si;5;20260115;214500;79350;79359;79329;79354;521
Si;5;20260115;215000;79354;79376;79354;79358;426
Si;5;20260115;215500;79360;79379;79359;79375;171
Si;5;20260115;220000;79374;79393;79372;79390;681
Si;5;20260115;220500;79395;79400;79390;79392;290
Si;5;20260115;221000;79389;79391;79355;79356;262
Si;5;20260115;221500;79356;79377;79350;79377;325
Si;5;20260115;222000;79377;79394;79377;79390;218
Si;5;20260115;222500;79390;79396;79375;79375;116
Si;5;20260115;223000;79375;79389;79367;79378;463
Si;5;20260115;223500;79380;79402;79380;79400;475
Si;5;20260115;224000;79400;79410;79398;79405;299
Si;5;20260115;224500;79405;79409;79400;79401;179
Si;5;20260115;225000;79407;79407;79371;79371;575
Si;5;20260115;225500;79377;79392;79377;79392;142
Si;5;20260115;230000;79392;79406;79388;79388;491
Si;5;20260115;230500;79387;79404;79379;79404;312
Si;5;20260115;231000;79402;79409;79402;79409;198
Si;5;20260115;231500;79409;79449;79407;79433;877
Si;5;20260115;232000;79436;79438;79417;79426;287
Si;5;20260115;232500;79435;79436;79424;79425;155
Si;5;20260115;233000;79426;79432;79415;79429;250
Si;5;20260115;233500;79430;79439;79417;79439;259
Si;5;20260115;234000;79438;79450;79420;79420;317
Si;5;20260115;234500;79415;79468;79408;79460;1076
Si;5;20260116;085500;79460;79460;79460;79460;30
Si;5;20260116;090000;79459;79460;79361;79382;2631
Si;5;20260116;090500;79380;79436;79332;79334;1969
Si;5;20260116;091000;79333;79349;79284;79313;5282
Si;5;20260116;091500;79310;79317;79221;79236;2890
Si;5;20260116;092000;79237;79300;79198;79259;3150
Si;5;20260116;092500;79265;79270;79162;79173;3056
Si;5;20260116;093000;79172;79230;79056;79184;9321
Si;5;20260116;093500;79183;79269;79175;79268;2561
Si;5;20260116;094000;79267;79296;79251;79265;1410
Si;5;20260116;094500;79264;79275;79160;79161;2031
Si;5;20260116;095000;79160;79290;79144;79232;1812
Si;5;20260116;095500;79233;79250;79116;79116;1381
Si;5;20260116;100000;79123;79247;79008;79010;17391
Si;5;20260116;100500;79010;79056;78945;79006;16716
Si;5;20260116;101000;79005;79133;78990;79089;7565
Si;5;20260116;101500;79076;79328;79061;79260;13508
Si;5;20260116;102000;79258;79399;79256;79350;10919
Si;5;20260116;102500;79354;79422;79336;79404;8404
Si;5;20260116;103000;79402;79500;79388;79447;10067
Si;5;20260116;103500;79451;79500;79400;79423;5470
Si;5;20260116;104000;79419;79445;79372;79380;3320
Si;5;20260116;104500;79380;79426;79359;79393;3212
Si;5;20260116;105000;79393;79396;79346;79346;2056
Si;5;20260116;105500;79346;79362;79280;79286;5315
Si;5;20260116;110000;79281;79294;79236;79289;6663
Si;5;20260116;110500;79290;79301;79268;79291;3342
Si;5;20260116;111000;79293;79338;79227;79237;12055
Si;5;20260116;111500;79234;79255;79166;79171;4492
Si;5;20260116;112000;79172;79230;79120;79134;7568
Si;5;20260116;112500;79134;79180;79131;79155;4047
Si;5;20260116;113000;79156;79191;79123;79180;2752
Si;5;20260116;113500;79181;79248;79169;79207;2765
Si;5;20260116;114000;79204;79272;79199;79226;2091
Si;5;20260116;114500;79225;79242;79200;79240;1170
Si;5;20260116;115000;79242;79242;79204;79217;1255
Si;5;20260116;115500;79219;79226;79177;79200;979
Si;5;20260116;120000;79200;79205;79135;79179;6923
Si;5;20260116;120500;79174;79270;79171;79251;4042
Si;5;20260116;121000;79251;79378;79250;79351;7828
Si;5;20260116;121500;79350;79355;79245;79300;5133
Si;5;20260116;122000;79301;79340;79285;79318;2521
Si;5;20260116;122500;79318;79324;79214;79262;3846
Si;5;20260116;123000;79257;79293;79250;79266;1550
Si;5;20260116;123500;79268;79270;79200;79201;1884
Si;5;20260116;124000;79201;79230;79179;79225;1927
Si;5;20260116;124500;79224;79249;79186;79220;2514
Si;5;20260116;125000;79219;79239;79204;79212;1941
Si;5;20260116;125500;79212;79213;79179;79204;2330
Si;5;20260116;130000;79210;79210;79176;79182;2454
Si;5;20260116;130500;79183;79202;79162;79168;3351
Si;5;20260116;131000;79168;79212;79161;79212;2846
Si;5;20260116;131500;79212;79212;79100;79136;6498
Si;5;20260116;132000;79134;79158;79117;79141;2356
Si;5;20260116;132500;79137;79158;79102;79104;2354
Si;5;20260116;133000;79104;79133;79092;79126;4210
Si;5;20260116;133500;79125;79156;79103;79141;5154
Si;5;20260116;134000;79141;79167;79112;79148;2512
Si;5;20260116;134500;79148;79231;79136;79206;6962
Si;5;20260116;135000;79199;79225;79135;79158;2447
Si;5;20260116;135500;79161;79170;79112;79168;4314
Si;5;20260116;140500;79160;79198;79138;79139;7485
Si;5;20260116;141000;79141;79200;79133;79187;2152
Si;5;20260116;141500;79189;79215;79177;79191;765
Si;5;20260116;142000;79192;79224;79191;79202;720
Si;5;20260116;142500;79202;79249;79192;79230;1737
Si;5;20260116;143000;79232;79294;79221;79221;5040
Si;5;20260116;143500;79221;79282;79182;79188;10881
Si;5;20260116;144000;79188;79195;79130;79187;14663
Si;5;20260116;144500;79187;79214;79150;79201;4143
Si;5;20260116;145000;79201;79204;79111;79161;2986
Si;5;20260116;145500;79153;79245;79152;79240;1881
Si;5;20260116;150000;79239;79277;79225;79226;1899
Si;5;20260116;150500;79226;79244;79207;79218;1344
Si;5;20260116;151000;79218;79280;79204;79270;1943
Si;5;20260116;151500;79271;79357;79271;79345;8457
Si;5;20260116;152000;79346;79377;79275;79291;7986
Si;5;20260116;152500;79292;79296;79271;79283;1363
Si;5;20260116;153000;79291;79317;79282;79302;1613
Si;5;20260116;153500;79307;79356;79299;79318;2013
Si;5;20260116;154000;79318;79389;79317;79364;2495
Si;5;20260116;154500;79356;79370;79321;79331;1651
Si;5;20260116;155000;79333;79352;79326;79352;1119
Si;5;20260116;155500;79353;79360;79310;79344;2006
Si;5;20260116;160000;79349;79369;79280;79300;2084
Si;5;20260116;160500;79300;79304;79170;79226;5541
Si;5;20260116;161000;79221;79236;79205;79232;1538
Si;5;20260116;161500;79230;79334;79209;79291;4885
Si;5;20260116;162000;79290;79318;79276;79297;3973
Si;5;20260116;162500;79296;79317;79289;79317;2600
Si;5;20260116;163000;79318;79339;79265;79322;2738
Si;5;20260116;163500;79321;79322;79287;79320;1486
Si;5;20260116;164000;79321;79420;79298;79307;6905
Si;5;20260116;164500;79306;79348;79270;79295;1800
Si;5;20260116;165000;79296;79369;79215;79337;4984
Si;5;20260116;165500;79331;79350;79328;79349;1522
Si;5;20260116;170000;79349;79350;79325;79328;1167
Si;5;20260116;170500;79327;79327;79288;79303;3001
Si;5;20260116;171000;79302;79308;79274;79292;1249
Si;5;20260116;171500;79293;79297;79283;79290;750
Si;5;20260116;172000;79290;79298;79269;79298;1851
Si;5;20260116;172500;79296;79327;79270;79278;1569
Si;5;20260116;173000;79278;79675;79265;79583;74033
Si;5;20260116;173500;79583;79610;79520;79566;36198
Si;5;20260116;174000;79564;79575;79445;79481;34949
Si;5;20260116;174500;79480;79539;79464;79536;31142
Si;5;20260116;175000;79536;79576;79480;79541;34150
Si;5;20260116;175500;79541;79569;79526;79557;32065
Si;5;20260116;180000;79558;79641;79487;79505;35637
Si;5;20260116;180500;79506;79558;79487;79529;31609
Si;5;20260116;181000;79529;79563;79517;79532;34208
Si;5;20260116;181500;79532;79594;79527;79593;35131
Si;5;20260116;182000;79593;79594;79470;79577;11205
Si;5;20260116;182500;79583;79625;79550;79616;4851
Si;5;20260116;183000;79615;79638;79563;79576;6389
Si;5;20260116;183500;79570;79621;79556;79617;3787
Si;5;20260116;184000;79615;79650;79600;79645;4142
Si;5;20260116;184500;79645;79655;79604;79620;6070
Si;5;20260116;190500;79615;79632;79531;79533;2286
Si;5;20260116;191000;79537;79537;79495;79523;1595
Si;5;20260116;191500;79519;79522;79473;79490;1365
Si;5;20260116;192000;79493;79497;79466;79480;1663
Si;5;20260116;192500;79480;79535;79479;79530;745
Si;5;20260116;193000;79532;79535;79505;79530;891
Si;5;20260116;193500;79529;79535;79493;79496;425
Si;5;20260116;194000;79495;79539;79494;79530;1130
Si;5;20260116;194500;79529;79569;79524;79525;1068
Si;5;20260116;195000;79519;79538;79516;79520;528
Si;5;20260116;195500;79532;79532;79502;79503;267
Si;5;20260116;200000;79503;79516;79501;79505;133
Si;5;20260116;200500;79513;79515;79498;79500;118
Si;5;20260116;201000;79500;79500;79482;79487;608
Si;5;20260116;201500;79486;79510;79484;79500;435
Si;5;20260116;202000;79502;79528;79496;79522;396
Si;5;20260116;202500;79520;79520;79513;79515;111
Si;5;20260116;203000;79514;79526;79509;79516;243
Si;5;20260116;203500;79513;79513;79484;79485;154
Si;5;20260116;204000;79485;79495;79485;79495;119
Si;5;20260116;204500;79496;79517;79495;79512;126
Si;5;20260116;205000;79512;79525;79509;79509;206
Si;5;20260116;205500;79508;79508;79482;79482;107
Si;5;20260116;210000;79483;79485;79482;79485;253
Si;5;20260116;210500;79485;79494;79484;79486;83
Si;5;20260116;211000;79487;79504;79487;79504;219
Si;5;20260116;211500;79504;79506;79496;79496;148
Si;5;20260116;212000;79499;79506;79452;79453;620
Si;5;20260116;212500;79456;79456;79400;79402;1305
Si;5;20260116;213000;79401;79405;79400;79403;514
Si;5;20260116;213500;79403;79417;79401;79414;260
Si;5;20260116;214000;79415;79417;79380;79380;564
Si;5;20260116;214500;79387;79397;79370;79397;543
Si;5;20260116;215000;79397;79397;79379;79379;204
Si;5;20260116;215500;79378;79390;79363;79389;510
Si;5;20260116;220000;79387;79429;79381;79429;442
Si;5;20260116;220500;79430;79482;79430;79468;469
Si;5;20260116;221000;79468;79473;79467;79470;50
Si;5;20260116;221500;79469;79473;79428;79434;120
Si;5;20260116;222000;79434;79440;79430;79440;230
Si;5;20260116;222500;79439;79455;79435;79442;123
Si;5;20260116;223000;79453;79460;79435;79450;134
Si;5;20260116;223500;79457;79474;79449;79458;125
Si;5;20260116;224000;79457;79457;79425;79425;293
Si;5;20260116;224500;79426;79431;79423;79430;168
Si;5;20260116;225000;79429;79438;79427;79433;836
Si;5;20260116;225500;79427;79481;79412;79465;1288
Si;5;20260116;230000;79465;79466;79442;79444;517
Si;5;20260116;230500;79445;79454;79445;79451;451
Si;5;20260116;231000;79449;79453;79449;79450;132
Si;5;20260116;231500;79451;79471;79450;79469;511
Si;5;20260116;232000;79469;79471;79442;79447;316
Si;5;20260116;232500;79446;79446;79428;79432;186
Si;5;20260116;233000;79433;79450;79420;79425;443
Si;5;20260116;233500;79433;79433;79412;79420;233
Si;5;20260116;234000;79419;79443;79417;79443;94
Si;5;20260116;234500;79440;79473;79412;79437;813
Si;5;20260119;085500;79426;79426;79426;79426;10
Si;5;20260119;090000;79433;79475;79254;79336;6441
Si;5;20260119;090500;79336;79450;79322;79428;3284
Si;5;20260119;091000;79434;79466;79428;79448;2158
Si;5;20260119;091500;79448;79535;79448;79526;2240
Si;5;20260119;092000;79526;79529;79490;79491;3140
Si;5;20260119;092500;79492;79516;79483;79485;1500
Si;5;20260119;093000;79485;79504;79479;79481;842
Si;5;20260119;093500;79481;79486;79468;79468;445
Si;5;20260119;094000;79468;79489;79463;79484;907
Si;5;20260119;094500;79488;79508;79480;79487;670
Si;5;20260119;095000;79487;79497;79477;79485;1196
Si;5;20260119;095500;79485;79602;79478;79602;3153
Si;5;20260119;100000;79601;79644;79374;79398;13541
Si;5;20260119;100500;79403;79477;79360;79468;7978
Si;5;20260119;101000;79470;79491;79384;79427;4154
Si;5;20260119;101500;79427;79494;79392;79458;4230
Si;5;20260119;102000;79458;79720;79458;79572;15264
Si;5;20260119;102500;79574;79618;79513;79555;6095
Si;5;20260119;103000;79561;79616;79526;79545;4379
Si;5;20260119;103500;79544;79578;79508;79510;3338
Si;5;20260119;104000;79510;79517;79401;79458;4643
Si;5;20260119;104500;79455;79455;79421;79422;2464
Si;5;20260119;105000;79422;79425;79350;79393;6316
Si;5;20260119;105500;79393;79406;79331;79380;4687
Si;5;20260119;110000;79379;79445;79270;79308;6757
Si;5;20260119;110500;79309;79339;79286;79312;3264
Si;5;20260119;111000;79311;79336;79274;79332;3027
Si;5;20260119;111500;79333;79437;79300;79421;10386
Si;5;20260119;112000;79429;79524;79420;79496;11052
Si;5;20260119;112500;79495;79565;79495;79522;4930
Si;5;20260119;113000;79522;79607;79484;79523;14902
Si;5;20260119;113500;79523;79575;79515;79544;1987
Si;5;20260119;114000;79542;79570;79513;79568;2317
Si;5;20260119;114500;79566;79620;79566;79594;4173
Si;5;20260119;115000;79595;79620;79585;79610;2885
Si;5;20260119;115500;79610;79620;79564;79580;2025
Si;5;20260119;120000;79579;79629;79579;79601;5054
Si;5;20260119;120500;79609;79616;79539;79557;3349
Si;5;20260119;121000;79565;79566;79519;79546;2473
Si;5;20260119;121500;79546;79627;79544;79567;4842
Si;5;20260119;122000;79567;79606;79539;79588;2260
Si;5;20260119;122500;79588;79613;79572;79607;1486
Si;5;20260119;123000;79607;79643;79596;79596;3235
Si;5;20260119;123500;79596;79611;79585;79605;1868
Si;5;20260119;124000;79606;79619;79505;79515;3290
Si;5;20260119;124500;79516;79546;79480;79532;4201
Si;5;20260119;125000;79541;79565;79452;79467;2534
Si;5;20260119;125500;79466;79487;79435;79478;4356
Si;5;20260119;130000;79472;79479;79431;79436;4043
Si;5;20260119;130500;79436;79437;79388;79418;5692
Si;5;20260119;131000;79417;79437;79396;79415;3131
Si;5;20260119;131500;79415;79420;79277;79322;14146
Si;5;20260119;132000;79322;79347;79276;79277;5306
Si;5;20260119;132500;79278;79305;79183;79184;14353
Si;5;20260119;133000;79189;79230;79180;79192;8161
Si;5;20260119;133500;79191;79207;79172;79182;2966
Si;5;20260119;134000;79175;79228;79160;79189;4532
Si;5;20260119;134500;79184;79237;79170;79208;2337
Si;5;20260119;135000;79207;79207;79178;79188;1379
Si;5;20260119;135500;79185;79220;79158;79218;3197
Si;5;20260119;140500;79217;79237;79093;79134;7515
Si;5;20260119;141000;79134;79209;79111;79194;3486
Si;5;20260119;141500;79194;79199;79163;79177;2110
Si;5;20260119;142000;79178;79198;79155;79155;3016
Si;5;20260119;142500;79154;79191;79150;79182;5923
Si;5;20260119;143000;79181;79191;79153;79165;1643
Si;5;20260119;143500;79166;79171;79150;79170;1226
Si;5;20260119;144000;79168;79208;79165;79200;2118
Si;5;20260119;144500;79200;79203;79169;79174;2333
Si;5;20260119;145000;79174;79196;79172;79176;1332
Si;5;20260119;145500;79178;79196;79150;79195;2633
Si;5;20260119;150000;79195;79257;79173;79174;3316
Si;5;20260119;150500;79174;79287;79170;79280;6555
Si;5;20260119;151000;79281;79282;79227;79235;2592
Si;5;20260119;151500;79235;79242;79187;79192;1443
Si;5;20260119;152000;79192;79237;79160;79206;3258
Si;5;20260119;152500;79203;79203;79156;79163;2427
Si;5;20260119;153000;79163;79214;79159;79197;1690
Si;5;20260119;153500;79196;79226;79178;79201;1380
Si;5;20260119;154000;79201;79248;79200;79242;2273
Si;5;20260119;154500;79243;79338;79219;79321;4471
Si;5;20260119;155000;79320;79324;79273;79274;1645
Si;5;20260119;155500;79274;79274;79185;79228;3015
Si;5;20260119;160000;79228;79249;79203;79237;745
Si;5;20260119;160500;79236;79275;79220;79250;1150
Si;5;20260119;161000;79250;79300;79250;79280;1919
Si;5;20260119;161500;79281;79316;79258;79269;2779
Si;5;20260119;162000;79266;79390;79266;79297;6418
Si;5;20260119;162500;79290;79290;79191;79229;5811
Si;5;20260119;163000;79230;79245;79220;79240;1444
Si;5;20260119;163500;79240;79243;79156;79186;3105
Si;5;20260119;164000;79183;79236;79179;79200;2359
Si;5;20260119;164500;79198;79205;79150;79163;3195
Si;5;20260119;165000;79163;79220;79155;79206;1269
Si;5;20260119;165500;79204;79244;79194;79230;1336
Si;5;20260119;170000;79229;79258;79208;79236;2068
Si;5;20260119;170500;79234;79247;79180;79230;1315
Si;5;20260119;171000;79230;79230;79192;79198;529
Si;5;20260119;171500;79197;79205;79165;79189;1646
Si;5;20260119;172000;79189;79219;79189;79201;564
Si;5;20260119;172500;79200;79210;79187;79192;315
Si;5;20260119;173000;79193;79195;79160;79175;1320
Si;5;20260119;173500;79176;79180;79160;79166;659
Si;5;20260119;174000;79166;79210;79164;79191;1478
Si;5;20260119;174500;79186;79206;79151;79153;2805
Si;5;20260119;175000;79153;79218;79152;79207;1599
Si;5;20260119;175500;79208;79247;79196;79208;2630
Si;5;20260119;180000;79209;79222;79177;79210;3309
Si;5;20260119;180500;79212;79231;79186;79201;1274
Si;5;20260119;181000;79204;79300;79204;79217;3063
Si;5;20260119;181500;79217;79239;79215;79235;1372
Si;5;20260119;182000;79234;79235;79212;79228;1218
Si;5;20260119;182500;79230;79245;79208;79240;1288
Si;5;20260119;183000;79238;79285;79223;79275;2097
Si;5;20260119;183500;79274;79299;79244;79244;1421
Si;5;20260119;184000;79243;79243;79203;79220;934
Si;5;20260119;184500;79221;79277;79220;79243;1179
Si;5;20260119;190500;79236;79355;79200;79232;2366
Si;5;20260119;191000;79229;79279;79196;79205;847
Si;5;20260119;191500;79205;79205;79188;79192;390
Si;5;20260119;192000;79191;79192;79173;79173;284
Si;5;20260119;192500;79173;79200;79170;79175;578
Si;5;20260119;193000;79174;79193;79166;79193;201
Si;5;20260119;193500;79193;79200;79181;79200;295
Si;5;20260119;194000;79200;79219;79200;79206;620
Si;5;20260119;194500;79206;79218;79200;79202;726
Si;5;20260119;195000;79210;79214;79201;79204;264
Si;5;20260119;195500;79203;79218;79202;79205;164
Si;5;20260119;200000;79205;79213;79202;79211;292
Si;5;20260119;200500;79213;79219;79209;79215;100
Si;5;20260119;201000;79217;79220;79213;79220;155
Si;5;20260119;201500;79220;79220;79202;79207;235
Si;5;20260119;202000;79202;79209;79201;79209;107
Si;5;20260119;202500;79209;79209;79200;79206;233
Si;5;20260119;203000;79206;79209;79203;79204;218
Si;5;20260119;203500;79206;79207;79198;79201;172
Si;5;20260119;204000;79201;79204;79199;79202;294
Si;5;20260119;204500;79202;79204;79201;79201;154
Si;5;20260119;205000;79202;79211;79202;79203;91
Si;5;20260119;205500;79205;79214;79205;79214;149
Si;5;20260119;210000;79213;79221;79210;79215;186
Si;5;20260119;210500;79219;79221;79215;79221;82
Si;5;20260119;211000;79221;79238;79216;79231;222
Si;5;20260119;211500;79230;79232;79218;79218;136
Si;5;20260119;212000;79220;79220;79210;79212;144
Si;5;20260119;212500;79210;79218;79203;79210;220
Si;5;20260119;213000;79210;79215;79210;79211;39
Si;5;20260119;213500;79213;79221;79211;79221;39
Si;5;20260119;214000;79222;79233;79222;79230;333
Si;5;20260119;214500;79231;79232;79228;79229;187
Si;5;20260119;215000;79227;79230;79217;79230;268
Si;5;20260119;215500;79229;79233;79225;79233;290
Si;5;20260119;220000;79232;79241;79229;79241;204
Si;5;20260119;220500;79241;79250;79241;79249;140
Si;5;20260119;221000;79250;79250;79249;79249;438
Si;5;20260119;221500;79249;79255;79238;79238;260
Si;5;20260119;222000;79238;79240;79225;79225;138
Si;5;20260119;222500;79230;79231;79226;79226;56
Si;5;20260119;223000;79230;79230;79196;79200;1247
Si;5;20260119;223500;79201;79204;79175;79190;991
Si;5;20260119;224000;79191;79200;79179;79192;287
Si;5;20260119;224500;79192;79195;79190;79190;71
Si;5;20260119;225000;79194;79202;79186;79193;259
Si;5;20260119;225500;79191;79195;79190;79190;94
Si;5;20260119;230000;79190;79203;79174;79180;736
Si;5;20260119;230500;79180;79199;79174;79194;301
Si;5;20260119;231000;79199;79210;79197;79210;101
Si;5;20260119;231500;79210;79210;79205;79207;54
Si;5;20260119;232000;79207;79207;79195;79195;132
Si;5;20260119;232500;79199;79209;79195;79201;56
Si;5;20260119;233000;79205;79224;79194;79212;369
Si;5;20260119;233500;79219;79229;79200;79208;73
Si;5;20260119;234000;79208;79208;79190;79198;244
Si;5;20260119;234500;79191;79266;79191;79266;977
Si;5;20260120;085500;79210;79210;79210;79210;51
Si;5;20260120;090000;79210;79260;79126;79218;4247
Si;5;20260120;090500;79217;79267;79200;79242;5108
Si;5;20260120;091000;79242;79298;79209;79222;4946
Si;5;20260120;091500;79222;79240;79213;79232;1235
Si;5;20260120;092000;79235;79246;79217;79235;653
Si;5;20260120;092500;79236;79236;79096;79104;3248
Si;5;20260120;093000;79098;79101;79007;79089;9697
Si;5;20260120;093500;79089;79097;79072;79087;1008
Si;5;20260120;094000;79095;79148;79057;79086;3225
Si;5;20260120;094500;79086;79117;79051;79117;1244
Si;5;20260120;095000;79117;79117;79051;79110;1687
Si;5;20260120;095500;79110;79130;79098;79117;447
Si;5;20260120;100000;79119;79287;79095;79162;9014
Si;5;20260120;100500;79160;79211;79050;79063;6358
Si;5;20260120;101000;79057;79076;79015;79021;5086
Si;5;20260120;101500;79022;79234;79022;79187;7475
Si;5;20260120;102000;79189;79233;79184;79197;5262
Si;5;20260120;102500;79198;79224;79156;79212;3850
Si;5;20260120;103000;79211;79250;79169;79213;5635
Si;5;20260120;103500;79214;79338;79185;79332;9904
Si;5;20260120;104000;79331;79423;79311;79397;18908
Si;5;20260120;104500;79399;79430;79370;79418;8399
Si;5;20260120;105000;79420;79464;79402;79450;7791
Si;5;20260120;105500;79455;79496;79411;79491;6779
Si;5;20260120;110000;79493;79512;79442;79443;9708
Si;5;20260120;110500;79445;79498;79413;79449;6474
Si;5;20260120;111000;79452;79490;79425;79449;4453
Si;5;20260120;111500;79450;79546;79427;79530;9201
Si;5;20260120;112000;79531;79547;79481;79522;6409
Si;5;20260120;112500;79523;79554;79478;79536;8774
Si;5;20260120;113000;79537;79555;79473;79518;6293
Si;5;20260120;113500;79523;79530;79467;79470;3649
Si;5;20260120;114000;79470;79500;79465;79494;4189
Si;5;20260120;114500;79493;79521;79491;79500;3452
Si;5;20260120;115000;79505;79546;79460;79500;5190
Si;5;20260120;115500;79500;79526;79437;79461;7887
Si;5;20260120;120000;79466;79492;79438;79455;5088
Si;5;20260120;120500;79456;79465;79422;79440;2517
Si;5;20260120;121000;79441;79448;79392;79426;5440
Si;5;20260120;121500;79427;79433;79380;79401;4859
Si;5;20260120;122000;79404;79447;79375;79447;3638
Si;5;20260120;122500;79441;79451;79398;79405;3020
Si;5;20260120;123000;79409;79413;79336;79346;4704
Si;5;20260120;123500;79355;79420;79322;79413;5134
Si;5;20260120;124000;79412;79556;79396;79536;12268
Si;5;20260120;124500;79536;79600;79505;79549;15329
Si;5;20260120;125000;79551;79582;79540;79544;5929
Si;5;20260120;125500;79543;79561;79524;79560;4012
Si;5;20260120;130000;79560;79665;79560;79663;14563
Si;5;20260120;130500;79661;79688;79624;79635;9103
Si;5;20260120;131000;79637;79648;79594;79640;5849
Si;5;20260120;131500;79637;79654;79623;79641;4922
Si;5;20260120;132000;79642;79664;79617;79632;3907
Si;5;20260120;132500;79638;79658;79604;79624;5694
Si;5;20260120;133000;79628;79718;79620;79671;13757
Si;5;20260120;133500;79670;79690;79618;79649;6359
Si;5;20260120;134000;79650;79667;79618;79640;4743
Si;5;20260120;134500;79640;79660;79596;79614;5425
Si;5;20260120;135000;79617;79620;79540;79576;8274
Si;5;20260120;135500;79576;79590;79562;79569;3451
Si;5;20260120;140500;79568;79608;79514;79561;9575
Si;5;20260120;141000;79562;79562;79498;79530;5142
Si;5;20260120;141500;79527;79539;79505;79524;2839
Si;5;20260120;142000;79523;79543;79494;79514;5615
Si;5;20260120;142500;79514;79532;79469;79499;4541
Si;5;20260120;143000;79498;79510;79494;79509;1295
Si;5;20260120;143500;79506;79533;79466;79468;2785
Si;5;20260120;144000;79470;79473;79405;79417;3654
Si;5;20260120;144500;79416;79440;79370;79415;6312
Si;5;20260120;145000;79420;79438;79405;79425;2210
Si;5;20260120;145500;79430;79439;79398;79417;2737
Si;5;20260120;150000;79416;79417;79300;79321;7611
Si;5;20260120;150500;79321;79322;79261;79279;7774
Si;5;20260120;151000;79285;79285;79173;79215;34431
Si;5;20260120;151500;79216;79217;79180;79208;23058
Si;5;20260120;152000;79208;79240;79196;79240;21008
Si;5;20260120;152500;79240;79275;79221;79253;23628
Si;5;20260120;153000;79250;79342;79231;79340;21696
Si;5;20260120;153500;79338;79401;79285;79380;12799
Si;5;20260120;154000;79380;79393;79333;79343;2780
Si;5;20260120;154500;79343;79366;79311;79336;2319
Si;5;20260120;155000;79334;79369;79326;79334;2118
Si;5;20260120;155500;79332;79346;79330;79340;389
Si;5;20260120;160000;79341;79354;79310;79333;1971
Si;5;20260120;160500;79332;79380;79326;79374;1368
Si;5;20260120;161000;79373;79382;79351;79362;1556
Si;5;20260120;161500;79363;79375;79338;79358;2496
Si;5;20260120;162000;79358;79381;79349;79360;2972
Si;5;20260120;162500;79357;79360;79337;79360;822
Si;5;20260120;163000;79360;79390;79342;79348;2287
Si;5;20260120;163500;79349;79369;79321;79329;1739
Si;5;20260120;164000;79330;79345;79328;79340;1546
Si;5;20260120;164500;79340;79347;79289;79311;2422
Si;5;20260120;165000;79311;79370;79298;79318;4819
Si;5;20260120;165500;79317;79320;79296;79310;2010
Si;5;20260120;170000;79313;79321;79292;79297;2307
Si;5;20260120;170500;79298;79309;79250;79282;3211
Si;5;20260120;171000;79286;79308;79271;79280;4664
Si;5;20260120;171500;79280;79290;79269;79284;2845
Si;5;20260120;172000;79285;79289;79262;79266;1664
Si;5;20260120;172500;79268;79293;79171;79218;31120
Si;5;20260120;173000;79218;79245;79194;79213;25107
Si;5;20260120;173500;79212;79254;79206;79240;26413
Si;5;20260120;174000;79240;79311;79240;79285;14890
Si;5;20260120;174500;79285;79299;79252;79261;3139
Si;5;20260120;175000;79278;79316;79266;79303;1886
Si;5;20260120;175500;79303;79315;79263;79267;1336
Si;5;20260120;180000;79265;79338;79256;79324;4299
Si;5;20260120;180500;79321;79347;79278;79284;1650
Si;5;20260120;181000;79283;79295;79272;79287;746
Si;5;20260120;181500;79282;79308;79281;79291;1616
Si;5;20260120;182000;79293;79302;79273;79287;1789
Si;5;20260120;182500;79288;79308;79273;79297;2275
Si;5;20260120;183000;79294;79302;79257;79265;1591
Si;5;20260120;183500;79262;79267;79250;79263;1923
Si;5;20260120;184000;79262;79280;79253;79264;1356
Si;5;20260120;184500;79262;79271;79250;79250;2068
Si;5;20260120;190500;79250;79326;79242;79289;3250
Si;5;20260120;191000;79296;79297;79270;79270;383
Si;5;20260120;191500;79268;79277;79253;79273;294
Si;5;20260120;192000;79271;79275;79248;79270;623
Si;5;20260120;192500;79260;79266;79237;79248;488
Si;5;20260120;193000;79249;79249;79229;79229;477
Si;5;20260120;193500;79230;79245;79227;79237;244
Si;5;20260120;194000;79244;79244;79228;79235;203
Si;5;20260120;194500;79234;79259;79234;79248;385
Si;5;20260120;195000;79248;79281;79246;79260;605
Si;5;20260120;195500;79257;79260;79241;79244;243
Si;5;20260120;200000;79243;79243;79210;79230;557
Si;5;20260120;200500;79227;79229;79216;79222;96
Si;5;20260120;201000;79221;79221;79208;79214;194
Si;5;20260120;201500;79216;79218;79210;79215;193
Si;5;20260120;202000;79218;79222;79204;79211;213
Si;5;20260120;202500;79205;79219;79202;79210;215
Si;5;20260120;203000;79218;79229;79213;79229;119
Si;5;20260120;203500;79230;79247;79230;79240;262
Si;5;20260120;204000;79245;79262;79244;79250;334
Si;5;20260120;204500;79251;79261;79250;79255;147
Si;5;20260120;205000;79252;79255;79250;79251;147
Si;5;20260120;205500;79250;79250;79223;79229;324
Si;5;20260120;210000;79229;79230;79220;79227;119
Si;5;20260120;210500;79223;79225;79218;79225;221
Si;5;20260120;211000;79223;79233;79207;79233;463
Si;5;20260120;211500;79219;79235;79214;79214;219
Si;5;20260120;212000;79213;79231;79211;79231;176
Si;5;20260120;212500;79231;79231;79210;79221;313
Si;5;20260120;213000;79220;79221;79208;79208;188
Si;5;20260120;213500;79209;79223;79208;79222;220
Si;5;20260120;214000;79222;79235;79220;79220;102
Si;5;20260120;214500;79232;79260;79230;79248;177
Si;5;20260120;215000;79254;79274;79250;79265;224
Si;5;20260120;215500;79261;79266;79260;79260;33
Si;5;20260120;220000;79262;79275;79262;79275;148
Si;5;20260120;220500;79274;79274;79267;79273;57
Si;5;20260120;221000;79273;79273;79254;79254;236
Si;5;20260120;221500;79251;79252;79237;79237;137
Si;5;20260120;222000;79237;79246;79233;79246;209
Si;5;20260120;222500;79248;79248;79232;79235;173
Si;5;20260120;223000;79238;79240;79231;79234;93
Si;5;20260120;223500;79232;79233;79222;79229;175
Si;5;20260120;224000;79229;79248;79228;79248;136
Si;5;20260120;224500;79248;79255;79247;79255;115
Si;5;20260120;225000;79254;79255;79251;79252;15
Si;5;20260120;225500;79252;79267;79252;79267;413
Si;5;20260120;230000;79266;79267;79265;79266;192
Si;5;20260120;230500;79266;79266;79257;79257;284
Si;5;20260120;231000;79257;79263;79236;79246;485
Si;5;20260120;231500;79247;79247;79238;79241;215
Si;5;20260120;232000;79241;79265;79241;79257;254
Si;5;20260120;232500;79263;79268;79257;79268;250
Si;5;20260120;233000;79269;79296;79268;79276;549
Si;5;20260120;233500;79275;79291;79271;79276;144
Si;5;20260120;234000;79285;79311;79284;79286;762
Si;5;20260120;234500;79289;79321;79284;79303;713
Si;5;20260121;085500;79301;79301;79301;79301;3
Si;5;20260121;090000;79300;79378;79242;79367;3955
Si;5;20260121;090500;79367;79390;79267;79274;3858
Si;5;20260121;091000;79274;79331;79250;79301;3034
Si;5;20260121;091500;79295;79298;79256;79276;894
Si;5;20260121;092000;79277;79277;79257;79269;557
Si;5;20260121;092500;79269;79392;79255;79349;4283
Si;5;20260121;093000;79345;79348;79265;79292;1929
Si;5;20260121;093500;79297;79323;79289;79318;746
Si;5;20260121;094000;79318;79364;79315;79361;899
Si;5;20260121;094500;79362;79450;79360;79394;4040
Si;5;20260121;095000;79392;79405;79351;79365;1441
Si;5;20260121;095500;79365;79450;79365;79390;2786
Si;5;20260121;100000;79390;79441;79181;79198;13945
Si;5;20260121;100500;79198;79236;79051;79106;19199
Si;5;20260121;101000;79107;79112;78951;78989;24293
Si;5;20260121;101500;78986;79018;78884;78971;25760
Si;5;20260121;102000;78970;79042;78950;78979;7643
Si;5;20260121;102500;78978;79064;78950;79032;5346
Si;5;20260121;103000;79032;79041;78925;78982;6563
Si;5;20260121;103500;78983;79008;78962;78975;2959
Si;5;20260121;104000;78975;78975;78891;78903;5235
Si;5;20260121;104500;78904;78952;78880;78921;6187
Si;5;20260121;105000;78921;78944;78903;78906;3892
Si;5;20260121;105500;78906;78913;78791;78822;12753
Si;5;20260121;110000;78822;78923;78792;78899;14918
Si;5;20260121;110500;78899;78912;78865;78898;4192
Si;5;20260121;111000;78901;78980;78872;78974;3713
Si;5;20260121;111500;78975;79040;78888;78888;5875
Si;5;20260121;112000;78888;78921;78860;78876;2457
Si;5;20260121;112500;78876;79000;78868;78945;3314
Si;5;20260121;113000;78945;78955;78913;78929;1127
Si;5;20260121;113500;78928;78942;78890;78893;1385
Si;5;20260121;114000;78894;78959;78893;78951;3602
Si;5;20260121;114500;78947;78948;78906;78913;1395
Si;5;20260121;115000;78913;78922;78890;78903;1679
Si;5;20260121;115500;78903;78911;78857;78893;2590
Si;5;20260121;120000;78893;78936;78869;78907;4047
Si;5;20260121;120500;78907;78974;78905;78938;4605
Si;5;20260121;121000;78937;78954;78909;78934;4774
Si;5;20260121;121500;78930;79090;78925;78995;15365
Si;5;20260121;122000;78995;79012;78943;78982;3533
Si;5;20260121;122500;78977;78987;78900;78900;5416
Si;5;20260121;123000;78900;78910;78807;78818;8390
Si;5;20260121;123500;78819;78877;78743;78856;14983
Si;5;20260121;124000;78853;78970;78827;78942;7657
Si;5;20260121;124500;78937;78983;78921;78948;3863
Si;5;20260121;125000;78952;78990;78911;78957;3312
Si;5;20260121;125500;78957;79023;78955;78987;6171
Si;5;20260121;130000;78985;79000;78900;78972;13555
Si;5;20260121;130500;78971;78990;78948;78958;8964
Si;5;20260121;131000;78957;79000;78951;78996;20771
Si;5;20260121;131500;78992;79000;78990;79000;14638
Si;5;20260121;132000;78998;79035;78997;78998;18687
Si;5;20260121;132500;78998;79010;78907;78938;8846
Si;5;20260121;133000;78933;78947;78892;78912;4159
Si;5;20260121;133500;78908;78931;78890;78904;2876
Si;5;20260121;134000;78904;78927;78806;78813;6156
Si;5;20260121;134500;78811;78846;78777;78831;8460
Si;5;20260121;135000;78830;78908;78817;78871;5179
Si;5;20260121;135500;78867;78876;78841;78850;1529
Si;5;20260121;140500;78857;78857;78808;78843;3535
Si;5;20260121;141000;78843;78843;78780;78804;3738
Si;5;20260121;141500;78805;78832;78785;78795;3346
Si;5;20260121;142000;78787;78805;78696;78752;10655
Si;5;20260121;142500;78752;78765;78690;78722;17343
Si;5;20260121;143000;78723;78830;78690;78735;16069
Si;5;20260121;143500;78734;78762;78636;78715;9485
Si;5;20260121;144000;78709;78743;78687;78740;2989
Si;5;20260121;144500;78734;78744;78683;78708;2461
Si;5;20260121;145000;78707;78729;78660;78669;2862
Si;5;20260121;145500;78668;78668;78568;78595;9181
Si;5;20260121;150000;78595;78634;78563;78571;5832
Si;5;20260121;150500;78571;78636;78560;78631;3755
Si;5;20260121;151000;78632;78695;78585;78662;4201
Si;5;20260121;151500;78662;78675;78655;78660;1846
Si;5;20260121;152000;78661;78661;78626;78638;2348
Si;5;20260121;152500;78637;78735;78628;78677;5570
Si;5;20260121;153000;78676;78683;78627;78653;3174
Si;5;20260121;153500;78653;78677;78641;78671;2323
Si;5;20260121;154000;78667;78676;78573;78588;3997
Si;5;20260121;154500;78583;78615;78529;78592;6791
Si;5;20260121;155000;78592;78608;78583;78608;4363
Si;5;20260121;155500;78608;78621;78582;78618;3351
Si;5;20260121;160000;78619;78636;78575;78579;4643
Si;5;20260121;160500;78578;78613;78566;78584;2750
Si;5;20260121;161000;78583;78608;78575;78604;2181
Si;5;20260121;161500;78603;78625;78593;78617;2212
Si;5;20260121;162000;78617;78627;78590;78603;2169
Si;5;20260121;162500;78598;78600;78461;78527;13540
Si;5;20260121;163000;78525;78529;78450;78450;6781
Si;5;20260121;163500;78450;78522;78425;78450;5932
Si;5;20260121;164000;78453;78490;78448;78457;1584
Si;5;20260121;164500;78457;78457;78364;78419;10233
Si;5;20260121;165000;78420;78420;78357;78359;5448
Si;5;20260121;165500;78358;78374;78281;78308;6265
Si;5;20260121;170000;78307;78453;78212;78445;20328
Si;5;20260121;170500;78447;78458;78399;78400;7399
Si;5;20260121;171000;78401;78427;78330;78364;5629
Si;5;20260121;171500;78364;78462;78346;78461;3926
Si;5;20260121;172000;78462;78474;78379;78390;4518
Si;5;20260121;172500;78398;78408;78320;78341;3567
Si;5;20260121;173000;78341;78358;78316;78353;3316
Si;5;20260121;173500;78353;78372;78265;78271;4773
Si;5;20260121;174000;78275;78305;78232;78243;5903
Si;5;20260121;174500;78246;78276;78217;78268;3736
Si;5;20260121;175000;78269;78332;78259;78304;3949
Si;5;20260121;175500;78301;78301;78262;78278;2523
Si;5;20260121;180000;78279;78294;78161;78170;7325
Si;5;20260121;180500;78170;78185;78120;78150;7301
Si;5;20260121;181000;78151;78162;78059;78111;9160
Si;5;20260121;181500;78112;78121;78040;78073;9230
Si;5;20260121;182000;78073;78089;78000;78003;8378
Si;5;20260121;182500;78006;78125;77958;78108;11950
Si;5;20260121;183000;78108;78148;77969;78006;12355
Si;5;20260121;183500;78006;78047;77965;78018;3182
Si;5;20260121;184000;78013;78035;77940;77941;6442
Si;5;20260121;184500;77941;77995;77941;77995;3537
Si;5;20260121;190500;78000;78020;77700;77857;13637
Si;5;20260121;191000;77857;77898;77839;77896;2355
Si;5;20260121;191500;77889;77924;77856;77881;2247
Si;5;20260121;192000;77878;77938;77862;77882;2104
Si;5;20260121;192500;77881;77917;77878;77917;853
Si;5;20260121;193000;77914;77924;77882;77905;1035
Si;5;20260121;193500;77906;77907;77793;77793;1965
Si;5;20260121;194000;77793;77810;77755;77771;2993
Si;5;20260121;194500;77758;77804;77758;77792;1715
Si;5;20260121;195000;77787;77836;77780;77834;1292
Si;5;20260121;195500;77834;77837;77815;77830;503
Si;5;20260121;200000;77831;77877;77823;77877;831
Si;5;20260121;200500;77877;77889;77857;77869;791
Si;5;20260121;201000;77871;77887;77864;77880;542
Si;5;20260121;201500;77881;77881;77839;77848;1124
Si;5;20260121;202000;77848;77860;77836;77858;856
Si;5;20260121;202500;77857;77860;77841;77855;239
Si;5;20260121;203000;77855;77872;77840;77867;738
Si;5;20260121;203500;77868;77868;77838;77849;510
Si;5;20260121;204000;77850;77853;77815;77816;511
Si;5;20260121;204500;77817;77828;77804;77816;856
Si;5;20260121;205000;77819;77836;77811;77836;761
Si;5;20260121;205500;77836;77865;77831;77863;444
Si;5;20260121;210000;77865;77889;77862;77883;1162
Si;5;20260121;210500;77881;77892;77865;77866;443
Si;5;20260121;211000;77866;77871;77822;77822;888
Si;5;20260121;211500;77822;77854;77807;77836;717
Si;5;20260121;212000;77840;77877;77840;77877;362
Si;5;20260121;212500;77877;77888;77870;77888;231
Si;5;20260121;213000;77889;77901;77885;77901;407
Si;5;20260121;213500;77901;77901;77851;77896;567
Si;5;20260121;214000;77897;77929;77896;77916;735
Si;5;20260121;214500;77920;77970;77918;77950;1063
Si;5;20260121;215000;77948;77950;77881;77915;1203
Si;5;20260121;215500;77917;77932;77907;77921;311
Si;5;20260121;220000;77922;77958;77922;77955;541
Si;5;20260121;220500;77949;77968;77948;77952;300
Si;5;20260121;221000;77952;77965;77941;77956;191
Si;5;20260121;221500;77953;77969;77953;77969;349
Si;5;20260121;222000;77969;77969;77960;77960;880
Si;5;20260121;222500;77959;77977;77949;77969;1368
Si;5;20260121;223000;77967;77969;77939;77955;1033
Si;5;20260121;223500;77952;77981;77936;77981;2114
Si;5;20260121;224000;77979;77991;77971;77988;723
Si;5;20260121;224500;77989;77989;77951;77966;883
Si;5;20260121;225000;77967;77989;77960;77962;896
Si;5;20260121;225500;77962;77962;77939;77958;786
Si;5;20260121;230000;77958;77981;77919;77928;730
Si;5;20260121;230500;77927;77936;77902;77911;580
Si;5;20260121;231000;77911;77926;77900;77904;640
Si;5;20260121;231500;77903;77920;77880;77900;1055
Si;5;20260121;232000;77912;77912;77880;77880;631
Si;5;20260121;232500;77880;77917;77880;77885;735
Si;5;20260121;233000;77886;77898;77835;77867;940
Si;5;20260121;233500;77869;77916;77800;77910;1721
Si;5;20260121;234000;77915;77967;77867;77869;908
Si;5;20260121;234500;77897;77939;77809;77862;2411
Si;5;20260122;085500;77936;77936;77901;77901;28
Si;5;20260122;090000;77900;77973;77788;77808;3265
Si;5;20260122;090500;77810;77988;77750;77919;9220
Si;5;20260122;091000;77928;77955;77764;77832;5398
Si;5;20260122;091500;77819;77899;77770;77807;3315
Si;5;20260122;092000;77805;77810;77752;77773;1239
Si;5;20260122;092500;77773;77789;77752;77778;950
Si;5;20260122;093000;77778;77841;77761;77816;2435
Si;5;20260122;093500;77815;77873;77790;77824;2157
Si;5;20260122;094000;77825;77864;77790;77792;1016
Si;5;20260122;094500;77798;77806;77759;77761;875
Si;5;20260122;095000;77762;77777;77657;77737;8722
Si;5;20260122;095500;77741;77755;77708;77737;2515
Si;5;20260122;100000;77740;77868;77575;77578;22513
Si;5;20260122;100500;77579;77604;77363;77374;25272
Si;5;20260122;101000;77375;77410;77130;77134;26315
Si;5;20260122;101500;77133;77349;77125;77300;18026
Si;5;20260122;102000;77300;77333;77145;77193;12977
Si;5;20260122;102500;77195;77308;77117;77238;18608
Si;5;20260122;103000;77240;77370;77186;77339;15441
Si;5;20260122;103500;77339;77430;77302;77427;9067
Si;5;20260122;104000;77429;77473;77355;77367;12858
Si;5;20260122;104500;77370;77384;77318;77353;5928
Si;5;20260122;105000;77353;77391;77302;77329;5376
Si;5;20260122;105500;77328;77344;77182;77203;9730
Si;5;20260122;110000;77203;77303;77203;77235;6348
Si;5;20260122;110500;77238;77246;77170;77210;4557
Si;5;20260122;111000;77210;77216;77156;77164;6302
Si;5;20260122;111500;77170;77208;77125;77145;6597
Si;5;20260122;112000;77144;77223;77072;77153;14532
Si;5;20260122;112500;77152;77195;77080;77137;6212
Si;5;20260122;113000;77135;77180;77124;77137;5001
Si;5;20260122;113500;77130;77140;77025;77063;11896
Si;5;20260122;114000;77063;77179;77060;77179;6731
Si;5;20260122;114500;77179;77196;77084;77112;4924
Si;5;20260122;115000;77113;77120;76971;77021;15046
Si;5;20260122;115500;77021;77049;76980;77042;7038
Si;5;20260122;120000;77043;77059;76905;76917;9763
Si;5;20260122;120500;76912;76977;76900;76955;7623
Si;5;20260122;121000;76952;77099;76933;77046;8194
Si;5;20260122;121500;77053;77227;77002;77156;14831
Si;5;20260122;122000;77157;77195;77130;77132;7077
Si;5;20260122;122500;77132;77144;77035;77053;6138
Si;5;20260122;123000;77055;77289;77055;77223;12533
Si;5;20260122;123500;77225;77298;77190;77236;7966
Si;5;20260122;124000;77236;77314;77190;77191;6188
Si;5;20260122;124500;77192;77255;77156;77210;6336
Si;5;20260122;125000;77212;77231;77135;77135;5491
Si;5;20260122;125500;77134;77152;77069;77125;6153
Si;5;20260122;130000;77125;77173;77031;77076;8465
Si;5;20260122;130500;77078;77096;77011;77029;6879
Si;5;20260122;131000;77038;77100;77010;77040;5143
Si;5;20260122;131500;77042;77045;76916;76938;12273
Si;5;20260122;132000;76939;76944;76810;76929;22165
Si;5;20260122;132500;76932;77010;76851;76983;8672
Si;5;20260122;133000;76981;77074;76948;77057;4919
Si;5;20260122;133500;77057;77077;77014;77050;3869
Si;5;20260122;134000;77052;77052;76963;77006;2722
Si;5;20260122;134500;77008;77039;76987;77024;2238
Si;5;20260122;135000;77024;77033;77000;77000;1596
Si;5;20260122;135500;77001;77110;77000;77051;3982
Si;5;20260122;140500;77050;77050;76953;76970;4434
Si;5;20260122;141000;76970;77002;76925;77001;4245
Si;5;20260122;141500;77001;77009;76950;76967;2543
Si;5;20260122;142000;76972;77047;76930;76956;5326
Si;5;20260122;142500;76957;77140;76911;77117;10648
Si;5;20260122;143000;77113;77141;77074;77137;5923
Si;5;20260122;143500;77139;77169;77090;77148;3699
Si;5;20260122;144000;77151;77189;77013;77094;5973
Si;5;20260122;144500;77096;77250;77066;77233;5590
Si;5;20260122;145000;77234;77285;77181;77284;8430
Si;5;20260122;145500;77284;77286;77200;77219;6175
Si;5;20260122;150000;77219;77263;77161;77244;6063
Si;5;20260122;150500;77244;77373;77236;77360;8108
Si;5;20260122;151000;77363;77370;77280;77316;8281
Si;5;20260122;151500;77317;77337;77252;77305;2972
Si;5;20260122;152000;77305;77390;77293;77373;5819
Si;5;20260122;152500;77376;77385;77305;77355;6012
Si;5;20260122;153000;77355;77355;77246;77272;3674
Si;5;20260122;153500;77279;77346;77275;77280;2521
Si;5;20260122;154000;77279;77342;77272;77323;1872
Si;5;20260122;154500;77323;77345;77281;77288;1254
Si;5;20260122;155000;77286;77300;77220;77241;2675
Si;5;20260122;155500;77238;77270;77234;77257;1807
Si;5;20260122;160000;77257;77340;77251;77311;2682
Si;5;20260122;160500;77311;77321;77242;77307;3351
Si;5;20260122;161000;77307;77307;77156;77258;12882
Si;5;20260122;161500;77260;77260;77201;77211;2408
Si;5;20260122;162000;77211;77225;77168;77211;3365
Si;5;20260122;162500;77216;77313;77172;77307;4179
Si;5;20260122;163000;77307;77360;77280;77302;7456
Si;5;20260122;163500;77302;77316;77229;77270;4050
Si;5;20260122;164000;77274;77284;77243;77251;1525
Si;5;20260122;164500;77250;77261;77194;77256;5133
Si;5;20260122;165000;77259;77281;77167;77210;4202
Si;5;20260122;165500;77209;77241;77198;77229;1799
Si;5;20260122;170000;77233;77240;77192;77230;1483
Si;5;20260122;170500;77230;77265;77220;77259;3220
Si;5;20260122;171000;77260;77365;77260;77313;4694
Si;5;20260122;171500;77324;77373;77322;77346;4953
Si;5;20260122;172000;77345;77397;77288;77325;4728
Si;5;20260122;172500;77324;77347;77283;77307;2753
Si;5;20260122;173000;77307;77313;77195;77256;5827
Si;5;20260122;173500;77253;77273;77201;77210;3078
Si;5;20260122;174000;77212;77213;77080;77133;14067
Si;5;20260122;174500;77134;77188;77100;77118;6997
Si;5;20260122;175000;77118;77118;77040;77056;8375
Si;5;20260122;175500;77054;77158;77031;77138;3311
Si;5;20260122;180000;77138;77160;77124;77133;4250
Si;5;20260122;180500;77136;77160;77123;77146;2599
Si;5;20260122;181000;77146;77158;77102;77103;2886
Si;5;20260122;181500;77103;77137;77075;77112;2040
Si;5;20260122;182000;77111;77111;77056;77056;2934
Si;5;20260122;182500;77056;77065;76957;76995;6911
Si;5;20260122;183000;76993;77105;76950;77086;6977
Si;5;20260122;183500;77088;77143;76968;76993;5543
Si;5;20260122;184000;76993;76995;76968;76971;1993
Si;5;20260122;184500;76971;77037;76930;76940;5846
Si;5;20260122;190500;76931;77003;76922;76990;3638
Si;5;20260122;191000;76990;77068;76990;77020;2511
Si;5;20260122;191500;77017;77020;76907;76907;2689
Si;5;20260122;192000;76915;76940;76821;76890;3295
Si;5;20260122;192500;76881;76919;76841;76878;1550
Si;5;20260122;193000;76882;76979;76875;76979;2179
Si;5;20260122;193500;76977;76989;76928;76956;1305
Si;5;20260122;194000;76954;77000;76953;76994;2270
Si;5;20260122;194500;76994;76995;76923;76924;1095
Si;5;20260122;195000;76932;76983;76908;76977;1344
Si;5;20260122;195500;76980;76992;76964;76971;623
Si;5;20260122;200000;76970;76976;76915;76970;908
Si;5;20260122;200500;76964;76988;76936;76980;597
Si;5;20260122;201000;76986;76993;76953;76972;646
Si;5;20260122;201500;76975;76998;76972;76988;549
Si;5;20260122;202000;76986;77000;76986;76990;1179
Si;5;20260122;202500;76989;76989;76964;76969;368
Si;5;20260122;203000;76970;76983;76965;76969;227
Si;5;20260122;203500;76971;76991;76966;76978;568
Si;5;20260122;204000;76978;76988;76971;76986;768
Si;5;20260122;204500;76985;76993;76971;76977;559
Si;5;20260122;205000;76977;76977;76958;76967;666
Si;5;20260122;205500;76974;76980;76966;76978;186
Si;5;20260122;210000;76978;76979;76930;76941;346
Si;5;20260122;210500;76938;76950;76930;76947;177
Si;5;20260122;211000;76947;76947;76926;76929;337
Si;5;20260122;211500;76929;76946;76923;76931;445
Si;5;20260122;212000;76937;76968;76930;76944;1256
Si;5;20260122;212500;76943;76967;76943;76956;351
Si;5;20260122;213000;76956;76959;76943;76950;116
Si;5;20260122;213500;76950;76952;76937;76946;176
Si;5;20260122;214000;76946;76946;76929;76930;284
Si;5;20260122;214500;76932;76957;76925;76939;614
Si;5;20260122;215000;76938;76947;76915;76936;368
Si;5;20260122;215500;76935;76935;76909;76918;687
Si;5;20260122;220000;76914;76926;76909;76925;348
Si;5;20260122;220500;76921;76956;76919;76950;293
Si;5;20260122;221000;76951;76964;76947;76964;299
Si;5;20260122;221500;76964;76964;76945;76956;164
Si;5;20260122;222000;76955;76964;76950;76951;339
Si;5;20260122;222500;76957;76964;76943;76952;367
Si;5;20260122;223000;76952;76969;76952;76957;309
Si;5;20260122;223500;76966;76969;76958;76960;102
Si;5;20260122;224000;76961;76961;76950;76957;46
Si;5;20260122;224500;76957;76970;76956;76965;329
Si;5;20260122;225000;76966;76968;76950;76950;149
Si;5;20260122;225500;76950;76960;76949;76960;184
Si;5;20260122;230000;76965;76973;76957;76972;375
Si;5;20260122;230500;76968;76973;76956;76958;297
Si;5;20260122;231000;76966;76968;76943;76944;244
Si;5;20260122;231500;76944;76944;76913;76916;457
Si;5;20260122;232000;76918;76926;76909;76920;434
Si;5;20260122;232500;76921;76928;76853;76855;1243
Si;5;20260122;233000;76865;76869;76820;76859;1417
Si;5;20260122;233500;76844;76882;76844;76872;589
Si;5;20260122;234000;76881;76913;76870;76876;570
Si;5;20260122;234500;76874;76896;76840;76872;821
Si;5;20260123;085500;76872;76877;76872;76877;14
Si;5;20260123;090000;76877;76940;76750;76810;6392
Si;5;20260123;090500;76805;76885;76529;76567;14336
Si;5;20260123;091000;76567;76859;76567;76764;11965
Si;5;20260123;091500;76762;76829;76702;76759;3812
Si;5;20260123;092000;76759;76790;76721;76743;1250
Si;5;20260123;092500;76744;76782;76712;76772;1886
Si;5;20260123;093000;76772;76887;76772;76881;3489
Si;5;20260123;093500;76882;76886;76835;76870;1195
Si;5;20260123;094000;76862;76900;76857;76876;1360
Si;5;20260123;094500;76876;76900;76779;76836;2611
Si;5;20260123;095000;76833;76895;76833;76871;863
Si;5;20260123;095500;76872;76884;76826;76848;916
Si;5;20260123;100000;76840;77000;76794;76926;19598
Si;5;20260123;100500;76926;76960;76823;76905;9123
Si;5;20260123;101000;76906;76957;76879;76897;6593
Si;5;20260123;101500;76904;76997;76904;76968;8242
Si;5;20260123;102000;76969;77000;76936;76965;8104
Si;5;20260123;102500;76968;77094;76920;77060;10833
Si;5;20260123;103000;77060;77215;77053;77192;22234
Si;5;20260123;103500;77192;77205;77104;77142;11989
Si;5;20260123;104000;77146;77188;77134;77175;9521
Si;5;20260123;104500;77174;77200;77153;77176;6311
Si;5;20260123;105000;77176;77189;77150;77150;4195
Si;5;20260123;105500;77150;77184;77107;77183;11436
Si;5;20260123;110000;77180;77241;77180;77221;7126
Si;5;20260123;110500;77221;77277;77200;77249;10645
Si;5;20260123;111000;77253;77362;77253;77331;17160
Si;5;20260123;111500;77332;77420;77282;77401;23998
Si;5;20260123;112000;77401;77421;77356;77360;15832
Si;5;20260123;112500;77359;77392;77286;77356;11814
Si;5;20260123;113000;77358;77392;77264;77280;7448
Si;5;20260123;113500;77280;77284;77221;77261;9032
Si;5;20260123;114000;77262;77300;77251;77254;9828
Si;5;20260123;114500;77254;77315;77246;77292;4990
Si;5;20260123;115000;77293;77313;77275;77284;2108
Si;5;20260123;115500;77284;77284;77222;77247;16588
Si;5;20260123;120000;77247;77267;77136;77153;14873
Si;5;20260123;120500;77154;77268;77140;77228;7740
Si;5;20260123;121000;77230;77267;77227;77258;1760
Si;5;20260123;121500;77259;77350;77232;77280;11726
Si;5;20260123;122000;77280;77299;77208;77208;5337
Si;5;20260123;122500;77209;77285;77209;77260;5657
Si;5;20260123;123000;77260;77336;77237;77240;7892
Si;5;20260123;123500;77240;77259;77211;77237;2476
Si;5;20260123;124000;77236;77249;77185;77199;4852
Si;5;20260123;124500;77198;77210;77162;77169;2956
Si;5;20260123;125000;77170;77175;77094;77141;5980
Si;5;20260123;125500;77139;77172;77106;77172;2179
Si;5;20260123;130000;77167;77269;77167;77190;6203
Si;5;20260123;130500;77195;77270;77168;77241;5345
Si;5;20260123;131000;77241;77291;77160;77163;5650
Si;5;20260123;131500;77168;77180;77122;77148;3718
Si;5;20260123;132000;77151;77196;77147;77170;2701
Si;5;20260123;132500;77170;77184;77151;77152;3026
Si;5;20260123;133000;77152;77203;77124;77124;3603
Si;5;20260123;133500;77126;77155;77115;77152;2731
Si;5;20260123;134000;77152;77165;77137;77161;2349
Si;5;20260123;134500;77161;77171;77145;77145;2905
Si;5;20260123;135000;77145;77160;77130;77147;4081
Si;5;20260123;135500;77148;77226;77142;77223;4544
Si;5;20260123;140500;77226;77313;77209;77296;15934
Si;5;20260123;141000;77291;77317;77267;77269;8930
Si;5;20260123;141500;77271;77286;77230;77277;5955
Si;5;20260123;142000;77278;77308;77211;77261;7957
Si;5;20260123;142500;77262;77282;77138;77152;8160
Si;5;20260123;143000;77150;77201;77120;77160;4368
Si;5;20260123;143500;77160;77178;77124;77148;3366
Si;5;20260123;144000;77143;77146;77045;77089;7173
Si;5;20260123;144500;77089;77090;77024;77048;4893
Si;5;20260123;145000;77052;77072;77030;77054;3650
Si;5;20260123;145500;77054;77060;77039;77040;3100
Si;5;20260123;150000;77041;77046;76987;76998;6692
Si;5;20260123;150500;76998;76999;76961;76966;3846
Si;5;20260123;151000;76966;77022;76956;77004;4011
Si;5;20260123;151500;77004;77009;76969;76984;2869
Si;5;20260123;152000;76984;77019;76983;76998;3375
Si;5;20260123;152500;76997;77039;76994;77026;3251
Si;5;20260123;153000;77026;77113;77026;77095;5591
Si;5;20260123;153500;77095;77100;77016;77039;4034
Si;5;20260123;154000;77039;77050;77009;77015;2309
Si;5;20260123;154500;77015;77033;76988;77015;2938
Si;5;20260123;155000;77015;77024;76982;76994;2925
Si;5;20260123;155500;76994;77090;76994;77059;2878
Si;5;20260123;160000;77057;77084;77042;77053;1712
Si;5;20260123;160500;77054;77064;77027;77043;1552
Si;5;20260123;161000;77043;77150;77033;77146;2685
Si;5;20260123;161500;77144;77160;77060;77111;2370
Si;5;20260123;162000;77110;77136;77089;77129;1300
Si;5;20260123;162500;77128;77134;77111;77111;656
Si;5;20260123;163000;77121;77124;77049;77089;1592
Si;5;20260123;163500;77094;77240;77067;77188;4551
Si;5;20260123;164000;77187;77219;77187;77205;1611
Si;5;20260123;164500;77206;77214;77136;77141;2394
Si;5;20260123;165000;77139;77154;77097;77130;1549
Si;5;20260123;165500;77132;77215;77127;77209;1414
Si;5;20260123;170000;77210;77240;77171;77172;2117
Si;5;20260123;170500;77177;77190;77150;77176;1387
Si;5;20260123;171000;77174;77209;77155;77166;2563
Si;5;20260123;171500;77166;77258;77166;77216;3240
Si;5;20260123;172000;77219;77220;77118;77160;2696
Si;5;20260123;172500;77157;77199;77145;77199;1817
Si;5;20260123;173000;77199;77219;77158;77188;2919
Si;5;20260123;173500;77184;77210;77182;77198;1655
Si;5;20260123;174000;77197;77205;77153;77154;1843
Si;5;20260123;174500;77150;77155;77103;77114;2317
Si;5;20260123;175000;77117;77143;77114;77121;1175
Si;5;20260123;175500;77122;77150;77103;77106;1575
Si;5;20260123;180000;77107;77144;77063;77064;3765
Si;5;20260123;180500;77063;77139;77059;77114;3173
Si;5;20260123;181000;77115;77136;77085;77104;2727
Si;5;20260123;181500;77101;77153;77088;77136;2654
Si;5;20260123;182000;77135;77143;77092;77108;3478
Si;5;20260123;182500;77109;77140;77109;77140;2820
Si;5;20260123;183000;77143;77146;77125;77125;1939
Si;5;20260123;183500;77126;77132;77060;77069;3355
Si;5;20260123;184000;77063;77083;77027;77027;2925
Si;5;20260123;184500;77027;77044;77012;77041;1665
Si;5;20260123;190500;77046;77048;76811;76882;8664
Si;5;20260123;191000;76882;76894;76820;76823;2850
Si;5;20260123;191500;76827;76841;76721;76753;5919
Si;5;20260123;192000;76754;76812;76735;76790;4866
Si;5;20260123;192500;76789;76807;76774;76780;1090
Si;5;20260123;193000;76783;76783;76716;76726;1861
Si;5;20260123;193500;76725;76805;76716;76805;2523
Si;5;20260123;194000;76803;76851;76803;76824;1966
Si;5;20260123;194500;76823;76824;76769;76785;944
Si;5;20260123;195000;76785;76831;76782;76827;508
Si;5;20260123;195500;76826;76867;76817;76866;1133
Si;5;20260123;200000;76866;76917;76850;76864;1319
Si;5;20260123;200500;76868;76908;76855;76882;455
Si;5;20260123;201000;76880;76885;76856;76861;454
Si;5;20260123;201500;76866;76889;76855;76855;812
Si;5;20260123;202000;76863;76889;76850;76851;606
Si;5;20260123;202500;76853;76853;76789;76798;1348
Si;5;20260123;203000;76792;76838;76782;76822;1412
Si;5;20260123;203500;76822;76848;76782;76787;1163
Si;5;20260123;204000;76786;76818;76722;76753;1845
Si;5;20260123;204500;76753;76784;76733;76741;1087
Si;5;20260123;205000;76740;76743;76712;76734;1383
Si;5;20260123;205500;76734;76741;76672;76717;2367
Si;5;20260123;210000;76717;76717;76682;76691;960
Si;5;20260123;210500;76693;76773;76693;76756;598
Si;5;20260123;211000;76756;76784;76710;76770;522
Si;5;20260123;211500;76772;76778;76752;76767;239
Si;5;20260123;212000;76766;76775;76751;76754;346
Si;5;20260123;212500;76754;76754;76690;76716;1558
Si;5;20260123;213000;76716;76718;76702;76702;301
Si;5;20260123;213500;76705;76707;76685;76698;390
Si;5;20260123;214000;76700;76756;76696;76744;679
Si;5;20260123;214500;76744;76755;76730;76737;198
Si;5;20260123;215000;76742;76749;76722;76724;178
Si;5;20260123;215500;76722;76722;76680;76718;383
Si;5;20260123;220000;76719;76733;76706;76706;151
Si;5;20260123;220500;76710;76724;76701;76711;354
Si;5;20260123;221000;76710;76714;76696;76704;186
Si;5;20260123;221500;76705;76710;76689;76700;879
Si;5;20260123;222000;76697;76702;76656;76667;896
Si;5;20260123;222500;76667;76685;76600;76673;1822
Si;5;20260123;223000;76673;76684;76665;76672;802
Si;5;20260123;223500;76672;76679;76670;76679;132
Si;5;20260123;224000;76680;76694;76674;76675;349
Si;5;20260123;224500;76676;76692;76663;76663;394
Si;5;20260123;225000;76663;76679;76659;76675;220
Si;5;20260123;225500;76666;76681;76659;76669;333
Si;5;20260123;230000;76671;76680;76640;76675;761
Si;5;20260123;230500;76675;76678;76660;76676;261
Si;5;20260123;231000;76675;76678;76660;76668;265
Si;5;20260123;231500;76669;76669;76646;76650;442
Si;5;20260123;232000;76650;76657;76639;76650;937
Si;5;20260123;232500;76650;76650;76630;76648;377
Si;5;20260123;233000;76649;76665;76632;76645;979
Si;5;20260123;233500;76645;76650;76624;76624;452
Si;5;20260123;234000;76639;76650;76622;76638;873
Si;5;20260123;234500;76634;76650;76608;76649;1271
Si;5;20260126;085500;76674;76674;76674;76674;461
Si;5;20260126;090000;76664;76820;76581;76625;13289
Si;5;20260126;090500;76625;76626;76550;76569;8320
Si;5;20260126;091000;76568;76626;76552;76623;2774
Si;5;20260126;091500;76622;76790;76583;76769;5794
Si;5;20260126;092000;76767;76928;76725;76826;8095
Si;5;20260126;092500;76823;77044;76800;76909;14134
Si;5;20260126;093000;76908;76935;76871;76889;3436
Si;5;20260126;093500;76899;76912;76838;76865;2612
Si;5;20260126;094000;76865;76866;76825;76831;1063
Si;5;20260126;094500;76831;76880;76777;76797;2212
Si;5;20260126;095000;76804;76806;76743;76780;2393
Si;5;20260126;095500;76782;76871;76731;76863;2746
Si;5;20260126;100000;76855;77130;76824;77114;29093
Si;5;20260126;100500;77120;77144;76812;76826;17027
Si;5;20260126;101000;76819;76819;76629;76752;15698
Si;5;20260126;101500;76751;76752;76641;76675;11433
Si;5;20260126;102000;76668;76711;76641;76684;9527
Si;5;20260126;102500;76684;76732;76669;76690;5551
Si;5;20260126;103000;76692;76702;76644;76657;3643
Si;5;20260126;103500;76654;76767;76642;76732;4697
Si;5;20260126;104000;76730;76775;76719;76750;2995
Si;5;20260126;104500;76751;76819;76750;76782;4297
Si;5;20260126;105000;76780;76797;76747;76754;2405
Si;5;20260126;105500;76752;76783;76737;76741;2183
Si;5;20260126;110000;76741;76800;76691;76772;4074
Si;5;20260126;110500;76773;76802;76759;76796;1487
Si;5;20260126;111000;76787;76930;76787;76883;6847
Si;5;20260126;111500;76885;77051;76880;76997;9434
Si;5;20260126;112000;76998;77073;76998;77069;7671
Si;5;20260126;112500;77069;77144;77025;77144;14530
Si;5;20260126;113000;77143;77232;77137;77223;16404
Si;5;20260126;113500;77223;77326;77202;77253;12839
Si;5;20260126;114000;77253;77324;77240;77313;16933
Si;5;20260126;114500;77313;77370;77300;77358;17441
Si;5;20260126;115000;77357;77411;77331;77344;21860
Si;5;20260126;115500;77345;77485;77316;77388;17383
Si;5;20260126;120000;77394;77522;77381;77412;25279
Si;5;20260126;120500;77412;77470;77402;77469;12697
Si;5;20260126;121000;77469;77510;77354;77408;13214
Si;5;20260126;121500;77409;77577;77407;77544;19061
Si;5;20260126;122000;77546;77580;77398;77420;14019
Si;5;20260126;122500;77420;77482;77401;77442;5562
Si;5;20260126;123000;77444;77608;77444;77548;12834
Si;5;20260126;123500;77549;77677;77490;77628;13582
Si;5;20260126;124000;77628;77776;77623;77765;31494
Si;5;20260126;124500;77765;77830;77765;77825;21917
Si;5;20260126;125000;77825;77835;77766;77780;15238
Si;5;20260126;125500;77780;77796;77731;77786;11431
Si;5;20260126;130000;77791;77815;77760;77798;8486
Si;5;20260126;130500;77798;77816;77780;77802;4943
Si;5;20260126;131000;77802;77805;77747;77790;8982
Si;5;20260126;131500;77791;77865;77769;77829;17632
Si;5;20260126;132000;77828;77835;77693;77736;12233
Si;5;20260126;132500;77736;77800;77736;77800;6331
Si;5;20260126;133000;77800;77875;77799;77875;8550
Si;5;20260126;133500;77875;77939;77862;77892;9134
Si;5;20260126;134000;77895;77910;77809;77826;6202
Si;5;20260126;134500;77827;77879;77802;77849;5210
Si;5;20260126;135000;77849;77857;77667;77752;11525
Si;5;20260126;135500;77753;77816;77736;77792;6363
Si;5;20260126;140500;77792;77821;77741;77770;8749
Si;5;20260126;141000;77770;77811;77734;77800;5637
Si;5;20260126;141500;77800;77812;77755;77790;4824
Si;5;20260126;142000;77790;77848;77789;77819;4569
Si;5;20260126;142500;77818;77838;77774;77787;3989
Si;5;20260126;143000;77784;77829;77756;77786;4442
Si;5;20260126;143500;77786;77799;77763;77769;4509
Si;5;20260126;144000;77770;77789;77737;77747;4969
Si;5;20260126;144500;77745;77768;77694;77768;7906
Si;5;20260126;145000;77768;77771;77665;77712;6199
Si;5;20260126;145500;77712;77720;77628;77668;5795
Si;5;20260126;150000;77669;77682;77568;77620;8694
Si;5;20260126;150500;77620;77644;77500;77561;18153
Si;5;20260126;151000;77562;77638;77530;77638;28370
Si;5;20260126;151500;77635;77650;77587;77635;8293
Si;5;20260126;152000;77634;77695;77634;77659;6384
Si;5;20260126;152500;77659;77709;77655;77674;3603
Si;5;20260126;153000;77673;77751;77670;77750;4312
Si;5;20260126;153500;77750;77764;77706;77720;4835
Si;5;20260126;154000;77721;77729;77685;77719;3495
Si;5;20260126;154500;77719;77785;77719;77771;5729
Si;5;20260126;155000;77771;77815;77720;77790;6302
Si;5;20260126;155500;77790;77808;77773;77787;5237
Si;5;20260126;160000;77787;77800;77767;77800;6246
Si;5;20260126;160500;77800;77900;77798;77832;11004
Si;5;20260126;161000;77832;77837;77755;77791;6511
Si;5;20260126;161500;77791;77802;77755;77755;4159
Si;5;20260126;162000;77760;77769;77685;77723;5776
Si;5;20260126;162500;77718;77781;77714;77768;3247
Si;5;20260126;163000;77768;77820;77747;77800;4912
Si;5;20260126;163500;77799;77824;77779;77799;3570
Si;5;20260126;164000;77797;77824;77791;77800;3536
Si;5;20260126;164500;77800;77836;77800;77829;5487
Si;5;20260126;165000;77830;77839;77784;77793;5388
Si;5;20260126;165500;77793;77846;77774;77846;7172
Si;5;20260126;170000;77843;77974;77788;77887;21322
Si;5;20260126;170500;77886;77886;77707;77715;28759
Si;5;20260126;171000;77717;77747;77622;77713;31430
Si;5;20260126;171500;77713;77746;77702;77720;15168
Si;5;20260126;172000;77720;77750;77715;77733;14766
Si;5;20260126;172500;77733;77733;77633;77727;30104
Si;5;20260126;173000;77727;77867;77727;77861;7008
Si;5;20260126;173500;77863;77864;77723;77804;6709
Si;5;20260126;174000;77804;77829;77734;77775;6778
Si;5;20260126;174500;77775;77862;77757;77860;10042
Si;5;20260126;175000;77858;77899;77791;77872;6271
Si;5;20260126;175500;77873;77887;77714;77783;11423
Si;5;20260126;180000;77781;77895;77771;77890;5695
Si;5;20260126;180500;77890;77949;77851;77895;8341
Si;5;20260126;181000;77887;78084;77870;77997;12765
Si;5;20260126;181500;78005;78189;77981;78070;19661
Si;5;20260126;182000;78071;78135;78071;78102;4708
Si;5;20260126;182500;78101;78212;78101;78167;11789
Si;5;20260126;183000;78166;78195;78080;78107;7415
Si;5;20260126;183500;78104;78113;78064;78065;6445
Si;5;20260126;184000;78065;78067;77955;77960;7457
Si;5;20260126;184500;77959;78021;77939;78021;5223
Si;5;20260126;190500;78021;78021;77960;78013;2631
Si;5;20260126;191000;78013;78089;77994;78001;2377
Si;5;20260126;191500;78002;78052;77989;77992;1628
Si;5;20260126;192000;77994;78047;77988;77990;925
Si;5;20260126;192500;77991;78045;77989;78032;658
Si;5;20260126;193000;78033;78054;78002;78019;625
Si;5;20260126;193500;78018;78092;78006;78090;1000
Si;5;20260126;194000;78089;78102;78063;78101;774
Si;5;20260126;194500;78101;78101;78078;78097;549
Si;5;20260126;195000;78097;78102;78070;78095;713
Si;5;20260126;195500;78095;78098;78075;78079;296
Si;5;20260126;200000;78079;78090;78055;78060;563
Si;5;20260126;200500;78058;78095;78051;78051;1065
Si;5;20260126;201000;78052;78060;78026;78056;975
Si;5;20260126;201500;78059;78068;78030;78030;262
Si;5;20260126;202000;78026;78040;77993;78011;1752
Si;5;20260126;202500;78008;78030;78003;78008;438
Si;5;20260126;203000;78008;78011;77991;77994;639
Si;5;20260126;203500;77994;77995;77956;77961;582
Si;5;20260126;204000;77960;77960;77942;77942;716
Si;5;20260126;204500;77948;77950;77906;77940;1401
Si;5;20260126;205000;77940;77962;77927;77962;339
Si;5;20260126;205500;77960;77975;77929;77971;914
Si;5;20260126;210000;77964;77964;77926;77938;523
Si;5;20260126;210500;77941;77947;77927;77947;248
Si;5;20260126;211000;77946;77999;77928;77976;824
Si;5;20260126;211500;77976;78017;77975;78017;380
Si;5;20260126;212000;78016;78040;78015;78030;582
Si;5;20260126;212500;78031;78040;77981;77984;1127
Si;5;20260126;213000;77987;78002;77983;78000;241
Si;5;20260126;213500;77998;78007;77992;78005;161
Si;5;20260126;214000;78005;78022;77993;78020;716
Si;5;20260126;214500;78020;78036;78005;78028;358
Si;5;20260126;215000;78026;78031;78022;78026;162
Si;5;20260126;215500;78030;78036;78021;78021;68
Si;5;20260126;220000;78021;78022;77987;77987;555
Si;5;20260126;220500;77991;77991;77970;77985;494
Si;5;20260126;221000;77977;77977;77957;77970;323
Si;5;20260126;221500;77962;77985;77957;77985;532
Si;5;20260126;222000;77985;78023;77974;78010;488
Si;5;20260126;222500;78016;78031;78015;78031;164
Si;5;20260126;223000;78030;78067;78026;78064;854
Si;5;20260126;223500;78063;78082;78060;78060;600
Si;5;20260126;224000;78068;78090;78037;78040;962
Si;5;20260126;224500;78041;78065;78018;78044;1066
Si;5;20260126;225000;78044;78053;78018;78022;341
Si;5;20260126;225500;78029;78029;78003;78007;523
Si;5;20260126;230000;78007;78052;77980;78052;652
Si;5;20260126;230500;78050;78053;78022;78031;282
Si;5;20260126;231000;78031;78058;78015;78058;636
Si;5;20260126;231500;78058;78084;78054;78082;632
Si;5;20260126;232000;78083;78097;78070;78084;782
Si;5;20260126;232500;78084;78099;78078;78081;203
Si;5;20260126;233000;78080;78080;78068;78071;303
Si;5;20260126;233500;78068;78093;78050;78088;706
Si;5;20260126;234000;78082;78096;78064;78083;606
Si;5;20260126;234500;78074;78092;78050;78054;654
Si;5;20260127;085500;78093;78093;78093;78093;30
Si;5;20260127;090000;78093;78139;78035;78138;3126
Si;5;20260127;090500;78137;78138;77981;78018;2875
Si;5;20260127;091000;78023;78031;77950;78023;4774
Si;5;20260127;091500;78019;78074;77992;78026;1369
Si;5;20260127;092000;78032;78114;78032;78046;1461
Si;5;20260127;092500;78047;78082;78015;78071;1846
Si;5;20260127;093000;78064;78119;78064;78083;1364
Si;5;20260127;093500;78084;78173;78084;78158;3262
Si;5;20260127;094000;78162;78170;78125;78141;1799
Si;5;20260127;094500;78141;78160;78105;78146;1641
Si;5;20260127;095000;78137;78150;78128;78130;562
Si;5;20260127;095500;78130;78146;78059;78094;1608
Si;5;20260127;100000;78102;78340;78090;78182;22527
Si;5;20260127;100500;78181;78182;77881;77883;15483
Si;5;20260127;101000;77887;78069;77804;77955;22225
Si;5;20260127;101500;77959;77960;77818;77883;8968
Si;5;20260127;102000;77884;77884;77759;77797;8036
Si;5;20260127;102500;77792;77792;77664;77727;15792
Si;5;20260127;103000;77726;77822;77684;77769;8086
Si;5;20260127;103500;77770;77798;77748;77764;9377
Si;5;20260127;104000;77761;77850;77756;77835;8727
Si;5;20260127;104500;77833;77937;77817;77834;7578
Si;5;20260127;105000;77834;77893;77782;77798;7668
Si;5;20260127;105500;77793;77806;77723;77752;3810
Si;5;20260127;110000;77752;77772;77696;77767;4931
Si;5;20260127;110500;77767;77823;77740;77804;4937
Si;5;20260127;111000;77803;77815;77773;77790;2305
Si;5;20260127;111500;77785;77787;77609;77632;12811
Si;5;20260127;112000;77631;77659;77566;77579;6834
Si;5;20260127;112500;77581;77607;77565;77597;4614
Si;5;20260127;113000;77596;77702;77537;77646;9708
Si;5;20260127;113500;77646;77646;77587;77600;4283
Si;5;20260127;114000;77597;77627;77560;77617;3231
Si;5;20260127;114500;77612;77639;77597;77625;2852
Si;5;20260127;115000;77626;77683;77620;77668;2705
Si;5;20260127;115500;77661;77725;77650;77660;5882
Si;5;20260127;120000;77656;77700;77620;77656;9167
Si;5;20260127;120500;77655;77667;77612;77634;5286
Si;5;20260127;121000;77636;77693;77622;77671;4325
Si;5;20260127;121500;77675;77796;77673;77792;10115
Si;5;20260127;122000;77794;77815;77746;77757;5587
Si;5;20260127;122500;77761;77866;77729;77853;12967
Si;5;20260127;123000;77851;77883;77790;77799;19504
Si;5;20260127;123500;77794;77797;77654;77730;9896
Si;5;20260127;124000;77729;77806;77671;77705;5876
Si;5;20260127;124500;77702;77721;77600;77604;10606
Si;5;20260127;125000;77604;77624;77558;77620;11719
Si;5;20260127;125500;77620;77683;77590;77607;6444
Si;5;20260127;130000;77606;77619;77500;77517;12818
Si;5;20260127;130500;77515;77563;77432;77433;14277
Si;5;20260127;131000;77432;77462;77340;77413;15936
Si;5;20260127;131500;77413;77417;77328;77366;15533
Si;5;20260127;132000;77362;77448;77350;77443;10025
Si;5;20260127;132500;77445;77473;77419;77428;4694
Si;5;20260127;133000;77429;77585;77423;77548;8219
Si;5;20260127;133500;77550;77597;77526;77559;4765
Si;5;20260127;134000;77560;77585;77484;77510;4340
Si;5;20260127;134500;77510;77545;77460;77510;5414
Si;5;20260127;135000;77510;77558;77490;77531;5175
Si;5;20260127;135500;77526;77617;77506;77600;5577
Si;5;20260127;140500;77600;77603;77492;77566;5891
Si;5;20260127;141000;77569;77610;77568;77605;4246
Si;5;20260127;141500;77604;77641;77602;77614;4816
Si;5;20260127;142000;77613;77665;77575;77583;3473
Si;5;20260127;142500;77577;77618;77539;77541;2903
Si;5;20260127;143000;77544;77560;77480;77486;3365
Si;5;20260127;143500;77487;77500;77437;77480;1982
Si;5;20260127;144000;77476;77516;77470;77494;1056
Si;5;20260127;144500;77493;77578;77461;77571;5636
Si;5;20260127;145000;77575;77669;77560;77595;5987
Si;5;20260127;145500;77592;77647;77568;77634;2233
Si;5;20260127;150000;77636;77673;77602;77626;5542
Si;5;20260127;150500;77631;77655;77570;77590;3644
Si;5;20260127;151000;77591;77619;77577;77602;2636
Si;5;20260127;151500;77611;77645;77604;77640;1766
Si;5;20260127;152000;77639;77692;77631;77670;4815
Si;5;20260127;152500;77673;77704;77648;77658;3071
Si;5;20260127;153000;77657;77749;77611;77661;37702
Si;5;20260127;153500;77661;77698;77644;77688;18308
Si;5;20260127;154000;77686;77732;77678;77704;20927
Si;5;20260127;154500;77709;77713;77611;77626;21796
Si;5;20260127;155000;77626;77660;77584;77593;22109
Si;5;20260127;155500;77594;77633;77561;77623;21662
Si;5;20260127;160000;77622;77700;77534;77660;11387
Si;5;20260127;160500;77658;77658;77585;77593;2524
Si;5;20260127;161000;77596;77693;77558;77638;20876
Si;5;20260127;161500;77637;77637;77476;77480;9082
Si;5;20260127;162000;77479;77575;77465;77533;5394
Si;5;20260127;162500;77533;77560;77470;77515;4263
Si;5;20260127;163000;77515;77516;77462;77497;3515
Si;5;20260127;163500;77497;77516;77450;77482;3673
Si;5;20260127;164000;77470;77527;77452;77464;3393
Si;5;20260127;164500;77464;77471;77400;77440;5327
Si;5;20260127;165000;77436;77518;77390;77394;4843
Si;5;20260127;165500;77398;77496;77392;77424;4185
Si;5;20260127;170000;77421;77439;77284;77338;10785
Si;5;20260127;170500;77337;77379;77310;77369;4192
Si;5;20260127;171000;77370;77399;77349;77371;3822
Si;5;20260127;171500;77369;77370;77314;77336;3173
Si;5;20260127;172000;77332;77468;77317;77436;5142
Si;5;20260127;172500;77437;77449;77379;77408;4263
Si;5;20260127;173000;77400;77407;77355;77360;2934
Si;5;20260127;173500;77360;77425;77344;77413;3635
Si;5;20260127;174000;77414;77422;77346;77356;1461
Si;5;20260127;174500;77357;77396;77327;77381;5303
Si;5;20260127;175000;77378;77437;77361;77377;4638
Si;5;20260127;175500;77380;77424;77370;77407;3154
Si;5;20260127;180000;77408;77411;77306;77306;9186
Si;5;20260127;180500;77307;77385;77302;77366;4977
Si;5;20260127;181000;77368;77412;77350;77352;3160
Si;5;20260127;181500;77352;77354;77308;77327;3549
Si;5;20260127;182000;77322;77335;77232;77253;6806
Si;5;20260127;182500;77248;77258;77237;77244;2680
Si;5;20260127;183000;77244;77313;77223;77300;7601
Si;5;20260127;183500;77303;77369;77275;77327;9526
Si;5;20260127;184000;77326;77337;77270;77280;3258
Si;5;20260127;184500;77279;77307;77248;77260;3847
Si;5;20260127;190500;77320;77329;77203;77303;2811
Si;5;20260127;191000;77301;77328;77225;77244;1680
Si;5;20260127;191500;77241;77260;77009;77257;13629
Si;5;20260127;192000;77257;77291;77245;77286;1269
Si;5;20260127;192500;77286;77294;77286;77287;688
Si;5;20260127;193000;77289;77295;77266;77266;619
Si;5;20260127;193500;77267;77290;77261;77290;461
Si;5;20260127;194000;77289;77290;77274;77282;203
Si;5;20260127;194500;77281;77314;77281;77310;580
Si;5;20260127;195000;77310;77340;77309;77327;624
Si;5;20260127;195500;77327;77327;77288;77288;521
Si;5;20260127;200000;77290;77290;77261;77263;433
Si;5;20260127;200500;77263;77275;77260;77275;184
Si;5;20260127;201000;77276;77288;77275;77279;417
Si;5;20260127;201500;77281;77287;77279;77280;192
Si;5;20260127;202000;77280;77288;77279;77284;318
Si;5;20260127;202500;77286;77304;77284;77304;1210
Si;5;20260127;203000;77305;77346;77300;77344;443
Si;5;20260127;203500;77344;77349;77334;77340;564
Si;5;20260127;204000;77342;77344;77334;77337;230
Si;5;20260127;204500;77338;77367;77337;77350;1104
Si;5;20260127;205000;77351;77355;77344;77347;431
Si;5;20260127;205500;77347;77354;77333;77334;651
Si;5;20260127;210000;77336;77338;77317;77317;537
Si;5;20260127;210500;77319;77331;77296;77298;282
Si;5;20260127;211000;77297;77299;77294;77295;113
Si;5;20260127;211500;77293;77299;77290;77290;409
Si;5;20260127;212000;77298;77307;77290;77303;311
Si;5;20260127;212500;77301;77305;77296;77300;51
Si;5;20260127;213000;77300;77313;77291;77313;613
Si;5;20260127;213500;77312;77314;77291;77291;281
Si;5;20260127;214000;77291;77302;77285;77302;456
Si;5;20260127;214500;77295;77305;77295;77305;95
Si;5;20260127;215000;77303;77319;77285;77300;196
Si;5;20260127;215500;77300;77302;77280;77283;381
Si;5;20260127;220000;77288;77288;77278;77285;107
Si;5;20260127;220500;77283;77285;77278;77279;167
Si;5;20260127;221000;77279;77299;77279;77285;375
Si;5;20260127;221500;77290;77308;77287;77307;155
Si;5;20260127;222000;77307;77322;77305;77310;202
Si;5;20260127;222500;77317;77317;77298;77311;96
Si;5;20260127;223000;77310;77328;77277;77278;499
Si;5;20260127;223500;77278;77304;77276;77290;602
Si;5;20260127;224000;77290;77300;77290;77300;150
Si;5;20260127;224500;77300;77308;77277;77284;266
Si;5;20260127;225000;77287;77294;77272;77275;305
Si;5;20260127;225500;77277;77277;77250;77255;696
Si;5;20260127;230000;77255;77274;77249;77257;1119
Si;5;20260127;230500;77258;77276;77237;77269;1245
Si;5;20260127;231000;77259;77269;77210;77218;1006
Si;5;20260127;231500;77215;77224;77137;77168;2730
Si;5;20260127;232000;77170;77174;77147;77158;814
Si;5;20260127;232500;77156;77188;77148;77148;491
Si;5;20260127;233000;77166;77226;77165;77211;902
Si;5;20260127;233500;77216;77253;77216;77253;412
Si;5;20260127;234000;77246;77258;77237;77239;424
Si;5;20260127;234500;77238;77258;77160;77258;1613
Si;5;20260128;085500;77161;77161;77161;77161;44
Si;5;20260128;090000;77176;77277;77124;77149;4167
Si;5;20260128;090500;77148;77333;77148;77277;6977
Si;5;20260128;091000;77277;77285;77152;77257;4549
Si;5;20260128;091500;77261;77271;77181;77220;1197
Si;5;20260128;092000;77220;77245;77112;77154;3517
Si;5;20260128;092500;77155;77163;77088;77133;3075
Si;5;20260128;093000;77133;77172;77094;77119;2419
Si;5;20260128;093500;77131;77164;77101;77123;1717
Si;5;20260128;094000;77127;77168;77109;77162;934
Si;5;20260128;094500;77163;77226;77152;77219;1588
Si;5;20260128;095000;77217;77256;77196;77219;1327
Si;5;20260128;095500;77216;77264;77172;77229;2161
Si;5;20260128;100000;77215;77243;76978;77015;19681
Si;5;20260128;100500;77019;77063;76819;76845;26588
Si;5;20260128;101000;76845;76969;76819;76926;15910
Si;5;20260128;101500;76928;76973;76885;76953;10194
Si;5;20260128;102000;76950;77055;76920;76924;15294
Si;5;20260128;102500;76926;77067;76890;77041;8868
Si;5;20260128;103000;77048;77250;77041;77236;17575
Si;5;20260128;103500;77234;77317;77195;77274;16512
Si;5;20260128;104000;77276;77351;77246;77311;12721
Si;5;20260128;104500;77308;77343;77272;77273;9313
Si;5;20260128;105000;77273;77389;77267;77347;9963
Si;5;20260128;105500;77352;77450;77345;77404;18333
Si;5;20260128;110000;77404;77448;77402;77431;10540
Si;5;20260128;110500;77431;77450;77396;77411;12532
Si;5;20260128;111000;77414;77439;77352;77389;9964
Si;5;20260128;111500;77394;77441;77342;77342;10883
Si;5;20260128;112000;77341;77490;77272;77275;15782
Si;5;20260128;112500;77276;77299;77212;77279;9322
Si;5;20260128;113000;77278;77336;77261;77292;6365
Si;5;20260128;113500;77294;77307;77245;77283;3956
Si;5;20260128;114000;77288;77403;77285;77392;4800
Si;5;20260128;114500;77395;77402;77325;77370;4201
Si;5;20260128;115000;77375;77431;77364;77374;7234
Si;5;20260128;115500;77375;77397;77330;77347;2776
Si;5;20260128;120000;77350;77386;77298;77320;4642
Si;5;20260128;120500;77324;77353;77277;77336;10311
Si;5;20260128;121000;77336;77347;77304;77332;3934
Si;5;20260128;121500;77331;77400;77330;77397;5328
Si;5;20260128;122000;77400;77445;77261;77307;14584
Si;5;20260128;122500;77303;77390;77294;77350;4668
Si;5;20260128;123000;77350;77376;77275;77311;4532
Si;5;20260128;123500;77314;77388;77300;77371;8048
Si;5;20260128;124000;77379;77422;77329;77351;7718
Si;5;20260128;124500;77354;77387;77323;77372;6094
Si;5;20260128;125000;77375;77425;77360;77360;7778
Si;5;20260128;125500;77361;77382;77334;77360;4732
Si;5;20260128;130000;77366;77381;77305;77313;4121
Si;5;20260128;130500;77317;77364;77310;77320;4326
Si;5;20260128;131000;77320;77353;77220;77254;5370
Si;5;20260128;131500;77255;77334;77239;77312;8195
Si;5;20260128;132000;77313;77375;77298;77357;5783
Si;5;20260128;132500;77355;77401;77342;77348;7461
Si;5;20260128;133000;77348;77368;77310;77355;12839
Si;5;20260128;133500;77355;77421;77343;77360;10549
Si;5;20260128;134000;77359;77409;77359;77386;7134
Si;5;20260128;134500;77386;77406;77333;77348;7372
Si;5;20260128;135000;77348;77370;77321;77323;7147
Si;5;20260128;135500;77323;77435;77323;77400;5153
Si;5;20260128;140500;77399;77440;77354;77404;5638
Si;5;20260128;141000;77404;77424;77352;77371;8608
Si;5;20260128;141500;77376;77427;77364;77410;8861
Si;5;20260128;142000;77413;77429;77370;77390;6026
Si;5;20260128;142500;77390;77515;77375;77504;15533
Si;5;20260128;143000;77504;77636;77419;77615;29234
Si;5;20260128;143500;77613;77658;77581;77636;25889
Si;5;20260128;144000;77637;77656;77621;77641;23825
Si;5;20260128;144500;77641;77695;77610;77631;35606
Si;5;20260128;145000;77632;77674;77627;77672;22825
Si;5;20260128;145500;77667;77810;77651;77788;31300
Si;5;20260128;150000;77793;77900;77734;77823;33823
Si;5;20260128;150500;77822;77833;77730;77794;6574
Si;5;20260128;151000;77794;77796;77650;77690;6762
Si;5;20260128;151500;77691;77734;77652;77680;4157
Si;5;20260128;152000;77680;77794;77627;77725;46339
Si;5;20260128;152500;77724;77743;77680;77734;20649
Si;5;20260128;153000;77734;77786;77711;77738;23020
Si;5;20260128;153500;77742;77778;77738;77764;21681
Si;5;20260128;154000;77765;77825;77753;77772;24746
Si;5;20260128;154500;77772;77804;77757;77794;20042
Si;5;20260128;155000;77794;77825;77781;77800;22514
Si;5;20260128;155500;77801;77820;77771;77774;18208
Si;5;20260128;160000;77778;77845;77749;77770;31194
Si;5;20260128;160500;77772;77792;77698;77717;23669
Si;5;20260128;161000;77718;77738;77645;77669;12666
Si;5;20260128;161500;77670;77798;77660;77794;23404
Si;5;20260128;162000;77790;77826;77740;77786;10756
Si;5;20260128;162500;77786;77798;77742;77749;3542
Si;5;20260128;163000;77749;77756;77681;77725;3326
Si;5;20260128;163500;77723;77745;77709;77709;2675
Si;5;20260128;164000;77707;77767;77703;77745;3508
Si;5;20260128;164500;77748;77778;77710;77715;2996
Si;5;20260128;165000;77718;77732;77665;77698;2492
Si;5;20260128;165500;77700;77708;77659;77668;4588
Si;5;20260128;170000;77667;77683;77613;77625;6056
Si;5;20260128;170500;77625;77697;77625;77692;5495
Si;5;20260128;171000;77695;77707;77641;77656;2073
Si;5;20260128;171500;77663;77736;77656;77720;2570
Si;5;20260128;172000;77726;77748;77652;77672;2437
Si;5;20260128;172500;77665;77690;77628;77655;2694
Si;5;20260128;173000;77661;77727;77640;77695;3215
Si;5;20260128;173500;77693;77704;77657;77670;2550
Si;5;20260128;174000;77670;77670;77614;77618;2118
Si;5;20260128;174500;77619;77646;77535;77607;6245
Si;5;20260128;175000;77608;77635;77585;77633;2737
Si;5;20260128;175500;77633;77640;77611;77631;1066
Si;5;20260128;180000;77629;77638;77564;77587;5388
Si;5;20260128;180500;77587;77712;77581;77712;7977
Si;5;20260128;181000;77711;77770;77697;77742;7592
Si;5;20260128;181500;77743;77765;77707;77731;2815
Si;5;20260128;182000;77740;77755;77705;77748;3090
Si;5;20260128;182500;77748;77755;77726;77745;4837
Si;5;20260128;183000;77745;77748;77730;77738;4410
Si;5;20260128;183500;77737;77739;77715;77728;2061
Si;5;20260128;184000;77724;77727;77680;77683;2954
Si;5;20260128;184500;77682;77690;77643;77666;4567
Si;5;20260128;190500;77660;77726;77660;77687;3391
Si;5;20260128;191000;77687;77688;77643;77671;671
Si;5;20260128;191500;77671;77676;77640;77667;1197
Si;5;20260128;192000;77666;77667;77605;77609;767
Si;5;20260128;192500;77608;77637;77586;77614;1019
Si;5;20260128;193000;77616;77642;77609;77625;424
Si;5;20260128;193500;77630;77636;77622;77629;188
Si;5;20260128;194000;77628;77629;77611;77611;185
Si;5;20260128;194500;77610;77613;77597;77598;194
Si;5;20260128;195000;77597;77598;77575;77581;994
Si;5;20260128;195500;77580;77584;77572;77583;729
Si;5;20260128;200000;77583;77586;77566;77584;643
Si;5;20260128;200500;77585;77591;77568;77591;394
Si;5;20260128;201000;77589;77600;77584;77600;717
Si;5;20260128;201500;77600;77600;77599;77600;693
Si;5;20260128;202000;77600;77600;77586;77587;317
Si;5;20260128;202500;77587;77587;77564;77578;714
Si;5;20260128;203000;77576;77577;77566;77575;193
Si;5;20260128;203500;77577;77612;77577;77605;642
Si;5;20260128;204000;77612;77626;77603;77613;330
Si;5;20260128;204500;77611;77611;77563;77578;1090
Si;5;20260128;205000;77577;77577;77553;77555;582
Si;5;20260128;205500;77555;77555;77551;77553;295
Si;5;20260128;210000;77553;77556;77550;77550;358
Si;5;20260128;210500;77552;77554;77546;77548;734
Si;5;20260128;211000;77549;77551;77547;77548;279
Si;5;20260128;211500;77547;77547;77515;77522;711
Si;5;20260128;212000;77522;77527;77511;77527;429
Si;5;20260128;212500;77528;77580;77525;77580;797
Si;5;20260128;213000;77580;77640;77572;77639;1791
Si;5;20260128;213500;77639;77648;77632;77648;680
Si;5;20260128;214000;77649;77660;77631;77643;709
Si;5;20260128;214500;77643;77678;77636;77668;553
Si;5;20260128;215000;77666;77687;77658;77687;359
Si;5;20260128;215500;77687;77690;77674;77688;597
Si;5;20260128;220000;77687;77690;77664;77689;567
Si;5;20260128;220500;77689;77712;77678;77712;584
Si;5;20260128;221000;77712;77715;77680;77682;357
Si;5;20260128;221500;77682;77693;77682;77683;102
Si;5;20260128;222000;77683;77685;77662;77663;221
Si;5;20260128;222500;77665;77676;77653;77674;296
Si;5;20260128;223000;77675;77697;77674;77694;157
Si;5;20260128;223500;77694;77696;77655;77655;489
Si;5;20260128;224000;77656;77656;77642;77644;338
Si;5;20260128;224500;77644;77644;77579;77584;774
Si;5;20260128;225000;77590;77590;77575;77578;490
Si;5;20260128;225500;77578;77618;77571;77598;840
Si;5;20260128;230000;77598;77598;77576;77594;461
Si;5;20260128;230500;77589;77606;77582;77603;469
Si;5;20260128;231000;77602;77602;77585;77594;428
Si;5;20260128;231500;77595;77598;77555;77557;515
Si;5;20260128;232000;77556;77575;77554;77558;302
Si;5;20260128;232500;77557;77574;77551;77561;392
Si;5;20260128;233000;77556;77576;77553;77573;968
Si;5;20260128;233500;77570;77588;77570;77587;480
Si;5;20260128;234000;77594;77633;77560;77613;923
Si;5;20260128;234500;77612;77640;77591;77592;922
Si;5;20260129;085500;77548;77548;77548;77548;65
Si;5;20260129;090000;77575;77598;77507;77547;3851
Si;5;20260129;090500;77548;77643;77522;77596;2588
Si;5;20260129;091000;77606;77704;77594;77615;3552
Si;5;20260129;091500;77613;77654;77574;77589;1358
Si;5;20260129;092000;77589;77666;77546;77660;2783
Si;5;20260129;092500;77657;77664;77575;77594;1554
Si;5;20260129;093000;77594;77604;77532;77560;1306
Si;5;20260129;093500;77563;77604;77481;77493;3606
Si;5;20260129;094000;77495;77511;77445;77476;3871
Si;5;20260129;094500;77476;77491;77406;77452;5114
Si;5;20260129;095000;77452;77478;77425;77460;2146
Si;5;20260129;095500;77445;77500;77431;77454;1902
Si;5;20260129;100000;77457;77539;77321;77351;21074
Si;5;20260129;100500;77349;77517;77301;77479;29331
Si;5;20260129;101000;77481;77485;77336;77337;21068
Si;5;20260129;101500;77337;77390;77275;77382;14877
Si;5;20260129;102000;77383;77383;77314;77328;8708
Si;5;20260129;102500;77327;77375;77307;77319;9048
Si;5;20260129;103000;77319;77319;77120;77186;20156
Si;5;20260129;103500;77186;77261;77165;77235;11219
Si;5;20260129;104000;77237;77291;77214;77291;9011
Si;5;20260129;104500;77291;77320;77240;77312;12215
Si;5;20260129;105000;77309;77348;77276;77317;10004
Si;5;20260129;105500;77319;77418;77315;77415;12447
Si;5;20260129;110000;77414;77419;77301;77337;8624
Si;5;20260129;110500;77338;77402;77312;77368;11901
Si;5;20260129;111000;77364;77484;77354;77382;10007
Si;5;20260129;111500;77382;77408;77360;77394;6659
Si;5;20260129;112000;77394;77419;77361;77375;5448
Si;5;20260129;112500;77369;77421;77364;77397;9026
Si;5;20260129;113000;77397;77525;77381;77502;21700
Si;5;20260129;113500;77501;77564;77498;77556;26940
Si;5;20260129;114000;77555;77562;77486;77553;34759
Si;5;20260129;114500;77555;77609;77493;77533;53525
Si;5;20260129;115000;77533;77574;77489;77521;38406
Si;5;20260129;115500;77523;77563;77514;77540;22844
Si;5;20260129;120000;77539;77557;77505;77549;22501
Si;5;20260129;120500;77549;77558;77513;77543;24507
Si;5;20260129;121000;77547;77560;77533;77535;28093
Si;5;20260129;121500;77538;77538;77333;77368;13859
Si;5;20260129;122000;77368;77371;77333;77358;5783
Si;5;20260129;122500;77360;77404;77330;77351;5672
Si;5;20260129;123000;77348;77353;77255;77346;7229
Si;5;20260129;123500;77344;77390;77307;77357;8435
Si;5;20260129;124000;77357;77357;77260;77272;6732
Si;5;20260129;124500;77271;77338;77250;77316;9463
Si;5;20260129;125000;77312;77342;77294;77325;4916
Si;5;20260129;125500;77326;77326;77270;77281;4421
Si;5;20260129;130000;77281;77303;77233;77260;7138
Si;5;20260129;130500;77259;77282;77206;77221;6001
Si;5;20260129;131000;77222;77232;77158;77210;8108
Si;5;20260129;131500;77207;77274;77184;77241;6841
Si;5;20260129;132000;77243;77245;77062;77097;17359
Si;5;20260129;132500;77092;77094;77001;77061;22496
Si;5;20260129;133000;77065;77134;77019;77076;17508
Si;5;20260129;133500;77070;77127;77018;77023;12363
Si;5;20260129;134000;77024;77082;76952;77059;44876
Si;5;20260129;134500;77059;77069;76983;77025;30487
Si;5;20260129;135000;77025;77040;77010;77022;5806
Si;5;20260129;135500;77022;77078;76963;77005;11639
Si;5;20260129;140500;77006;77006;76908;76964;18925
Si;5;20260129;141000;76962;77005;76943;76950;4826
Si;5;20260129;141500;76950;76953;76901;76910;11877
Si;5;20260129;142000;76910;76998;76900;76969;13095
Si;5;20260129;142500;76968;76978;76850;76850;15578
Si;5;20260129;143000;76850;76867;76782;76862;13616
Si;5;20260129;143500;76862;76874;76850;76850;6573
Si;5;20260129;144000;76850;77050;76815;76988;21186
Si;5;20260129;144500;76986;77028;76970;77016;8164
Si;5;20260129;145000;77012;77048;76944;76945;7635
Si;5;20260129;145500;76944;76997;76903;76958;6468
Si;5;20260129;150000;76958;76986;76869;76874;5943
Si;5;20260129;150500;76873;76987;76861;76947;7473
Si;5;20260129;151000;76947;76965;76888;76900;3248
Si;5;20260129;151500;76898;76933;76870;76881;3235
Si;5;20260129;152000;76881;76882;76827;76829;4023
Si;5;20260129;152500;76830;76830;76790;76808;5275
Si;5;20260129;153000;76804;76856;76770;76854;4800
Si;5;20260129;153500;76854;76876;76833;76855;3677
Si;5;20260129;154000;76855;76915;76854;76886;5410
Si;5;20260129;154500;76888;76895;76846;76865;2458
Si;5;20260129;155000;76860;76870;76808;76809;2416
Si;5;20260129;155500;76810;76901;76790;76877;7876
Si;5;20260129;160000;76876;76909;76829;76891;7937
Si;5;20260129;160500;76891;76893;76711;76735;12716
Si;5;20260129;161000;76734;76789;76720;76754;12312
Si;5;20260129;161500;76754;76754;76680;76754;9018
Si;5;20260129;162000;76744;76894;76724;76848;18967
Si;5;20260129;162500;76848;76894;76782;76832;19585
Si;5;20260129;163000;76835;76851;76782;76817;18388
Si;5;20260129;163500;76818;76907;76781;76860;23156
Si;5;20260129;164000;76858;76858;76765;76771;19449
Si;5;20260129;164500;76771;76801;76701;76780;23708
Si;5;20260129;165000;76779;76794;76666;76683;33189
Si;5;20260129;165500;76683;76748;76606;76729;28401
Si;5;20260129;170000;76728;76766;76659;76665;10972
Si;5;20260129;170500;76662;76734;76503;76657;25707
Si;5;20260129;171000;76656;76678;76534;76555;8883
Si;5;20260129;171500;76553;76578;76445;76538;12778
Si;5;20260129;172000;76535;76550;76370;76386;8321
Si;5;20260129;172500;76382;76473;76205;76220;16193
Si;5;20260129;173000;76219;76404;76152;76369;19445
Si;5;20260129;173500;76369;76529;76350;76459;11678
Si;5;20260129;174000;76459;76550;76449;76449;7081
Si;5;20260129;174500;76450;76453;76362;76375;6756
Si;5;20260129;175000;76375;76422;76289;76300;5075
Si;5;20260129;175500;76299;76366;76256;76312;5940
Si;5;20260129;180000;76316;76419;76310;76342;8936
Si;5;20260129;180500;76345;76374;76235;76244;10749
Si;5;20260129;181000;76244;76350;76227;76330;8000
Si;5;20260129;181500;76332;76374;76303;76313;12816
Si;5;20260129;182000;76310;76478;76301;76462;13166
Si;5;20260129;182500;76458;76508;76406;76407;11989
Si;5;20260129;183000;76407;76498;76369;76384;17200
Si;5;20260129;183500;76379;76450;76346;76370;12668
Si;5;20260129;184000;76370;76460;76352;76419;7466
Si;5;20260129;184500;76417;76429;76329;76417;8254
Si;5;20260129;190500;76429;76560;76389;76481;10772
Si;5;20260129;191000;76484;76490;76400;76465;5216
Si;5;20260129;191500;76462;76480;76436;76478;1752
Si;5;20260129;192000;76475;76495;76463;76474;1491
Si;5;20260129;192500;76473;76479;76442;76469;2109
Si;5;20260129;193000;76466;76484;76420;76430;2198
Si;5;20260129;193500;76430;76440;76378;76412;1998
Si;5;20260129;194000;76419;76450;76403;76447;1430
Si;5;20260129;194500;76449;76468;76405;76414;564
Si;5;20260129;195000;76411;76439;76406;76411;971
Si;5;20260129;195500;76421;76424;76400;76400;806
Si;5;20260129;200000;76400;76407;76356;76364;1959
Si;5;20260129;200500;76367;76369;76347;76356;1796
Si;5;20260129;201000;76356;76388;76352;76375;1480
Si;5;20260129;201500;76374;76425;76350;76406;1760
Si;5;20260129;202000;76410;76450;76395;76450;1468
Si;5;20260129;202500;76450;76471;76444;76469;575
Si;5;20260129;203000;76470;76499;76456;76476;1770
Si;5;20260129;203500;76475;76511;76444;76511;950
Si;5;20260129;204000;76496;76516;76458;76476;732
Si;5;20260129;204500;76476;76500;76415;76415;1225
Si;5;20260129;205000;76416;76461;76412;76450;486
Si;5;20260129;205500;76453;76464;76393;76397;1199
Si;5;20260129;210000;76398;76415;76370;76415;779
Si;5;20260129;210500;76412;76415;76391;76415;603
Si;5;20260129;211000;76413;76476;76413;76472;720
Si;5;20260129;211500;76466;76481;76463;76465;492
Si;5;20260129;212000;76465;76486;76456;76460;534
Si;5;20260129;212500;76460;76466;76439;76466;554
Si;5;20260129;213000;76466;76466;76426;76446;669
Si;5;20260129;213500;76447;76447;76390;76390;618
Si;5;20260129;214000;76388;76396;76370;76370;601
Si;5;20260129;214500;76373;76413;76370;76410;699
Si;5;20260129;215000;76410;76416;76396;76405;117
Si;5;20260129;215500;76406;76420;76406;76411;60
Si;5;20260129;220000;76414;76438;76406;76438;611
Si;5;20260129;220500;76437;76440;76430;76430;461
Si;5;20260129;221000;76431;76449;76412;76439;1173
Si;5;20260129;221500;76436;76438;76413;76420;351
Si;5;20260129;222000;76425;76434;76421;76431;233
Si;5;20260129;222500;76430;76449;76428;76448;252
Si;5;20260129;223000;76449;76480;76444;76465;1180
Si;5;20260129;223500;76471;76474;76419;76425;496
Si;5;20260129;224000;76424;76450;76415;76449;295
Si;5;20260129;224500;76449;76452;76437;76452;121
Si;5;20260129;225000;76453;76458;76425;76437;292
Si;5;20260129;225500;76437;76447;76426;76426;212
Si;5;20260129;230000;76432;76438;76373;76383;1183
Si;5;20260129;230500;76380;76380;76353;76355;761
Si;5;20260129;231000;76357;76388;76350;76387;435
Si;5;20260129;231500;76386;76395;76383;76388;244
Si;5;20260129;232000;76388;76388;76355;76379;408
Si;5;20260129;232500;76377;76380;76334;76365;818
Si;5;20260129;233000;76366;76392;76366;76372;494
Si;5;20260129;233500;76374;76395;76360;76381;607
Si;5;20260129;234000;76382;76408;76338;76391;1188
Si;5;20260129;234500;76406;76460;76403;76460;690
Si;5;20260130;085500;76460;76460;76460;76460;19
Si;5;20260130;090000;76453;76507;76327;76373;4454
Si;5;20260130;090500;76373;76461;76362;76417;3936
Si;5;20260130;091000;76408;76449;76375;76397;1589
Si;5;20260130;091500;76396;76473;76305;76338;3700
Si;5;20260130;092000;76339;76421;76315;76397;2728
Si;5;20260130;092500;76399;76681;76372;76664;8061
Si;5;20260130;093000;76662;76832;76559;76757;18980
Si;5;20260130;093500;76763;76764;76526;76580;5688
Si;5;20260130;094000;76572;76671;76558;76647;4494
Si;5;20260130;094500;76645;76652;76563;76578;3746
Si;5;20260130;095000;76575;76600;76439;76474;6629
Si;5;20260130;095500;76479;76600;76413;76551;8174
Si;5;20260130;100000;76555;76740;76500;76515;27317
Si;5;20260130;100500;76515;76667;76503;76645;8619
Si;5;20260130;101000;76646;76758;76644;76749;19407
Si;5;20260130;101500;76749;76797;76597;76697;15545
Si;5;20260130;102000;76700;76971;76696;76902;22748
Si;5;20260130;102500;76903;76979;76902;76909;16788
Si;5;20260130;103000;76909;76924;76729;76839;18815
Si;5;20260130;103500;76840;76890;76788;76883;11014
Si;5;20260130;104000;76880;76914;76800;76809;8168
Si;5;20260130;104500;76814;76889;76732;76881;9930
Si;5;20260130;105000;76876;76908;76840;76900;6689
Si;5;20260130;105500;76900;76972;76862;76941;11083
Si;5;20260130;110000;76939;77059;76937;76994;15366
Si;5;20260130;110500;76995;77032;76963;77012;9874
Si;5;20260130;111000;77012;77039;77000;77024;8526
Si;5;20260130;111500;77023;77088;77022;77052;9137
Si;5;20260130;112000;77052;77083;76903;76962;13831
Si;5;20260130;112500;76966;77055;76878;76897;15480
Si;5;20260130;113000;76896;76909;76823;76885;14054
Si;5;20260130;113500;76885;76906;76832;76835;11820
Si;5;20260130;114000;76841;76856;76756;76809;20198
Si;5;20260130;114500;76810;76900;76806;76881;7982
Si;5;20260130;115000;76880;76900;76836;76853;10069
Si;5;20260130;115500;76854;76858;76786;76842;8444
Si;5;20260130;120000;76843;76880;76760;76765;21367
Si;5;20260130;120500;76765;76822;76711;76818;13012
Si;5;20260130;121000;76817;76827;76736;76737;14443
Si;5;20260130;121500;76738;76792;76682;76757;18911
Si;5;20260130;122000;76761;76761;76710;76734;6076
Si;5;20260130;122500;76733;76737;76706;76730;3861
Si;5;20260130;123000;76729;76814;76720;76767;12450
Si;5;20260130;123500;76767;76799;76706;76720;28558
Si;5;20260130;124000;76720;76820;76715;76812;17142
Si;5;20260130;124500;76811;76893;76811;76821;10530
Si;5;20260130;125000;76824;76831;76725;76810;12095
Si;5;20260130;125500;76813;76839;76722;76767;11819
Si;5;20260130;130000;76766;76847;76766;76827;10360
Si;5;20260130;130500;76838;76894;76807;76815;7205
Si;5;20260130;131000;76819;76909;76800;76885;26986
Si;5;20260130;131500;76884;76944;76862;76916;13126
Si;5;20260130;132000;76917;76935;76791;76821;11405
Si;5;20260130;132500;76821;76863;76800;76859;3988
Si;5;20260130;133000;76860;76921;76848;76910;5863
Si;5;20260130;133500;76913;77238;76908;77103;54969
Si;5;20260130;134000;77103;77150;77061;77061;32626
Si;5;20260130;134500;77064;77229;77047;77118;37903
Si;5;20260130;135000;77119;77193;77108;77171;9842
Si;5;20260130;135500;77168;77358;77145;77283;23297
Si;5;20260130;140500;77281;77362;77239;77357;23964
Si;5;20260130;141000;77357;77366;77252;77278;9289
Si;5;20260130;141500;77279;77394;77267;77359;11015
Si;5;20260130;142000;77361;77369;77295;77346;10256
Si;5;20260130;142500;77347;77370;77316;77339;8586
Si;5;20260130;143000;77339;77390;77318;77325;5485
Si;5;20260130;143500;77326;77424;77321;77371;9386
Si;5;20260130;144000;77371;77405;77342;77348;8576
Si;5;20260130;144500;77349;77463;77335;77460;15325
Si;5;20260130;145000;77459;77522;77340;77383;19676
Si;5;20260130;145500;77382;77510;77328;77507;9917
Si;5;20260130;150000;77509;77540;77445;77536;37490
Si;5;20260130;150500;77536;77560;77489;77543;14327
Si;5;20260130;151000;77542;77545;77370;77421;9655
Si;5;20260130;151500;77423;77450;77392;77432;4902
Si;5;20260130;152000;77436;77461;77422;77438;2362
Si;5;20260130;152500;77441;77465;77427;77427;1642
Si;5;20260130;153000;77430;77442;77395;77417;3436
Si;5;20260130;153500;77417;77429;77333;77358;8243
Si;5;20260130;154000;77358;77416;77302;77312;7274
Si;5;20260130;154500;77314;77350;77281;77289;5753
Si;5;20260130;155000;77291;77292;77240;77274;6827
Si;5;20260130;155500;77273;77289;77260;77285;3144
Si;5;20260130;160000;77285;77287;77223;77235;4722
Si;5;20260130;160500;77236;77277;77225;77263;2692
Si;5;20260130;161000;77263;77283;77260;77282;2043
Si;5;20260130;161500;77283;77316;77282;77301;2911
Si;5;20260130;162000;77301;77319;77286;77303;2448
Si;5;20260130;162500;77303;77467;77294;77466;5266
Si;5;20260130;163000;77465;77499;77416;77421;7337
Si;5;20260130;163500;77418;77418;77363;77381;3850
Si;5;20260130;164000;77381;77420;77314;77320;4113
Si;5;20260130;164500;77323;77379;77321;77349;4864
Si;5;20260130;165000;77347;77412;77339;77405;2898
Si;5;20260130;165500;77404;77464;77403;77456;2151
Si;5;20260130;170000;77454;77464;77408;77437;2740
Si;5;20260130;170500;77435;77475;77421;77433;3030
Si;5;20260130;171000;77431;77447;77400;77412;3396
Si;5;20260130;171500;77415;77420;77363;77378;3688
Si;5;20260130;172000;77382;77415;77378;77407;2091
Si;5;20260130;172500;77407;77478;77388;77461;4511
Si;5;20260130;173000;77462;77480;77411;77480;2568
Si;5;20260130;173500;77480;77482;77390;77480;9008
Si;5;20260130;174000;77481;77484;77375;77400;9165
Si;5;20260130;174500;77399;77400;77316;77380;4950
Si;5;20260130;175000;77380;77409;77350;77379;2616
Si;5;20260130;175500;77380;77409;77350;77392;4202
Si;5;20260130;180000;77393;77449;77383;77444;7845
Si;5;20260130;180500;77443;77449;77405;77449;3341
Si;5;20260130;181000;77448;77448;77320;77342;4697
Si;5;20260130;181500;77339;77369;77296;77328;4765
Si;5;20260130;182000;77330;77354;77311;77316;2842
Si;5;20260130;182500;77320;77327;77281;77295;3385
Si;5;20260130;183000;77292;77303;77247;77292;3847
Si;5;20260130;183500;77291;77295;77251;77271;1967
Si;5;20260130;184000;77271;77348;77250;77336;3337
Si;5;20260130;184500;77337;77350;77304;77339;2246
Si;5;20260130;190500;77343;77388;77279;77377;4051
Si;5;20260130;191000;77378;77391;77374;77385;625
Si;5;20260130;191500;77385;77412;77384;77410;1471
Si;5;20260130;192000;77411;77416;77371;77377;1612
Si;5;20260130;192500;77377;77378;77373;77374;566
Si;5;20260130;193000;77373;77378;77371;77372;871
Si;5;20260130;193500;77371;77371;77346;77351;1509
Si;5;20260130;194000;77349;77360;77346;77360;588
Si;5;20260130;194500;77353;77381;77348;77348;708
Si;5;20260130;195000;77353;77356;77346;77349;841
Si;5;20260130;195500;77349;77350;77336;77341;742
Si;5;20260130;200000;77339;77341;77328;77328;267
Si;5;20260130;200500;77327;77338;77310;77338;534
Si;5;20260130;201000;77339;77340;77315;77316;958
Si;5;20260130;201500;77316;77327;77300;77308;878
Si;5;20260130;202000;77310;77326;77259;77260;1689
Si;5;20260130;202500;77261;77261;77201;77204;2056
Si;5;20260130;203000;77204;77229;77200;77218;1290
Si;5;20260130;203500;77218;77247;77213;77224;835
Si;5;20260130;204000;77222;77226;77176;77180;1198
Si;5;20260130;204500;77180;77197;77176;77197;805
Si;5;20260130;205000;77196;77279;77195;77255;2060
Si;5;20260130;205500;77255;77286;77217;77219;2350
Si;5;20260130;210000;77225;77296;77225;77253;824
Si;5;20260130;210500;77251;77294;77248;77264;819
Si;5;20260130;211000;77264;77285;77252;77254;761
Si;5;20260130;211500;77254;77254;77197;77246;1389
Si;5;20260130;212000;77246;77333;77246;77301;1402
Si;5;20260130;212500;77301;77301;77228;77243;1278
Si;5;20260130;213000;77240;77346;77234;77299;2038
Si;5;20260130;213500;77316;77336;77299;77304;977
Si;5;20260130;214000;77304;77320;77271;77293;1560
Si;5;20260130;214500;77294;77340;77293;77305;3104
Si;5;20260130;215000;77307;77347;77255;77256;1411
Si;5;20260130;215500;77258;77338;77250;77302;1112
Si;5;20260130;220000;77304;77356;77300;77356;1782
Si;5;20260130;220500;77355;77412;77355;77382;2155
Si;5;20260130;221000;77382;77429;77371;77375;1585
Si;5;20260130;221500;77374;77397;77374;77382;448
Si;5;20260130;222000;77384;77418;77379;77404;1063
Si;5;20260130;222500;77403;77414;77384;77397;407
Si;5;20260130;223000;77397;77450;77397;77427;917
Si;5;20260130;223500;77429;77429;77379;77386;719
Si;5;20260130;224000;77386;77386;77351;77370;583
Si;5;20260130;224500;77366;77380;77311;77321;1536
Si;5;20260130;225000;77314;77341;77283;77305;734
Si;5;20260130;225500;77305;77314;77286;77297;357
Si;5;20260130;230000;77297;77303;77273;77296;1089
Si;5;20260130;230500;77295;77407;77282;77385;1046
Si;5;20260130;231000;77383;77383;77317;77326;479
Si;5;20260130;231500;77333;77347;77325;77343;230
Si;5;20260130;232000;77343;77346;77326;77339;1223
Si;5;20260130;232500;77339;77345;77312;77322;441
Si;5;20260130;233000;77327;77334;77293;77303;1206
Si;5;20260130;233500;77306;77325;77290;77302;726
Si;5;20260130;234000;77302;77332;77282;77297;1026
Si;5;20260130;234500;77296;77305;77257;77258;1444
Si;5;20260202;085500;77260;77325;77260;77325;245
Si;5;20260202;090000;77325;77750;77261;77750;16301
Si;5;20260202;090500;77747;78147;77738;77870;23092
Si;5;20260202;091000;77870;77953;77832;77950;7872
Si;5;20260202;091500;77949;78040;77872;77883;5350
Si;5;20260202;092000;77881;77903;77803;77835;2819
Si;5;20260202;092500;77836;77950;77835;77915;3001
Si;5;20260202;093000;77909;77939;77819;77831;2512
Si;5;20260202;093500;77833;77860;77786;77819;2648
Si;5;20260202;094000;77831;77959;77810;77855;4839
Si;5;20260202;094500;77855;77937;77855;77923;2811
Si;5;20260202;095000;77915;77931;77873;77907;3141
Si;5;20260202;095500;77907;77930;77841;77878;3196
Si;5;20260202;100000;77871;77999;77657;77757;18041
Si;5;20260202;100500;77756;77867;77662;77845;10857
Si;5;20260202;101000;77846;77999;77846;77991;10598
Si;5;20260202;101500;77991;78319;77925;78205;28702
Si;5;20260202;102000;78206;78218;78120;78142;13449
Si;5;20260202;102500;78142;78157;78051;78074;12463
Si;5;20260202;103000;78075;78081;77958;78055;13455
Si;5;20260202;103500;78058;78378;78040;78348;19933
Si;5;20260202;104000;78346;78555;78345;78545;32527
Si;5;20260202;104500;78542;78690;78510;78671;41377
Si;5;20260202;105000;78670;78690;78636;78680;24976
Si;5;20260202;105500;78680;78750;78621;78689;29861
Si;5;20260202;110000;78685;78750;78533;78591;37143
Si;5;20260202;110500;78590;78647;78465;78476;15119
Si;5;20260202;111000;78477;78500;78450;78472;6508
Si;5;20260202;111500;78471;78500;78365;78459;33152
Si;5;20260202;112000;78464;78470;78354;78399;6683
Si;5;20260202;112500;78400;78400;78326;78330;7346
Si;5;20260202;113000;78329;78329;78293;78300;14668
Si;5;20260202;113500;78300;78418;78275;78386;12336
Si;5;20260202;114000;78389;78468;78389;78431;4915
Si;5;20260202;114500;78431;78454;78382;78382;3212
Si;5;20260202;115000;78385;78424;78294;78303;4161
Si;5;20260202;115500;78302;78305;78195;78233;9614
Si;5;20260202;120000;78233;78239;78166;78197;8644
Si;5;20260202;120500;78197;78210;78144;78148;4963
Si;5;20260202;121000;78150;78244;78138;78170;8541
Si;5;20260202;121500;78170;78170;78053;78127;9918
Si;5;20260202;122000;78125;78223;78103;78223;7242
Si;5;20260202;122500;78223;78235;78151;78193;8773
Si;5;20260202;123000;78193;78222;78101;78149;6098
Si;5;20260202;123500;78143;78147;78035;78132;7068
Si;5;20260202;124000;78129;78152;78079;78099;4385
Si;5;20260202;124500;78100;78100;77962;77968;11516
Si;5;20260202;125000;77967;78095;77966;78088;5936
Si;5;20260202;125500;78087;78163;78017;78052;7656
Si;5;20260202;130000;78053;78096;78010;78061;7566
Si;5;20260202;130500;78061;78099;78046;78098;5172
Si;5;20260202;131000;78092;78108;78051;78055;4488
Si;5;20260202;131500;78053;78087;77973;77981;7346
Si;5;20260202;132000;77980;78009;77867;77874;13146
Si;5;20260202;132500;77872;77934;77850;77860;6782
Si;5;20260202;133000;77860;77877;77784;77808;9776
Si;5;20260202;133500;77804;77933;77786;77933;6360
Si;5;20260202;134000;77930;78082;77900;78050;10262
Si;5;20260202;134500;78051;78060;77933;77933;5655
Si;5;20260202;135000;77933;77938;77865;77914;6670
Si;5;20260202;135500;77913;77975;77838;77845;5454
Si;5;20260202;140500;77850;77850;77734;77754;12928
Si;5;20260202;141000;77753;77797;77734;77758;3460
Si;5;20260202;141500;77759;77807;77750;77784;4822
Si;5;20260202;142000;77784;78043;77767;77964;9962
Si;5;20260202;142500;77965;78040;77892;78010;15755
Si;5;20260202;143000;78009;78035;77945;77990;5772
Si;5;20260202;143500;77988;78066;77984;78056;4669
Si;5;20260202;144000;78056;78072;77965;77968;4805
Si;5;20260202;144500;77966;78068;77966;78028;3133
Si;5;20260202;145000;78030;78068;78007;78050;6675
Si;5;20260202;145500;78050;78084;78026;78058;7508
Si;5;20260202;150000;78054;78102;77994;78014;7123
Si;5;20260202;150500;78018;78074;77997;78028;3888
Si;5;20260202;151000;78026;78068;78016;78056;4246
Si;5;20260202;151500;78059;78061;78040;78043;3373
Si;5;20260202;152000;78043;78098;78043;78070;5500
Si;5;20260202;152500;78073;78082;77976;77976;3903
Si;5;20260202;153000;77975;78004;77918;77999;3067
Si;5;20260202;153500;78001;78001;77938;77983;2238
Si;5;20260202;154000;77983;78019;77945;77963;5586
Si;5;20260202;154500;77964;77989;77873;77911;10339
Si;5;20260202;155000;77911;77947;77907;77933;6268
Si;5;20260202;155500;77936;77974;77913;77914;5699
Si;5;20260202;160000;77919;77993;77843;77957;15251
Si;5;20260202;160500;77957;77963;77936;77963;7310
Si;5;20260202;161000;77963;77976;77900;77955;6158
Si;5;20260202;161500;77955;77967;77894;77929;11155
Si;5;20260202;162000;77929;77950;77887;77907;4539
Si;5;20260202;162500;77907;77920;77849;77885;7585
Si;5;20260202;163000;77885;77898;77779;77819;24701
Si;5;20260202;163500;77818;77900;77794;77874;26835
Si;5;20260202;164000;77874;77882;77804;77835;21163
Si;5;20260202;164500;77834;77834;77714;77777;30464
Si;5;20260202;165000;77777;77790;77736;77753;30951
Si;5;20260202;165500;77756;77760;77729;77731;29038
Si;5;20260202;170000;77729;77730;77603;77660;40310
Si;5;20260202;170500;77655;77743;77590;77694;31357
Si;5;20260202;171000;77701;77735;77637;77688;8474
Si;5;20260202;171500;77685;77730;77631;77680;7443
Si;5;20260202;172000;77681;77730;77660;77706;7282
Si;5;20260202;172500;77703;77715;77627;77643;4808
Si;5;20260202;173000;77645;77660;77611;77619;3617
Si;5;20260202;173500;77619;77620;77472;77578;14046
Si;5;20260202;174000;77576;77619;77559;77587;4427
Si;5;20260202;174500;77586;77586;77539;77566;4417
Si;5;20260202;175000;77565;77678;77560;77666;5617
Si;5;20260202;175500;77664;77722;77650;77660;4687
Si;5;20260202;180000;77659;77703;77649;77668;3652
Si;5;20260202;180500;77669;77728;77666;77698;3581
Si;5;20260202;181000;77696;77714;77659;77690;8117
Si;5;20260202;181500;77691;77691;77604;77604;5302
Si;5;20260202;182000;77605;77629;77559;77623;5332
Si;5;20260202;182500;77627;77668;77597;77640;5345
Si;5;20260202;183000;77640;77712;77627;77701;8630
Si;5;20260202;183500;77700;77708;77690;77696;3643
Si;5;20260202;184000;77696;77702;77682;77696;3911
Si;5;20260202;184500;77696;77699;77640;77642;3128
Si;5;20260202;190500;77600;77692;77600;77672;4816
Si;5;20260202;191000;77672;77674;77635;77652;1289
Si;5;20260202;191500;77653;77691;77647;77675;687
Si;5;20260202;192000;77677;77773;77677;77767;2218
Si;5;20260202;192500;77773;77774;77729;77743;985
Si;5;20260202;193000;77737;77771;77735;77771;1194
Si;5;20260202;193500;77770;77780;77728;77752;1393
Si;5;20260202;194000;77751;77754;77708;77718;833
Si;5;20260202;194500;77718;77739;77700;77736;699
Si;5;20260202;195000;77730;77774;77730;77770;440
Si;5;20260202;195500;77771;77776;77741;77747;463
Si;5;20260202;200000;77752;77783;77743;77774;510
Si;5;20260202;200500;77774;77790;77764;77783;466
Si;5;20260202;201000;77779;77780;77737;77779;635
Si;5;20260202;201500;77777;77786;77764;77782;343
Si;5;20260202;202000;77775;77789;77767;77776;361
Si;5;20260202;202500;77778;77778;77743;77766;344
Si;5;20260202;203000;77769;77778;77768;77768;274
Si;5;20260202;203500;77768;77778;77755;77762;232
Si;5;20260202;204000;77762;77782;77762;77781;124
Si;5;20260202;204500;77780;77781;77746;77759;413
Si;5;20260202;205000;77759;77768;77737;77737;365
Si;5;20260202;205500;77738;77748;77710;77710;596
Si;5;20260202;210000;77710;77725;77709;77724;355
Si;5;20260202;210500;77726;77741;77720;77737;404
Si;5;20260202;211000;77737;77799;77736;77789;1124
Si;5;20260202;211500;77789;77842;77784;77801;1879
Si;5;20260202;212000;77801;77821;77795;77805;449
Si;5;20260202;212500;77803;77817;77780;77797;858
Si;5;20260202;213000;77799;77834;77796;77833;821
Si;5;20260202;213500;77834;77842;77811;77814;407
Si;5;20260202;214000;77814;77838;77814;77823;418
Si;5;20260202;214500;77822;77829;77805;77806;215
Si;5;20260202;215000;77807;77811;77792;77797;434
Si;5;20260202;215500;77795;77796;77759;77769;448
Si;5;20260202;220000;77770;77791;77761;77782;242
Si;5;20260202;220500;77785;77798;77782;77789;136
Si;5;20260202;221000;77793;77797;77768;77769;178
Si;5;20260202;221500;77768;77796;77760;77793;178
Si;5;20260202;222000;77789;77797;77787;77796;79
Si;5;20260202;222500;77795;77808;77777;77804;229
Si;5;20260202;223000;77794;77810;77790;77800;143
Si;5;20260202;223500;77800;77811;77800;77806;96
Si;5;20260202;224000;77808;77817;77779;77812;711
Si;5;20260202;224500;77809;77812;77783;77790;199
Si;5;20260202;225000;77790;77796;77777;77786;291
Si;5;20260202;225500;77786;77787;77751;77758;550
Si;5;20260202;230000;77758;77758;77732;77744;738
Si;5;20260202;230500;77737;77745;77734;77734;216
Si;5;20260202;231000;77736;77756;77733;77749;299
Si;5;20260202;231500;77754;77758;77749;77749;154
Si;5;20260202;232000;77759;77783;77749;77780;212
Si;5;20260202;232500;77780;77800;77778;77796;124
Si;5;20260202;233000;77796;77796;77766;77780;332
Si;5;20260202;233500;77780;77817;77780;77809;406
Si;5;20260202;234000;77809;77835;77788;77794;452
Si;5;20260202;234500;77797;77834;77751;77783;981
Si;5;20260203;085500;77728;77728;77728;77728;150
Si;5;20260203;090000;77728;77838;77645;77652;4006
Si;5;20260203;090500;77652;77652;77614;77632;2887
Si;5;20260203;091000;77632;77671;77621;77634;2242
Si;5;20260203;091500;77633;77633;77575;77575;2822
Si;5;20260203;092000;77575;77623;77550;77575;2323
Si;5;20260203;092500;77575;77586;77560;77580;927
Si;5;20260203;093000;77579;77674;77575;77651;2235
Si;5;20260203;093500;77659;77680;77630;77630;729
Si;5;20260203;094000;77634;77682;77625;77671;843
Si;5;20260203;094500;77678;77681;77643;77646;1003
Si;5;20260203;095000;77650;77659;77613;77655;1121
Si;5;20260203;095500;77656;77726;77649;77676;2347
Si;5;20260203;100000;77671;77919;77640;77808;17044
Si;5;20260203;100500;77813;77847;77673;77705;10161
Si;5;20260203;101000;77699;78045;77660;77949;19298
Si;5;20260203;101500;77942;77976;77862;77922;11485
Si;5;20260203;102000;77930;77991;77881;77886;8562
Si;5;20260203;102500;77887;77889;77744;77850;12081
Si;5;20260203;103000;77848;77890;77811;77832;9865
Si;5;20260203;103500;77832;77870;77819;77848;6818
Si;5;20260203;104000;77848;77889;77842;77850;6260
Si;5;20260203;104500;77850;77894;77840;77889;12748
Si;5;20260203;105000;77889;77947;77844;77943;12275
Si;5;20260203;105500;77940;77972;77850;77868;17812
Si;5;20260203;110000;77868;77920;77745;77750;33322
Si;5;20260203;110500;77750;77841;77712;77727;37326
Si;5;20260203;111000;77727;77765;77706;77727;30824
Si;5;20260203;111500;77727;77733;77662;77666;33271
Si;5;20260203;112000;77667;77716;77659;77673;27419
Si;5;20260203;112500;77673;77706;77606;77652;31476
Si;5;20260203;113000;77651;77754;77640;77737;43580
Si;5;20260203;113500;77738;77798;77678;77687;22331
Si;5;20260203;114000;77686;77725;77676;77698;18740
Si;5;20260203;114500;77697;77783;77682;77778;20288
Si;5;20260203;115000;77783;77859;77779;77844;11939
Si;5;20260203;115500;77844;77921;77843;77893;14559
Si;5;20260203;120000;77894;77921;77886;77920;16189
Si;5;20260203;120500;77920;77921;77860;77914;13664
Si;5;20260203;121000;77914;77925;77798;77854;24420
Si;5;20260203;121500;77853;77961;77826;77934;11201
Si;5;20260203;122000;77934;77958;77751;77866;18708
Si;5;20260203;122500;77860;77897;77843;77872;6875
Si;5;20260203;123000;77878;77933;77859;77882;7068
Si;5;20260203;123500;77887;77933;77878;77900;6423
Si;5;20260203;124000;77900;77933;77836;77857;3787
Si;5;20260203;124500;77858;77877;77797;77819;4540
Si;5;20260203;125000;77819;77823;77755;77798;5471
Si;5;20260203;125500;77797;77873;77792;77834;2626
Si;5;20260203;130000;77835;77873;77832;77856;2910
Si;5;20260203;130500;77855;77861;77809;77815;3787
Si;5;20260203;131000;77824;77882;77819;77841;3738
Si;5;20260203;131500;77846;77900;77844;77897;5848
Si;5;20260203;132000;77898;77906;77840;77863;6301
Si;5;20260203;132500;77863;77874;77799;77866;8210
Si;5;20260203;133000;77866;77878;77829;77834;3335
Si;5;20260203;133500;77832;77857;77831;77855;2388
Si;5;20260203;134000;77856;77857;77799;77819;5646
Si;5;20260203;134500;77818;77861;77787;77818;9977
Si;5;20260203;135000;77821;77835;77788;77789;4820
Si;5;20260203;135500;77788;77823;77771;77807;6963
Si;5;20260203;140500;77807;77834;77699;77733;25310
Si;5;20260203;141000;77733;77735;77629;77643;30944
Si;5;20260203;141500;77643;77670;77602;77666;34093
Si;5;20260203;142000;77665;77748;77658;77730;21470
Si;5;20260203;142500;77730;77845;77720;77797;9321
Si;5;20260203;143000;77797;77820;77708;77772;5808
Si;5;20260203;143500;77773;77785;77742;77772;3026
Si;5;20260203;144000;77771;77812;77765;77787;3487
Si;5;20260203;144500;77787;77791;77749;77791;2791
Si;5;20260203;145000;77791;77844;77776;77783;7475
Si;5;20260203;145500;77781;77792;77702;77710;4344
Si;5;20260203;150000;77710;77792;77701;77788;4373
Si;5;20260203;150500;77787;77874;77787;77830;5578
Si;5;20260203;151000;77827;77853;77823;77830;3174
Si;5;20260203;151500;77830;77842;77804;77840;2029
Si;5;20260203;152000;77840;77863;77832;77856;2470
Si;5;20260203;152500;77857;77930;77857;77890;5516
Si;5;20260203;153000;77890;77908;77864;77882;3539
Si;5;20260203;153500;77882;77883;77780;77814;4162
Si;5;20260203;154000;77810;77821;77721;77812;3685
Si;5;20260203;154500;77810;77820;77779;77806;1834
Si;5;20260203;155000;77804;77865;77768;77818;4588
Si;5;20260203;155500;77815;77852;77808;77846;1970
Si;5;20260203;160000;77846;77879;77786;77864;4437
Si;5;20260203;160500;77874;77893;77836;77893;3081
Si;5;20260203;161000;77893;78102;77869;78052;25373
Si;5;20260203;161500;78053;78114;77994;78050;13704
Si;5;20260203;162000;78050;78140;78050;78116;15166
Si;5;20260203;162500;78115;78179;78094;78143;13306
Si;5;20260203;163000;78144;78177;78063;78091;8896
Si;5;20260203;163500;78096;78161;78079;78146;5624
Si;5;20260203;164000;78146;78152;78068;78090;5993
Si;5;20260203;164500;78091;78118;78081;78099;3212
Si;5;20260203;165000;78100;78104;78005;78025;3816
Si;5;20260203;165500;78026;78080;78010;78073;5491
Si;5;20260203;170000;78072;78119;78062;78068;3622
Si;5;20260203;170500;78068;78073;78012;78021;3007
Si;5;20260203;171000;78021;78060;78001;78023;3301
Si;5;20260203;171500;78022;78076;78006;78058;4945
Si;5;20260203;172000;78057;78074;78020;78041;2368
Si;5;20260203;172500;78042;78095;78007;78087;3259
Si;5;20260203;173000;78085;78120;78082;78106;3886
Si;5;20260203;173500;78105;78140;78091;78126;3735
Si;5;20260203;174000;78126;78133;78058;78095;3280
Si;5;20260203;174500;78090;78090;77974;78003;7312
Si;5;20260203;175000;78002;78071;77999;78061;3016
Si;5;20260203;175500;78061;78096;78052;78084;3308
Si;5;20260203;180000;78082;78129;78055;78094;6246
Si;5;20260203;180500;78093;78124;78082;78093;2997
Si;5;20260203;181000;78091;78107;78062;78071;3541
Si;5;20260203;181500;78070;78112;78065;78080;2504
Si;5;20260203;182000;78081;78123;78081;78122;2220
Si;5;20260203;182500;78122;78138;78096;78106;3444
Si;5;20260203;183000;78110;78123;78093;78101;1806
Si;5;20260203;183500;78105;78125;78099;78109;1676
Si;5;20260203;184000;78107;78135;78102;78116;3036
Si;5;20260203;184500;78116;78122;78047;78062;4584
Si;5;20260203;190500;78100;78116;78049;78099;4239
Si;5;20260203;191000;78099;78107;78080;78097;709
Si;5;20260203;191500;78097;78167;78082;78164;2816
Si;5;20260203;192000;78164;78188;78142;78168;2244
Si;5;20260203;192500;78167;78171;78153;78171;1078
Si;5;20260203;193000;78171;78199;78158;78194;1910
Si;5;20260203;193500;78196;78360;78184;78273;6960
Si;5;20260203;194000;78270;78369;78267;78298;3646
Si;5;20260203;194500;78298;78298;78241;78266;1742
Si;5;20260203;195000;78264;78279;78230;78239;988
Si;5;20260203;195500;78238;78279;78238;78260;855
Si;5;20260203;200000;78261;78273;78242;78245;677
Si;5;20260203;200500;78248;78250;78231;78231;305
Si;5;20260203;201000;78231;78247;78220;78230;836
Si;5;20260203;201500;78230;78244;78211;78233;630
Si;5;20260203;202000;78234;78236;78215;78228;498
Si;5;20260203;202500;78222;78227;78201;78211;656
Si;5;20260203;203000;78216;78228;78206;78220;344
Si;5;20260203;203500;78220;78247;78200;78247;645
Si;5;20260203;204000;78245;78245;78204;78222;693
Si;5;20260203;204500;78226;78230;78200;78222;557
Si;5;20260203;205000;78222;78237;78205;78225;364
Si;5;20260203;205500;78225;78230;78209;78229;204
Si;5;20260203;210000;78229;78229;78206;78223;578
Si;5;20260203;210500;78220;78221;78179;78179;892
Si;5;20260203;211000;78180;78180;78136;78156;1034
Si;5;20260203;211500;78155;78173;78140;78145;439
Si;5;20260203;212000;78144;78174;78140;78147;568
Si;5;20260203;212500;78149;78175;78131;78164;632
Si;5;20260203;213000;78165;78202;78150;78200;786
Si;5;20260203;213500;78202;78217;78196;78214;209
Si;5;20260203;214000;78213;78225;78196;78196;564
Si;5;20260203;214500;78196;78198;78161;78161;265
Si;5;20260203;215000;78160;78180;78138;78146;932
Si;5;20260203;215500;78145;78162;78126;78130;433
Si;5;20260203;220000;78130;78130;78096;78110;2127
Si;5;20260203;220500;78109;78126;78109;78119;324
Si;5;20260203;221000;78119;78125;78107;78124;260
Si;5;20260203;221500;78123;78264;78116;78238;2395
Si;5;20260203;222000;78238;78241;78217;78224;616
Si;5;20260203;222500;78225;78236;78210;78214;379
Si;5;20260203;223000;78214;78235;78209;78229;222
Si;5;20260203;223500;78230;78233;78223;78232;252
Si;5;20260203;224000;78231;78232;78213;78213;270
Si;5;20260203;224500;78213;78216;78213;78216;167
Si;5;20260203;225000;78215;78216;78198;78204;203
Si;5;20260203;225500;78204;78232;78202;78219;292
Si;5;20260203;230000;78219;78219;78155;78165;828
Si;5;20260203;230500;78165;78197;78165;78194;277
Si;5;20260203;231000;78195;78195;78177;78185;117
Si;5;20260203;231500;78185;78196;78172;78191;207
Si;5;20260203;232000;78187;78191;78173;78190;268
Si;5;20260203;232500;78190;78191;78173;78188;176
Si;5;20260203;233000;78188;78191;78173;78178;423
Si;5;20260203;233500;78178;78183;78157;78162;635
Si;5;20260203;234000;78161;78189;78151;78165;320
Si;5;20260203;234500;78164;78209;78154;78161;684
Si;5;20260204;085500;78161;78161;78161;78161;33
Si;5;20260204;090000;78161;78279;78118;78183;5758
Si;5;20260204;090500;78182;78238;78130;78176;3461
Si;5;20260204;091000;78174;78178;78020;78093;6175
Si;5;20260204;091500;78088;78129;78062;78107;2573
Si;5;20260204;092000;78100;78324;78095;78295;7598
Si;5;20260204;092500;78299;78398;78252;78360;12862
Si;5;20260204;093000;78356;78400;78301;78313;9985
Si;5;20260204;093500;78319;78329;78275;78323;2852
Si;5;20260204;094000;78320;78341;78307;78336;1259
Si;5;20260204;094500;78336;78339;78259;78260;1949
Si;5;20260204;095000;78270;78318;78258;78293;2131
Si;5;20260204;095500;78289;78328;78278;78289;4003
Si;5;20260204;100000;78279;78340;78224;78289;12946
Si;5;20260204;100500;78283;78323;78175;78268;13849
Si;5;20260204;101000;78263;78269;78201;78232;5739
Si;5;20260204;101500;78229;78357;78212;78330;13512
Si;5;20260204;102000;78331;78375;78294;78297;10535
Si;5;20260204;102500;78297;78305;78155;78179;9266
Si;5;20260204;103000;78174;78185;78140;78179;6735
Si;5;20260204;103500;78179;78252;78176;78220;5487
Si;5;20260204;104000;78220;78243;78209;78228;3184
Si;5;20260204;104500;78225;78230;78111;78171;5125
Si;5;20260204;105000;78177;78197;78120;78133;3666
Si;5;20260204;105500;78133;78170;78112;78162;4808
Si;5;20260204;110000;78162;78163;78110;78121;4040
Si;5;20260204;110500;78117;78117;77832;77969;26479
Si;5;20260204;111000;77969;77969;77847;77921;13362
Si;5;20260204;111500;77921;77921;77804;77839;9769
Si;5;20260204;112000;77838;77838;77760;77818;12932
Si;5;20260204;112500;77819;77944;77816;77925;9175
Si;5;20260204;113000;77926;77959;77886;77926;4064
Si;5;20260204;113500;77928;77928;77857;77857;5099
Si;5;20260204;114000;77856;77953;77828;77923;7630
Si;5;20260204;114500;77923;77957;77901;77932;3418
Si;5;20260204;115000;77931;77940;77894;77900;2097
Si;5;20260204;115500;77900;78000;77896;77967;6030
Si;5;20260204;120000;77967;77984;77879;77934;7736
Si;5;20260204;120500;77937;78025;77917;77967;7880
Si;5;20260204;121000;77965;77969;77935;77944;3195
Si;5;20260204;121500;77945;77967;77893;77907;4810
Si;5;20260204;122000;77905;77905;77844;77862;4570
Si;5;20260204;122500;77859;77894;77842;77864;4465
Si;5;20260204;123000;77865;77871;77700;77826;17312
Si;5;20260204;123500;77821;77829;77770;77797;6350
Si;5;20260204;124000;77799;77818;77765;77783;5128
Si;5;20260204;124500;77785;77794;77736;77760;4992
Si;5;20260204;125000;77761;77770;77720;77752;5536
Si;5;20260204;125500;77751;77751;77711;77750;4328
Si;5;20260204;130000;77749;77749;77613;77628;9292
Si;5;20260204;130500;77625;77630;77516;77593;14820
Si;5;20260204;131000;77593;77689;77546;77687;10167
Si;5;20260204;131500;77687;77740;77655;77692;13910
Si;5;20260204;132000;77692;77705;77531;77639;18264
Si;5;20260204;132500;77636;77636;77533;77567;5205
Si;5;20260204;133000;77567;77568;77404;77430;18245
Si;5;20260204;133500;77436;77482;77373;77450;11500
Si;5;20260204;134000;77449;77498;77427;77479;7083
Si;5;20260204;134500;77477;77483;77410;77435;6943
Si;5;20260204;135000;77435;77481;77424;77467;4921
Si;5;20260204;135500;77469;77469;77380;77414;4860
Si;5;20260204;140500;77414;77429;77291;77390;15913
Si;5;20260204;141000;77391;77460;77378;77403;10376
Si;5;20260204;141500;77401;77408;77303;77332;11081
Si;5;20260204;142000;77333;77436;77310;77341;10811
Si;5;20260204;142500;77336;77432;77331;77401;11114
Si;5;20260204;143000;77401;77444;77368;77390;12442
Si;5;20260204;143500;77390;77436;77372;77414;8152
Si;5;20260204;144000;77414;77526;77384;77521;10565
Si;5;20260204;144500;77516;77540;77401;77488;17743
Si;5;20260204;145000;77488;77589;77442;77576;8273
Si;5;20260204;145500;77576;77626;77543;77575;9650
Si;5;20260204;150000;77577;77618;77543;77580;7583
Si;5;20260204;150500;77576;77628;77558;77605;4679
Si;5;20260204;151000;77604;77604;77513;77543;6361
Si;5;20260204;151500;77540;77581;77508;77534;4676
Si;5;20260204;152000;77531;77539;77467;77503;5971
Si;5;20260204;152500;77501;77587;77494;77573;5033
Si;5;20260204;153000;77575;77585;77423;77466;12145
Si;5;20260204;153500;77466;77499;77426;77429;9838
Si;5;20260204;154000;77427;77450;77407;77414;7297
Si;5;20260204;154500;77416;77447;77404;77416;6627
Si;5;20260204;155000;77416;77416;77369;77373;10345
Si;5;20260204;155500;77373;77403;77332;77351;8994
Si;5;20260204;160000;77353;77372;77312;77340;8508
Si;5;20260204;160500;77340;77363;77325;77328;7784
Si;5;20260204;161000;77328;77352;77248;77331;16262
Si;5;20260204;161500;77334;77388;77323;77363;10347
Si;5;20260204;162000;77363;77416;77358;77400;10178
Si;5;20260204;162500;77399;77400;77300;77306;8152
Si;5;20260204;163000;77301;77302;77205;77237;12101
Si;5;20260204;163500;77238;77256;77142;77162;12379
Si;5;20260204;164000;77161;77195;77075;77093;18405
Si;5;20260204;164500;77093;77120;77045;77117;15585
Si;5;20260204;165000;77116;77142;77085;77091;11965
Si;5;20260204;165500;77090;77124;77069;77107;9689
Si;5;20260204;170000;77104;77119;77058;77079;10807
Si;5;20260204;170500;77078;77289;77059;77216;29216
Si;5;20260204;171000;77219;77352;77206;77300;12476
Si;5;20260204;171500;77301;77304;77232;77250;10776
Si;5;20260204;172000;77250;77258;77140;77157;11008
Si;5;20260204;172500;77153;77303;77147;77246;14011
Si;5;20260204;173000;77248;77330;77200;77324;12809
Si;5;20260204;173500;77323;77375;77273;77280;6879
Si;5;20260204;174000;77279;77335;77276;77316;4580
Si;5;20260204;174500;77317;77341;77303;77327;2784
Si;5;20260204;175000;77323;77350;77305;77340;4170
Si;5;20260204;175500;77342;77355;77301;77323;3614
Si;5;20260204;180000;77323;77349;77294;77340;5464
Si;5;20260204;180500;77335;77342;77253;77284;4145
Si;5;20260204;181000;77284;77308;77205;77291;6549
Si;5;20260204;181500;77291;77321;77237;77246;5014
Si;5;20260204;182000;77245;77297;77207;77244;6168
Si;5;20260204;182500;77246;77292;77232;77283;3000
Si;5;20260204;183000;77281;77300;77226;77260;4693
Si;5;20260204;183500;77258;77317;77258;77267;4563
Si;5;20260204;184000;77264;77271;77209;77212;4926
Si;5;20260204;184500;77214;77259;77210;77224;3785
Si;5;20260204;190500;77279;77321;77210;77304;3323
Si;5;20260204;191000;77304;77304;77282;77282;1459
Si;5;20260204;191500;77283;77373;77280;77364;3204
Si;5;20260204;192000;77364;77374;77357;77359;1107
Si;5;20260204;192500;77359;77369;77343;77366;782
Si;5;20260204;193000;77366;77409;77366;77378;1637
Si;5;20260204;193500;77378;77390;77376;77377;398
Si;5;20260204;194000;77378;77379;77328;77334;1044
Si;5;20260204;194500;77336;77337;77300;77323;1699
Si;5;20260204;195000;77318;77330;77275;77306;939
Si;5;20260204;195500;77301;77322;77285;77285;651
Si;5;20260204;200000;77285;77356;77282;77353;756
Si;5;20260204;200500;77355;77364;77338;77338;370
Si;5;20260204;201000;77336;77352;77317;77342;367
Si;5;20260204;201500;77340;77366;77320;77329;784
Si;5;20260204;202000;77334;77338;77320;77332;316
Si;5;20260204;202500;77332;77352;77325;77349;517
Si;5;20260204;203000;77340;77360;77323;77330;972
Si;5;20260204;203500;77330;77333;77288;77293;636
Si;5;20260204;204000;77293;77338;77287;77332;477
Si;5;20260204;204500;77332;77365;77332;77352;560
Si;5;20260204;205000;77350;77353;77329;77330;367
Si;5;20260204;205500;77330;77338;77311;77322;430
Si;5;20260204;210000;77322;77340;77291;77293;693
Si;5;20260204;210500;77294;77326;77283;77299;750
Si;5;20260204;211000;77298;77316;77293;77303;436
Si;5;20260204;211500;77302;77304;77288;77295;564
Si;5;20260204;212000;77295;77305;77289;77305;573
Si;5;20260204;212500;77305;77322;77305;77306;523
Si;5;20260204;213000;77309;77318;77307;77316;149
Si;5;20260204;213500;77318;77320;77310;77310;111
Si;5;20260204;214000;77310;77330;77309;77328;210
Si;5;20260204;214500;77327;77346;77320;77345;636
Si;5;20260204;215000;77343;77349;77331;77348;338
Si;5;20260204;215500;77348;77350;77340;77342;179
Si;5;20260204;220000;77341;77349;77336;77348;178
Si;5;20260204;220500;77347;77347;77335;77339;201
Si;5;20260204;221000;77339;77350;77314;77322;978
Si;5;20260204;221500;77320;77339;77319;77331;318
Si;5;20260204;222000;77331;77356;77330;77350;516
Si;5;20260204;222500;77350;77361;77344;77349;107
Si;5;20260204;223000;77346;77352;77317;77334;548
Si;5;20260204;223500;77334;77352;77328;77344;276
Si;5;20260204;224000;77340;77340;77330;77330;65
Si;5;20260204;224500;77330;77340;77327;77337;266
Si;5;20260204;225000;77337;77340;77333;77336;140
Si;5;20260204;225500;77336;77340;77332;77339;418
Si;5;20260204;230000;77340;77342;77334;77339;184
Si;5;20260204;230500;77339;77339;77337;77339;32
Si;5;20260204;231000;77339;77346;77325;77330;326
Si;5;20260204;231500;77326;77326;77302;77304;706
Si;5;20260204;232000;77303;77316;77100;77250;6759
Si;5;20260204;232500;77249;77270;77248;77265;528
Si;5;20260204;233000;77268;77278;77262;77271;265
Si;5;20260204;233500;77273;77277;77256;77256;574
Si;5;20260204;234000;77256;77265;77241;77241;529
Si;5;20260204;234500;77244;77321;77242;77321;1140
Si;5;20260205;085500;77320;77320;77320;77320;177
Si;5;20260205;090000;77307;77480;77307;77424;9242
Si;5;20260205;090500;77417;77455;77361;77373;3071
Si;5;20260205;091000;77380;77416;77327;77345;3341
Si;5;20260205;091500;77349;77388;77346;77362;1662
Si;5;20260205;092000;77369;77413;77367;77384;1044
Si;5;20260205;092500;77384;77416;77357;77385;1398
Si;5;20260205;093000;77384;77414;77326;77363;1805
Si;5;20260205;093500;77362;77405;77342;77391;1289
Si;5;20260205;094000;77398;77409;77336;77359;1358
Si;5;20260205;094500;77355;77361;77271;77330;1886
Si;5;20260205;095000;77333;77403;77309;77380;2252
Si;5;20260205;095500;77385;77393;77355;77365;1043
Si;5;20260205;100000;77380;77535;77183;77203;15922
Si;5;20260205;100500;77207;77246;76884;76957;37891
Si;5;20260205;101000;76956;77029;76943;76944;11855
Si;5;20260205;101500;76945;77069;76941;77042;6902
Si;5;20260205;102000;77048;77147;77004;77052;9402
Si;5;20260205;102500;77052;77184;76979;77048;35308
Si;5;20260205;103000;77047;77147;77017;77096;23378
Si;5;20260205;103500;77096;77143;77077;77108;14508
Si;5;20260205;104000;77112;77150;77100;77148;7889
Si;5;20260205;104500;77150;77268;77144;77196;11067
Si;5;20260205;105000;77196;77205;76960;77032;24317
Si;5;20260205;105500;77039;77111;76917;77000;53309
Si;5;20260205;110000;77000;77024;76788;76837;54574
Si;5;20260205;110500;76838;76845;76755;76798;76840
Si;5;20260205;111000;76799;76800;76727;76740;48025
Si;5;20260205;111500;76741;76846;76719;76747;47361
Si;5;20260205;112000;76748;76786;76699;76771;101357
Si;5;20260205;112500;76772;76800;76712;76750;67310
Si;5;20260205;113000;76750;76829;76749;76800;52173
Si;5;20260205;113500;76800;76904;76799;76893;36829
Si;5;20260205;114000;76893;76965;76848;76924;21050
Si;5;20260205;114500;76926;76945;76887;76916;13146
Si;5;20260205;115000;76917;76967;76890;76912;13879
Si;5;20260205;115500;76912;76920;76895;76920;8877
Si;5;20260205;120000;76919;77079;76919;77020;20750
Si;5;20260205;120500;77021;77110;77020;77093;9041
Si;5;20260205;121000;77092;77105;77064;77072;4470
Si;5;20260205;121500;77073;77113;77028;77104;6754
Si;5;20260205;122000;77104;77247;77104;77213;10649
Si;5;20260205;122500;77210;77282;77170;77190;10520
Si;5;20260205;123000;77190;77275;77187;77260;6087
Si;5;20260205;123500;77260;77319;77240;77286;7994
Si;5;20260205;124000;77289;77420;77289;77400;16124
Si;5;20260205;124500;77400;77500;77391;77444;20715
Si;5;20260205;125000;77447;77500;77389;77446;11160
Si;5;20260205;125500;77446;77500;77416;77469;8625
Si;5;20260205;130000;77466;77596;77460;77536;29224
Si;5;20260205;130500;77531;77641;77528;77636;16244
Si;5;20260205;131000;77637;77665;77566;77592;12644
Si;5;20260205;131500;77592;77658;77573;77592;13045
Si;5;20260205;132000;77592;77617;77457;77482;11722
Si;5;20260205;132500;77485;77550;77433;77533;7470
Si;5;20260205;133000;77534;77547;77436;77474;8136
Si;5;20260205;133500;77477;77581;77459;77539;11436
Si;5;20260205;134000;77540;77575;77470;77477;5523
Si;5;20260205;134500;77477;77518;77450;77494;6258
Si;5;20260205;135000;77495;77569;77493;77516;7011
Si;5;20260205;135500;77519;77537;77471;77501;6142
Si;5;20260205;140500;77504;77504;77421;77468;10130
Si;5;20260205;141000;77452;77464;77372;77409;4638
Si;5;20260205;141500;77412;77451;77331;77406;9386
Si;5;20260205;142000;77409;77442;77333;77384;8809
Si;5;20260205;142500;77384;77434;77373;77414;4683
Si;5;20260205;143000;77416;77445;77416;77431;2093
Si;5;20260205;143500;77430;77449;77395;77413;3652
Si;5;20260205;144000;77412;77417;77359;77391;4282
Si;5;20260205;144500;77393;77472;77381;77407;7154
Si;5;20260205;145000;77409;77427;77339;77385;8273
Si;5;20260205;145500;77388;77453;77241;77278;22909
Si;5;20260205;150000;77281;77327;77241;77289;28233
Si;5;20260205;150500;77286;77331;77186;77319;33860
Si;5;20260205;151000;77316;77437;77307;77432;8740
Si;5;20260205;151500;77433;77567;77430;77501;8401
Si;5;20260205;152000;77501;77530;77451;77458;2779
Si;5;20260205;152500;77456;77485;77321;77323;6161
Si;5;20260205;153000;77322;77378;77301;77368;3976
Si;5;20260205;153500;77368;77393;77346;77370;3962
Si;5;20260205;154000;77370;77399;77344;77399;3186
Si;5;20260205;154500;77394;77405;77380;77403;2969
Si;5;20260205;155000;77402;77407;77354;77362;2640
Si;5;20260205;155500;77361;77430;77339;77428;2563
Si;5;20260205;160000;77428;77573;77402;77476;10930
Si;5;20260205;160500;77476;77499;77452;77461;2340
Si;5;20260205;161000;77457;77462;77401;77435;3998
Si;5;20260205;161500;77436;77438;77401;77417;1901
Si;5;20260205;162000;77413;77417;77365;77377;2845
Si;5;20260205;162500;77377;77400;77366;77397;2825
Si;5;20260205;163000;77395;77400;77380;77390;2197
Si;5;20260205;163500;77388;77391;77355;77361;2295
Si;5;20260205;164000;77361;77373;77319;77347;2105
Si;5;20260205;164500;77347;77391;77341;77387;1396
Si;5;20260205;165000;77383;77463;77372;77442;3113
Si;5;20260205;165500;77437;77461;77393;77440;2240
Si;5;20260205;170000;77442;77495;77427;77444;3237
Si;5;20260205;170500;77449;77449;77386;77389;1323
Si;5;20260205;171000;77388;77398;77304;77346;3579
Si;5;20260205;171500;77346;77385;77327;77374;4051
Si;5;20260205;172000;77377;77383;77303;77326;2878
Si;5;20260205;172500;77326;77326;77302;77320;2355
Si;5;20260205;173000;77320;77515;77311;77494;7409
Si;5;20260205;173500;77496;77506;77389;77459;5810
Si;5;20260205;174000;77458;77494;77427;77435;2832
Si;5;20260205;174500;77437;77493;77355;77469;4132
Si;5;20260205;175000;77466;77536;77452;77524;3629
Si;5;20260205;175500;77527;77547;77485;77525;5195
Si;5;20260205;180000;77522;77614;77517;77568;8919
Si;5;20260205;180500;77569;77569;77536;77558;3878
Si;5;20260205;181000;77556;77591;77522;77574;4476
Si;5;20260205;181500;77574;77600;77554;77590;4141
Si;5;20260205;182000;77590;77617;77554;77566;3217
Si;5;20260205;182500;77568;77598;77525;77558;4489
Si;5;20260205;183000;77559;77575;77517;77564;3295
Si;5;20260205;183500;77563;77595;77548;77550;2459
Si;5;20260205;184000;77550;77600;77549;77600;2569
Si;5;20260205;184500;77600;77611;77567;77567;2707
Si;5;20260205;190500;77610;77687;77551;77597;4250
Si;5;20260205;191000;77596;77620;77561;77600;2641
Si;5;20260205;191500;77601;77651;77601;77651;1433
Si;5;20260205;192000;77652;77664;77625;77650;1497
Si;5;20260205;192500;77656;77678;77650;77676;1907
Si;5;20260205;193000;77676;77679;77633;77640;818
Si;5;20260205;193500;77639;77678;77627;77639;1239
Si;5;20260205;194000;77643;77643;77606;77630;1231
Si;5;20260205;194500;77629;77657;77629;77644;751
Si;5;20260205;195000;77644;77657;77611;77645;856
Si;5;20260205;195500;77643;77648;77621;77625;295
Si;5;20260205;200000;77625;77662;77590;77610;1392
Si;5;20260205;200500;77606;77639;77575;77607;1014
Si;5;20260205;201000;77606;77624;77595;77596;471
Si;5;20260205;201500;77603;77622;77585;77603;572
Si;5;20260205;202000;77604;77636;77601;77633;552
Si;5;20260205;202500;77630;77630;77612;77612;138
Si;5;20260205;203000;77613;77628;77598;77619;305
Si;5;20260205;203500;77614;77653;77611;77653;473
Si;5;20260205;204000;77642;77651;77637;77640;335
Si;5;20260205;204500;77643;77646;77615;77615;518
Si;5;20260205;205000;77617;77619;77605;77605;168
Si;5;20260205;205500;77607;77612;77603;77605;498
Si;5;20260205;210000;77604;77611;77581;77582;322
Si;5;20260205;210500;77582;77585;77570;77573;368
Si;5;20260205;211000;77571;77577;77563;77566;364
Si;5;20260205;211500;77566;77575;77548;77554;614
Si;5;20260205;212000;77555;77586;77552;77570;590
Si;5;20260205;212500;77569;77582;77567;77577;276
Si;5;20260205;213000;77571;77579;77567;77567;203
Si;5;20260205;213500;77567;77586;77566;77584;284
Si;5;20260205;214000;77584;77595;77576;77594;229
Si;5;20260205;214500;77594;77600;77592;77600;547
Si;5;20260205;215000;77599;77605;77586;77597;168
Si;5;20260205;215500;77598;77599;77566;77585;355
Si;5;20260205;220000;77585;77585;77574;77577;48
Si;5;20260205;220500;77577;77584;77574;77581;88
Si;5;20260205;221000;77581;77587;77578;77583;156
Si;5;20260205;221500;77583;77590;77583;77589;76
Si;5;20260205;222000;77590;77590;77573;77583;194
Si;5;20260205;222500;77580;77582;77574;77574;76
Si;5;20260205;223000;77574;77599;77572;77599;453
Si;5;20260205;223500;77598;77600;77598;77599;167
Si;5;20260205;224000;77599;77600;77573;77573;251
Si;5;20260205;224500;77573;77581;77573;77574;211
Si;5;20260205;225000;77573;77574;77540;77546;772
Si;5;20260205;225500;77546;77556;77542;77551;245
Si;5;20260205;230000;77551;77556;77533;77544;378
Si;5;20260205;230500;77544;77550;77533;77541;192
Si;5;20260205;231000;77542;77547;77531;77537;196
Si;5;20260205;231500;77536;77552;77528;77546;383
Si;5;20260205;232000;77539;77550;77526;77544;315
Si;5;20260205;232500;77544;77550;77531;77543;171
Si;5;20260205;233000;77543;77558;77530;77558;417
Si;5;20260205;233500;77553;77557;77525;77540;330
Si;5;20260205;234000;77539;77547;77510;77544;1069
Si;5;20260205;234500;77539;77560;77508;77560;686
Si;5;20260206;085500;77543;77543;77543;77543;21
Si;5;20260206;090000;77537;77646;77502;77576;4730
Si;5;20260206;090500;77580;77589;77553;77583;1969
Si;5;20260206;091000;77578;77587;77550;77566;1164
Si;5;20260206;091500;77568;77625;77565;77622;1314
Si;5;20260206;092000;77623;77650;77598;77630;4024
Si;5;20260206;092500;77630;77780;77627;77746;5687
Si;5;20260206;093000;77746;77770;77722;77741;1979
Si;5;20260206;093500;77744;77756;77712;77733;1620
Si;5;20260206;094000;77732;77733;77685;77705;1391
Si;5;20260206;094500;77704;77720;77681;77719;656
Si;5;20260206;095000;77711;77717;77700;77716;697
Si;5;20260206;095500;77716;77730;77704;77708;1815
Si;5;20260206;100000;77709;77725;77622;77662;11202
Si;5;20260206;100500;77663;77678;77464;77515;18894
Si;5;20260206;101000;77515;77515;77415;77444;11782
Si;5;20260206;101500;77441;78300;77412;78165;76239
Si;5;20260206;102000;78164;78300;77781;77931;58305
Si;5;20260206;102500;77931;78056;77845;78030;29628
Si;5;20260206;103000;78033;78120;77761;77921;51334
Si;5;20260206;103500;77923;77959;77826;77832;19955
Si;5;20260206;104000;77828;77853;77724;77817;12550
Si;5;20260206;104500;77811;77846;77760;77760;9939
Si;5;20260206;105000;77761;77826;77760;77775;21704
Si;5;20260206;105500;77775;77781;77644;77661;19037
Si;5;20260206;110000;77661;77819;77660;77767;11542
Si;5;20260206;110500;77766;77784;77674;77735;17706
Si;5;20260206;111000;77736;77772;77700;77700;7111
Si;5;20260206;111500;77701;77769;77687;77694;9163
Si;5;20260206;112000;77697;77704;77578;77598;14444
Si;5;20260206;112500;77598;77694;77555;77602;9843
Si;5;20260206;113000;77592;77598;77522;77577;8131
Si;5;20260206;113500;77583;77638;77544;77594;5036
Si;5;20260206;114000;77598;77630;77547;77558;6117
Si;5;20260206;114500;77562;77603;77540;77576;5260
Si;5;20260206;115000;77576;77604;77477;77492;12887
Si;5;20260206;115500;77492;77552;77478;77480;6244
Si;5;20260206;120000;77483;77486;77380;77405;12450
Si;5;20260206;120500;77406;77430;77361;77394;12132
Si;5;20260206;121000;77392;77441;77332;77397;17607
Si;5;20260206;121500;77393;77410;77330;77380;21101
Si;5;20260206;122000;77385;77493;77375;77397;10712
Si;5;20260206;122500;77397;77399;77347;77375;7996
Si;5;20260206;123000;77375;77375;77254;77282;11069
Si;5;20260206;123500;77283;77284;77237;77253;6140
Si;5;20260206;124000;77252;77265;77207;77218;5077
Si;5;20260206;124500;77219;77285;77170;77228;13238
Si;5;20260206;125000;77227;77251;77141;77155;8218
Si;5;20260206;125500;77156;77194;77136;77178;8057
Si;5;20260206;130000;77178;77222;77087;77180;19006
Si;5;20260206;130500;77180;77300;77165;77215;13033
Si;5;20260206;131000;77207;77250;77186;77228;5726
Si;5;20260206;131500;77227;77319;77212;77272;9645
Si;5;20260206;132000;77271;77366;77267;77355;9501
Si;5;20260206;132500;77355;77356;77267;77318;8086
Si;5;20260206;133000;77315;77510;77304;77480;16957
Si;5;20260206;133500;77480;77550;77419;77510;27480
Si;5;20260206;134000;77510;77560;77490;77493;22377
Si;5;20260206;134500;77504;77550;77485;77499;21496
Si;5;20260206;135000;77500;77625;77491;77625;17095
Si;5;20260206;135500;77624;77732;77601;77707;20680
Si;5;20260206;140500;77706;77783;77656;77768;18843
Si;5;20260206;141000;77768;77788;77701;77759;9241
Si;5;20260206;141500;77762;77790;77700;77709;7692
Si;5;20260206;142000;77707;77742;77636;77661;9602
Si;5;20260206;142500;77664;77708;77615;77618;5404
Si;5;20260206;143000;77623;77652;77580;77610;3872
Si;5;20260206;143500;77606;77691;77596;77643;5528
Si;5;20260206;144000;77644;77664;77565;77579;7582
Si;5;20260206;144500;77582;77582;77493;77512;10627
Si;5;20260206;145000;77513;77540;77470;77504;5222
Si;5;20260206;145500;77506;77548;77480;77531;4424
Si;5;20260206;150000;77537;77569;77501;77508;3616
Si;5;20260206;150500;77511;77511;77472;77494;2433
Si;5;20260206;151000;77494;77649;77494;77580;4749
Si;5;20260206;151500;77586;77614;77497;77507;4987
Si;5;20260206;152000;77507;77534;77449;77488;5720
Si;5;20260206;152500;77490;77504;77456;77458;4185
Si;5;20260206;153000;77463;77537;77452;77500;8271
Si;5;20260206;153500;77500;77500;77316;77400;36930
Si;5;20260206;154000;77400;77606;77399;77581;28312
Si;5;20260206;154500;77580;77626;77574;77599;3674
Si;5;20260206;155000;77601;77666;77601;77636;4502
Si;5;20260206;155500;77637;77711;77619;77678;4983
Si;5;20260206;160000;77676;77725;77630;77675;5528
Si;5;20260206;160500;77678;77706;77632;77650;3889
Si;5;20260206;161000;77656;77749;77656;77717;3986
Si;5;20260206;161500;77718;77747;77680;77690;4117
Si;5;20260206;162000;77688;77706;77611;77663;6140
Si;5;20260206;162500;77663;77700;77634;77665;3035
Si;5;20260206;163000;77666;77731;77636;77731;2952
Si;5;20260206;163500;77730;77905;77720;77852;18065
Si;5;20260206;164000;77847;77949;77845;77925;8417
Si;5;20260206;164500;77922;77963;77862;77883;10778
Si;5;20260206;165000;77885;77906;77739;77777;9431
Si;5;20260206;165500;77772;77843;77756;77833;2524
Si;5;20260206;170000;77832;77860;77787;77820;2877
Si;5;20260206;170500;77819;77820;77774;77792;1925
Si;5;20260206;171000;77792;77857;77755;77828;4842
Si;5;20260206;171500;77826;77877;77816;77867;3965
Si;5;20260206;172000;77867;77887;77834;77854;3421
Si;5;20260206;172500;77853;77889;77814;77856;5206
Si;5;20260206;173000;77854;77872;77816;77827;4271
Si;5;20260206;173500;77827;77838;77653;77693;9587
Si;5;20260206;174000;77694;77738;77622;77716;6252
Si;5;20260206;174500;77720;77731;77575;77604;7818
Si;5;20260206;175000;77599;77639;77560;77566;4364
Si;5;20260206;175500;77564;77612;77549;77600;4146
Si;5;20260206;180000;77600;77675;77599;77675;3347
Si;5;20260206;180500;77668;77707;77643;77645;2728
Si;5;20260206;181000;77649;77689;77576;77582;4270
Si;5;20260206;181500;77582;77634;77578;77611;3978
Si;5;20260206;182000;77609;77694;77603;77680;1835
Si;5;20260206;182500;77681;77710;77641;77671;2670
Si;5;20260206;183000;77670;77685;77639;77643;2477
Si;5;20260206;183500;77644;77670;77637;77670;1763
Si;5;20260206;184000;77670;77680;77643;77646;1296
Si;5;20260206;184500;77647;77649;77609;77622;2644
Si;5;20260206;190500;77623;77718;77609;77680;2647
Si;5;20260206;191000;77683;77686;77675;77678;256
Si;5;20260206;191500;77678;77678;77620;77621;608
Si;5;20260206;192000;77622;77627;77604;77621;546
Si;5;20260206;192500;77620;77635;77616;77634;189
Si;5;20260206;193000;77636;77667;77634;77648;472
Si;5;20260206;193500;77643;77668;77643;77666;389
Si;5;20260206;194000;77667;77670;77658;77659;302
Si;5;20260206;194500;77665;77686;77661;77672;368
Si;5;20260206;195000;77672;77690;77671;77690;91
Si;5;20260206;195500;77687;77695;77652;77656;458
Si;5;20260206;200000;77653;77671;77650;77671;231
Si;5;20260206;200500;77670;77671;77634;77637;509
Si;5;20260206;201000;77638;77640;77612;77614;1262
Si;5;20260206;201500;77612;77641;77612;77639;379
Si;5;20260206;202000;77639;77641;77632;77634;144
Si;5;20260206;202500;77633;77634;77625;77625;191
Si;5;20260206;203000;77628;77639;77625;77625;224
Si;5;20260206;203500;77628;77628;77617;77619;134
Si;5;20260206;204000;77620;77633;77618;77633;153
Si;5;20260206;204500;77632;77633;77612;77614;451
Si;5;20260206;205000;77614;77633;77614;77630;223
Si;5;20260206;205500;77629;77632;77616;77630;184
Si;5;20260206;210000;77622;77630;77615;77630;177
Si;5;20260206;210500;77629;77638;77626;77638;511
Si;5;20260206;211000;77634;77659;77624;77652;585
Si;5;20260206;211500;77658;77659;77654;77656;153
Si;5;20260206;212000;77655;77657;77614;77626;395
Si;5;20260206;212500;77618;77639;77618;77626;178
Si;5;20260206;213000;77625;77654;77620;77651;267
Si;5;20260206;213500;77651;77656;77649;77649;132
Si;5;20260206;214000;77651;77659;77645;77649;229
Si;5;20260206;214500;77655;77660;77649;77657;293
Si;5;20260206;215000;77651;77658;77633;77644;236
Si;5;20260206;215500;77641;77659;77637;77637;128
Si;5;20260206;220000;77638;77638;77634;77636;66
Si;5;20260206;220500;77641;77647;77624;77624;245
Si;5;20260206;221000;77625;77661;77623;77648;371
Si;5;20260206;221500;77654;77658;77653;77658;97
Si;5;20260206;222000;77658;77661;77651;77660;161
Si;5;20260206;222500;77657;77661;77655;77655;158
Si;5;20260206;223000;77660;77660;77648;77652;89
Si;5;20260206;223500;77652;77652;77627;77634;360
Si;5;20260206;224000;77634;77642;77623;77632;165
Si;5;20260206;224500;77632;77639;77631;77637;227
Si;5;20260206;225000;77636;77636;77620;77629;735
Si;5;20260206;225500;77624;77639;77624;77636;465
Si;5;20260206;230000;77631;77634;77629;77634;169
Si;5;20260206;230500;77633;77642;77632;77638;204
Si;5;20260206;231000;77639;77640;77637;77637;109
Si;5;20260206;231500;77635;77638;77623;77626;118
Si;5;20260206;232000;77629;77630;77621;77622;82
Si;5;20260206;232500;77622;77629;77621;77626;148
Si;5;20260206;233000;77626;77632;77622;77629;558
Si;5;20260206;233500;77627;77631;77622;77624;290
Si;5;20260206;234000;77624;77657;77620;77655;576
Si;5;20260206;234500;77654;77705;77643;77696;1011
Si;5;20260209;085500;77696;77696;77666;77666;67
Si;5;20260209;090000;77672;77813;77612;77780;6617
Si;5;20260209;090500;77772;77929;77772;77912;7078
Si;5;20260209;091000;77909;77992;77875;77940;5861
Si;5;20260209;091500;77938;77952;77852;77854;4053
Si;5;20260209;092000;77858;77909;77805;77813;2047
Si;5;20260209;092500;77812;77950;77809;77949;5139
Si;5;20260209;093000;77949;77972;77887;77921;1540
Si;5;20260209;093500;77919;77921;77856;77878;1176
Si;5;20260209;094000;77872;77945;77861;77929;1360
Si;5;20260209;094500;77938;77993;77895;77985;2751
Si;5;20260209;095000;77984;78028;77906;77915;4047
Si;5;20260209;095500;77909;77948;77880;77919;2147
Si;5;20260209;100000;77910;78027;77720;77788;15190
Si;5;20260209;100500;77788;77791;77701;77716;6418
Si;5;20260209;101000;77714;77761;77664;77720;9369
Si;5;20260209;101500;77725;77889;77713;77838;8406
Si;5;20260209;102000;77845;77884;77788;77833;5496
Si;5;20260209;102500;77834;77839;77757;77793;4104
Si;5;20260209;103000;77795;77803;77731;77784;7110
Si;5;20260209;103500;77784;77796;77760;77795;7056
Si;5;20260209;104000;77795;77803;77705;77710;12309
Si;5;20260209;104500;77710;77711;77403;77466;25816
Si;5;20260209;105000;77467;77581;77401;77581;10283
Si;5;20260209;105500;77578;77680;77566;77676;15057
Si;5;20260209;110000;77677;77705;77651;77665;18217
Si;5;20260209;110500;77664;77764;77651;77734;9179
Si;5;20260209;111000;77734;77741;77670;77713;10914
Si;5;20260209;111500;77712;77780;77694;77734;7924
Si;5;20260209;112000;77734;77815;77713;77755;7702
Si;5;20260209;112500;77762;77813;77753;77788;6292
Si;5;20260209;113000;77787;77813;77748;77813;6362
Si;5;20260209;113500;77811;77815;77776;77783;5987
Si;5;20260209;114000;77783;77788;77719;77785;10222
Si;5;20260209;114500;77785;77880;77772;77880;23082
Si;5;20260209;115000;77881;77956;77881;77950;19064
Si;5;20260209;115500;77948;77956;77808;77839;40211
Si;5;20260209;120000;77838;77853;77763;77796;13999
Si;5;20260209;120500;77796;77817;77674;77740;11849
Si;5;20260209;121000;77740;77800;77735;77775;6223
Si;5;20260209;121500;77775;77798;77753;77786;3164
Si;5;20260209;122000;77784;77785;77686;77750;15352
Si;5;20260209;122500;77752;77802;77734;77789;4765
Si;5;20260209;123000;77789;77864;77785;77819;5991
Si;5;20260209;123500;77821;77842;77727;77802;6659
Si;5;20260209;124000;77812;77901;77770;77808;16580
Si;5;20260209;124500;77806;77905;77803;77877;5038
Si;5;20260209;125000;77876;77929;77804;77836;5650
Si;5;20260209;125500;77836;77909;77827;77883;4472
Si;5;20260209;130000;77881;77896;77786;77792;5791
Si;5;20260209;130500;77792;77990;77776;77960;8826
Si;5;20260209;131000;77960;78067;77960;77979;15081
Si;5;20260209;131500;77980;78047;77980;78044;9467
Si;5;20260209;132000;78044;78250;77984;78188;27475
Si;5;20260209;132500;78187;78218;78113;78179;13629
Si;5;20260209;133000;78180;78222;78140;78147;13211
Si;5;20260209;133500;78149;78255;78140;78252;7082
Si;5;20260209;134000;78246;78281;78140;78243;14070
Si;5;20260209;134500;78244;78288;78162;78178;10817
Si;5;20260209;135000;78176;78236;78165;78175;9151
Si;5;20260209;135500;78175;78195;78160;78171;3297
Si;5;20260209;140500;78172;78272;78163;78263;9237
Si;5;20260209;141000;78263;78278;78110;78125;7537
Si;5;20260209;141500;78123;78170;78037;78094;8178
Si;5;20260209;142000;78095;78127;78054;78117;3706
Si;5;20260209;142500;78118;78136;78060;78089;4399
Si;5;20260209;143000;78088;78151;78049;78121;7592
Si;5;20260209;143500;78122;78128;78077;78112;2247
Si;5;20260209;144000;78113;78263;78109;78156;14499
Si;5;20260209;144500;78156;78165;78102;78112;4331
Si;5;20260209;145000;78114;78134;78085;78113;4971
Si;5;20260209;145500;78111;78146;78076;78119;3684
Si;5;20260209;150000;78121;78131;78077;78116;2482
Si;5;20260209;150500;78117;78190;78094;78125;3752
Si;5;20260209;151000;78121;78181;78110;78164;4666
Si;5;20260209;151500;78165;78229;78135;78221;14675
Si;5;20260209;152000;78221;78249;78215;78234;6374
Si;5;20260209;152500;78233;78243;78215;78238;3741
Si;5;20260209;153000;78235;78333;78230;78299;10865
Si;5;20260209;153500;78306;78329;78253;78289;6622
Si;5;20260209;154000;78287;78323;78249;78257;3781
Si;5;20260209;154500;78257;78268;78230;78238;4454
Si;5;20260209;155000;78237;78237;78163;78167;12687
Si;5;20260209;155500;78168;78198;78168;78185;3565
Si;5;20260209;160000;78185;78185;78138;78141;11241
Si;5;20260209;160500;78141;78146;78101;78102;4468
Si;5;20260209;161000;78104;78142;78056;78132;8297
Si;5;20260209;161500;78134;78151;78088;78110;3934
Si;5;20260209;162000;78111;78125;78083;78109;3077
Si;5;20260209;162500;78109;78109;78070;78098;3719
Si;5;20260209;163000;78097;78101;78085;78101;2388
Si;5;20260209;163500;78102;78125;78057;78067;4823
Si;5;20260209;164000;78067;78113;78040;78104;4231
Si;5;20260209;164500;78098;78101;78020;78072;4370
Si;5;20260209;165000;78073;78109;78056;78094;3551
Si;5;20260209;165500;78094;78100;77960;77965;6131
Si;5;20260209;170000;77967;77998;77928;77948;7977
Si;5;20260209;170500;77949;77980;77935;77958;2651
Si;5;20260209;171000;77958;77965;77913;77924;3048
Si;5;20260209;171500;77924;77927;77892;77916;4053
Si;5;20260209;172000;77918;77954;77900;77920;3565
Si;5;20260209;172500;77920;77957;77911;77952;3904
Si;5;20260209;173000;77952;77969;77940;77953;5417
Si;5;20260209;173500;77952;78016;77952;78002;11813
Si;5;20260209;174000;78003;78003;77893;77924;7751
Si;5;20260209;174500;77921;77960;77914;77946;1615
Si;5;20260209;175000;77951;77990;77932;77942;2885
Si;5;20260209;175500;77941;77955;77904;77915;1702
Si;5;20260209;180000;77913;77944;77909;77933;1889
Si;5;20260209;180500;77934;77950;77931;77934;2429
Si;5;20260209;181000;77930;77969;77920;77960;1178
Si;5;20260209;181500;77960;77974;77957;77964;683
Si;5;20260209;182000;77962;77995;77957;77979;1510
Si;5;20260209;182500;77979;77983;77925;77940;2059
Si;5;20260209;183000;77940;77943;77861;77873;5059
Si;5;20260209;183500;77872;77886;77864;77879;2819
Si;5;20260209;184000;77873;77890;77850;77850;2980
Si;5;20260209;184500;77850;77933;77844;77862;3306
Si;5;20260209;190500;77927;77927;77830;77867;2996
Si;5;20260209;191000;77868;77889;77820;77845;1414
Si;5;20260209;191500;77840;77860;77839;77860;983
Si;5;20260209;192000;77862;77889;77813;77822;2026
Si;5;20260209;192500;77822;77842;77759;77839;1876
Si;5;20260209;193000;77836;77836;77799;77819;900
Si;5;20260209;193500;77819;77850;77806;77839;574
Si;5;20260209;194000;77849;77860;77826;77851;342
Si;5;20260209;194500;77851;77872;77850;77858;375
Si;5;20260209;195000;77864;77878;77861;77878;225
Si;5;20260209;195500;77878;77880;77877;77878;119
Si;5;20260209;200000;77880;77899;77869;77890;529
Si;5;20260209;200500;77888;77939;77888;77922;1456
Si;5;20260209;201000;77927;77959;77927;77940;510
Si;5;20260209;201500;77936;77954;77935;77950;486
Si;5;20260209;202000;77950;77950;77921;77923;300
Si;5;20260209;202500;77922;77931;77861;77929;977
Si;5;20260209;203000;77922;77923;77916;77917;213
Si;5;20260209;203500;77917;77926;77909;77926;166
Si;5;20260209;204000;77925;77945;77923;77944;206
Si;5;20260209;204500;77943;77950;77935;77935;306
Si;5;20260209;205000;77937;77948;77919;77919;243
Si;5;20260209;205500;77919;77948;77919;77932;185
Si;5;20260209;210000;77931;77948;77920;77929;258
Si;5;20260209;210500;77936;77952;77889;77892;464
Si;5;20260209;211000;77890;77891;77862;77877;543
Si;5;20260209;211500;77877;77906;77876;77906;262
Si;5;20260209;212000;77906;77910;77898;77899;140
Si;5;20260209;212500;77899;77899;77889;77899;71
Si;5;20260209;213000;77899;77900;77882;77899;150
Si;5;20260209;213500;77899;77899;77884;77894;48
Si;5;20260209;214000;77895;77911;77895;77905;162
Si;5;20260209;214500;77904;77913;77889;77907;522
Si;5;20260209;215000;77911;77915;77907;77909;44
Si;5;20260209;215500;77909;77910;77901;77906;90
Si;5;20260209;220000;77910;77917;77900;77917;140
Si;5;20260209;220500;77915;77931;77915;77929;140
Si;5;20260209;221000;77933;77941;77925;77935;268
Si;5;20260209;221500;77935;77938;77920;77927;140
Si;5;20260209;222000;77924;77924;77914;77914;17
Si;5;20260209;222500;77914;77914;77907;77911;70
Si;5;20260209;223000;77911;77918;77908;77910;74
Si;5;20260209;223500;77910;77912;77904;77910;213
Si;5;20260209;224000;77907;77910;77880;77885;104
Si;5;20260209;224500;77885;77885;77875;77876;118
Si;5;20260209;225000;77875;77880;77871;77879;322
Si;5;20260209;225500;77879;77879;77851;77853;509
Si;5;20260209;230000;77853;77856;77846;77847;722
Si;5;20260209;230500;77847;77848;77841;77844;99
Si;5;20260209;231000;77848;77885;77843;77862;486
Si;5;20260209;231500;77875;77935;77862;77901;765
Si;5;20260209;232000;77902;77905;77864;77885;324
Si;5;20260209;232500;77885;77898;77881;77898;107
Si;5;20260209;233000;77898;77910;77890;77898;501
Si;5;20260209;233500;77898;77928;77898;77917;199
Si;5;20260209;234000;77912;77912;77886;77908;260
Si;5;20260209;234500;77905;77951;77896;77901;529
Si;5;20260210;085500;77896;77896;77896;77896;21
Si;5;20260210;090000;77884;77899;77808;77865;1790
Si;5;20260210;090500;77865;77892;77810;77872;1676
Si;5;20260210;091000;77873;77939;77869;77883;987
Si;5;20260210;091500;77880;77944;77857;77889;1417
Si;5;20260210;092000;77884;77897;77850;77861;652
Si;5;20260210;092500;77861;77861;77779;77854;1518
Si;5;20260210;093000;77851;77851;77725;77782;2799
Si;5;20260210;093500;77779;77784;77748;77754;1450
Si;5;20260210;094000;77755;77778;77717;77752;1961
Si;5;20260210;094500;77753;77757;77722;77749;1277
Si;5;20260210;095000;77748;77808;77728;77779;1390
Si;5;20260210;095500;77777;77873;77728;77854;2670
Si;5;20260210;100000;77859;77865;77621;77714;14545
Si;5;20260210;100500;77711;77822;77675;77727;19422
Si;5;20260210;101000;77726;77872;77665;77835;14022
Si;5;20260210;101500;77837;77870;77719;77766;15484
Si;5;20260210;102000;77765;77956;77750;77912;16220
Si;5;20260210;102500;77912;77970;77870;77889;21914
Si;5;20260210;103000;77889;78006;77887;77960;14322
Si;5;20260210;103500;77965;77975;77880;77906;14850
Si;5;20260210;104000;77905;77905;77806;77862;9742
Si;5;20260210;104500;77862;77918;77843;77896;5729
Si;5;20260210;105000;77894;77971;77854;77924;11117
Si;5;20260210;105500;77924;77939;77903;77920;3644
Si;5;20260210;110000;77919;77931;77848;77850;7873
Si;5;20260210;110500;77850;77876;77827;77845;3917
Si;5;20260210;111000;77845;77865;77836;77855;4388
Si;5;20260210;111500;77855;77907;77827;77848;6597
Si;5;20260210;112000;77848;77870;77802;77847;11528
Si;5;20260210;112500;77847;77855;77823;77846;7448
Si;5;20260210;113000;77846;77886;77790;77832;10184
Si;5;20260210;113500;77831;77849;77823;77847;4573
Si;5;20260210;114000;77848;77857;77788;77816;5195
Si;5;20260210;114500;77818;77818;77718;77726;8198
Si;5;20260210;115000;77727;77730;77625;77692;20069
Si;5;20260210;115500;77692;77733;77604;77637;24762
Si;5;20260210;120000;77639;77646;77607;77622;23554
Si;5;20260210;120500;77621;77658;77609;77637;18966
Si;5;20260210;121000;77637;77679;77603;77674;20308
Si;5;20260210;121500;77673;77697;77569;77658;25869
Si;5;20260210;122000;77656;77677;77626;77644;6242
Si;5;20260210;122500;77644;77664;77615;77637;4334
Si;5;20260210;123000;77640;77695;77528;77626;20905
Si;5;20260210;123500;77626;77668;77604;77641;6490
Si;5;20260210;124000;77641;77642;77526;77560;7762
Si;5;20260210;124500;77560;77584;77526;77557;8156
Si;5;20260210;125000;77556;77569;77520;77553;6415
Si;5;20260210;125500;77552;77588;77544;77575;6231
Si;5;20260210;130000;77575;77594;77556;77586;7972
Si;5;20260210;130500;77585;77609;77580;77580;2785
Si;5;20260210;131000;77580;77580;77526;77572;6930
Si;5;20260210;131500;77571;77584;77445;77519;19050
Si;5;20260210;132000;77519;77570;77505;77562;3802
Si;5;20260210;132500;77565;77673;77553;77583;14283
Si;5;20260210;133000;77583;77606;77554;77600;6446
Si;5;20260210;133500;77600;77618;77576;77598;6072
Si;5;20260210;134000;77596;77640;77587;77633;9349
Si;5;20260210;134500;77632;77669;77630;77653;5540
Si;5;20260210;135000;77651;77652;77553;77553;6246
Si;5;20260210;135500;77555;77601;77432;77476;7964
Si;5;20260210;140500;77483;77607;77474;77549;18278
Si;5;20260210;141000;77550;77629;77487;77608;6315
Si;5;20260210;141500;77607;77746;77607;77706;9887
Si;5;20260210;142000;77706;77828;77705;77751;13975
Si;5;20260210;142500;77756;77780;77703;77736;5345
Si;5;20260210;143000;77736;77772;77716;77746;3285
Si;5;20260210;143500;77746;77751;77693;77726;2176
Si;5;20260210;144000;77724;77729;77667;77667;4750
Si;5;20260210;144500;77667;77721;77666;77702;2998
Si;5;20260210;145000;77697;77811;77668;77805;5360
Si;5;20260210;145500;77809;77850;77807;77822;11549
Si;5;20260210;150000;77820;77855;77800;77818;23827
Si;5;20260210;150500;77818;77832;77748;77762;5040
Si;5;20260210;151000;77762;77836;77762;77819;2869
Si;5;20260210;151500;77820;77850;77807;77841;4898
Si;5;20260210;152000;77839;77842;77789;77824;3725
Si;5;20260210;152500;77826;77850;77806;77807;9410
Si;5;20260210;153000;77807;77832;77759;77826;5347
Si;5;20260210;153500;77828;77840;77809;77840;1505
Si;5;20260210;154000;77841;77845;77783;77841;2395
Si;5;20260210;154500;77843;77849;77796;77804;4100
Si;5;20260210;155000;77813;77850;77682;77850;19176
Si;5;20260210;155500;77850;77850;77813;77841;7313
Si;5;20260210;160000;77841;77846;77812;77825;3481
Si;5;20260210;160500;77823;77839;77791;77828;2751
Si;5;20260210;161000;77833;77849;77803;77834;2990
Si;5;20260210;161500;77832;77843;77769;77801;5827
Si;5;20260210;162000;77800;77813;77753;77764;1889
Si;5;20260210;162500;77767;77773;77729;77739;3641
Si;5;20260210;163000;77738;77775;77720;77765;3667
Si;5;20260210;163500;77764;77831;77760;77826;4515
Si;5;20260210;164000;77825;77834;77804;77821;3441
Si;5;20260210;164500;77822;77849;77818;77844;4831
Si;5;20260210;165000;77843;77850;77835;77845;2716
Si;5;20260210;165500;77845;77846;77796;77818;5481
Si;5;20260210;170000;77822;77831;77777;77789;6583
Si;5;20260210;170500;77788;77810;77782;77786;5968
Si;5;20260210;171000;77787;77799;77776;77794;1429
Si;5;20260210;171500;77794;77795;77754;77770;2959
Si;5;20260210;172000;77770;77773;77714;77750;2954
Si;5;20260210;172500;77749;77765;77719;77730;1814
Si;5;20260210;173000;77730;77730;77630;77661;7103
Si;5;20260210;173500;77665;77692;77636;77681;2304
Si;5;20260210;174000;77681;77684;77612;77615;4391
Si;5;20260210;174500;77619;77728;77588;77721;7162
Si;5;20260210;175000;77721;77745;77699;77718;2699
Si;5;20260210;175500;77718;77720;77681;77687;2030
Si;5;20260210;180000;77687;77703;77669;77684;2709
Si;5;20260210;180500;77684;77710;77656;77702;2236
Si;5;20260210;181000;77701;77701;77677;77691;794
Si;5;20260210;181500;77691;77697;77633;77653;2762
Si;5;20260210;182000;77653;77658;77625;77626;2192
Si;5;20260210;182500;77625;77672;77604;77659;2027
Si;5;20260210;183000;77661;77688;77654;77672;2259
Si;5;20260210;183500;77676;77725;77672;77725;2466
Si;5;20260210;184000;77724;77730;77691;77711;2054
Si;5;20260210;184500;77709;77714;77676;77693;1486
Si;5;20260210;190500;77724;77776;77673;77740;3145
Si;5;20260210;191000;77747;77774;77739;77739;813
Si;5;20260210;191500;77740;77742;77734;77742;286
Si;5;20260210;192000;77744;77768;77743;77757;380
Si;5;20260210;192500;77752;77761;77750;77751;126
Si;5;20260210;193000;77750;77751;77734;77739;295
Si;5;20260210;193500;77743;77744;77727;77736;222
Si;5;20260210;194000;77731;77746;77722;77744;381
Si;5;20260210;194500;77743;77743;77724;77724;290
Si;5;20260210;195000;77724;77747;77723;77747;181
Si;5;20260210;195500;77746;77762;77746;77762;256
Si;5;20260210;200000;77762;77768;77745;77749;757
Si;5;20260210;200500;77749;77774;77745;77769;505
Si;5;20260210;201000;77771;77774;77753;77753;137
Si;5;20260210;201500;77754;77757;77743;77744;242
Si;5;20260210;202000;77744;77753;77743;77745;113
Si;5;20260210;202500;77751;77757;77750;77754;105
Si;5;20260210;203000;77754;77763;77754;77762;90
Si;5;20260210;203500;77762;77762;77742;77746;262
Si;5;20260210;204000;77744;77746;77742;77743;50
Si;5;20260210;204500;77743;77744;77737;77743;110
Si;5;20260210;205000;77739;77745;77714;77718;942
Si;5;20260210;205500;77721;77729;77713;77729;343
Si;5;20260210;210000;77726;77737;77713;77727;418
Si;5;20260210;210500;77727;77733;77715;77724;382
Si;5;20260210;211000;77725;77756;77725;77755;408
Si;5;20260210;211500;77751;77756;77734;77750;245
Si;5;20260210;212000;77743;77753;77739;77747;128
Si;5;20260210;212500;77747;77756;77747;77754;84
Si;5;20260210;213000;77756;77772;77754;77759;350
Si;5;20260210;213500;77768;77771;77763;77769;59
Si;5;20260210;214000;77769;77770;77741;77745;243
Si;5;20260210;214500;77746;77760;77746;77748;62
Si;5;20260210;215000;77754;77764;77754;77754;89
Si;5;20260210;215500;77754;77760;77750;77755;18
Si;5;20260210;220000;77759;77759;77750;77750;26
Si;5;20260210;220500;77748;77750;77744;77745;57
Si;5;20260210;221000;77746;77765;77746;77762;159
Si;5;20260210;221500;77758;77758;77758;77758;15
Si;5;20260210;222000;77758;77768;77755;77756;139
Si;5;20260210;222500;77756;77756;77755;77756;59
Si;5;20260210;223000;77756;77764;77756;77761;63
Si;5;20260210;223500;77763;77763;77744;77757;76
Si;5;20260210;224000;77758;77762;77757;77761;49
Si;5;20260210;224500;77760;77770;77751;77770;148
Si;5;20260210;225000;77771;77785;77769;77783;436
Si;5;20260210;225500;77782;77785;77774;77785;213
Si;5;20260210;230000;77785;77801;77780;77793;560
Si;5;20260210;230500;77793;77801;77790;77800;227
Si;5;20260210;231000;77801;77824;77800;77824;797
Si;5;20260210;231500;77824;77829;77809;77816;509
Si;5;20260210;232000;77813;77848;77813;77826;691
Si;5;20260210;232500;77826;77863;77820;77840;973
Si;5;20260210;233000;77838;77862;77838;77853;421
Si;5;20260210;233500;77852;77867;77843;77851;727
Si;5;20260210;234000;77850;77869;77832;77833;318
Si;5;20260210;234500;77832;77874;77829;77874;679
Si;5;20260211;085500;77840;77840;77840;77840;2
Si;5;20260211;090000;77840;77888;77752;77769;3539
Si;5;20260211;090500;77765;77791;77740;77770;2041
Si;5;20260211;091000;77766;77770;77721;77723;1434
Si;5;20260211;091500;77722;77744;77675;77701;2786
Si;5;20260211;092000;77706;77764;77701;77751;1184
Si;5;20260211;092500;77752;77761;77740;77740;588
Si;5;20260211;093000;77741;77756;77716;77730;646
Si;5;20260211;093500;77726;77762;77715;77751;571
Si;5;20260211;094000;77752;77762;77737;77756;466
Si;5;20260211;094500;77755;77767;77750;77763;427
Si;5;20260211;095000;77765;77814;77763;77772;1313
Si;5;20260211;095500;77772;77782;77726;77728;769
Si;5;20260211;100000;77728;77773;77661;77742;5209
Si;5;20260211;100500;77742;77797;77690;77770;4495
Si;5;20260211;101000;77769;77934;77765;77920;13683
Si;5;20260211;101500;77920;78049;77916;78008;24543
Si;5;20260211;102000;78008;78031;77941;77982;9468
Si;5;20260211;102500;77983;77995;77918;77918;8026
Si;5;20260211;103000;77924;78006;77877;77922;22868
Si;5;20260211;103500;77921;77956;77864;77938;20218
Si;5;20260211;104000;77940;77945;77865;77899;8733
Si;5;20260211;104500;77898;77925;77851;77901;6549
Si;5;20260211;105000;77902;77904;77822;77835;7976
Si;5;20260211;105500;77833;77836;77774;77810;7919
Si;5;20260211;110000;77810;77810;77767;77795;6117
Si;5;20260211;110500;77795;77854;77778;77788;7225
Si;5;20260211;111000;77790;77858;77743;77842;13851
Si;5;20260211;111500;77840;77844;77819;77821;1115
Si;5;20260211;112000;77821;77897;77805;77866;5189
Si;5;20260211;112500;77865;77884;77850;77867;2529
Si;5;20260211;113000;77866;77870;77767;77800;4878
Si;5;20260211;113500;77800;77832;77770;77830;3494
Si;5;20260211;114000;77831;77832;77792;77810;2455
Si;5;20260211;114500;77808;77812;77761;77779;3364
Si;5;20260211;115000;77778;77785;77710;77762;7027
Si;5;20260211;115500;77762;77767;77711;77742;6000
Si;5;20260211;120000;77742;77767;77730;77754;4343
Si;5;20260211;120500;77756;77808;77752;77780;6706
Si;5;20260211;121000;77780;77818;77767;77774;4782
Si;5;20260211;121500;77778;77810;77734;77760;3876
Si;5;20260211;122000;77760;77767;77740;77757;1029
Si;5;20260211;122500;77757;77757;77711;77728;6890
Si;5;20260211;123000;77726;77732;77607;77638;11867
Si;5;20260211;123500;77637;77680;77600;77662;10234
Si;5;20260211;124000;77659;77696;77631;77678;6974
Si;5;20260211;124500;77675;77679;77624;77651;8411
Si;5;20260211;125000;77653;77672;77608;77611;9257
Si;5;20260211;125500;77611;77611;77508;77520;20476
Si;5;20260211;130000;77520;77520;77401;77407;20696
Si;5;20260211;130500;77408;77440;77355;77375;16497
Si;5;20260211;131000;77373;77429;77356;77429;11470
Si;5;20260211;131500;77428;77466;77350;77351;20182
Si;5;20260211;132000;77350;77430;77301;77401;13787
Si;5;20260211;132500;77402;77461;77386;77413;6616
Si;5;20260211;133000;77417;77444;77399;77441;3611
Si;5;20260211;133500;77442;77442;77327;77386;12780
Si;5;20260211;134000;77381;77398;77357;77359;4944
Si;5;20260211;134500;77359;77359;77272;77314;7710
Si;5;20260211;135000;77312;77330;77255;77321;6758
Si;5;20260211;135500;77321;77335;77264;77324;3661
Si;5;20260211;140500;77326;77380;77286;77364;10733
Si;5;20260211;141000;77365;77459;77360;77456;8475
Si;5;20260211;141500;77456;77456;77406;77422;4364
Si;5;20260211;142000;77422;77446;77401;77401;4253
Si;5;20260211;142500;77405;77421;77391;77407;4436
Si;5;20260211;143000;77408;77487;77405;77460;4979
Si;5;20260211;143500;77461;77461;77422;77457;3975
Si;5;20260211;144000;77458;77474;77421;77474;3195
Si;5;20260211;144500;77474;77517;77470;77498;4971
Si;5;20260211;145000;77498;77515;77464;77486;3501
Si;5;20260211;145500;77488;77489;77431;77445;2581
Si;5;20260211;150000;77447;77484;77422;77467;5663
Si;5;20260211;150500;77468;77468;77427;77440;3307
Si;5;20260211;151000;77441;77463;77426;77446;3911
Si;5;20260211;151500;77448;77460;77446;77454;2387
Si;5;20260211;152000;77456;77456;77431;77442;1579
Si;5;20260211;152500;77443;77452;77422;77442;2201
Si;5;20260211;153000;77442;77511;77437;77490;3509
Si;5;20260211;153500;77491;77517;77469;77492;4259
Si;5;20260211;154000;77498;77687;77487;77673;33938
Si;5;20260211;154500;77674;77690;77555;77593;21832
Si;5;20260211;155000;77596;77653;77584;77600;20839
Si;5;20260211;155500;77601;77646;77580;77610;17020
Si;5;20260211;160000;77613;77676;77603;77672;17903
Si;5;20260211;160500;77674;77675;77565;77594;6737
Si;5;20260211;161000;77595;77644;77578;77606;3089
Si;5;20260211;161500;77607;77656;77597;77631;2933
Si;5;20260211;162000;77632;77654;77612;77648;3630
Si;5;20260211;162500;77644;77654;77616;77622;2854
Si;5;20260211;163000;77623;77777;77621;77740;16314
Si;5;20260211;163500;77739;77749;77626;77644;5923
Si;5;20260211;164000;77644;77653;77602;77616;6307
Si;5;20260211;164500;77617;77660;77588;77593;5780
Si;5;20260211;165000;77594;77647;77520;77562;6292
Si;5;20260211;165500;77563;77600;77561;77591;4352
Si;5;20260211;170000;77593;77601;77552;77560;3857
Si;5;20260211;170500;77559;77559;77463;77491;3544
Si;5;20260211;171000;77492;77539;77462;77483;3014
Si;5;20260211;171500;77486;77508;77470;77490;2810
Si;5;20260211;172000;77491;77491;77427;77450;4471
Si;5;20260211;172500;77451;77491;77417;77485;3993
Si;5;20260211;173000;77486;77502;77458;77475;3092
Si;5;20260211;173500;77478;77496;77433;77448;2841
Si;5;20260211;174000;77448;77526;77430;77515;6360
Si;5;20260211;174500;77515;77526;77472;77510;2823
Si;5;20260211;175000;77512;77514;77452;77473;2413
Si;5;20260211;175500;77473;77475;77441;77445;1716
Si;5;20260211;180000;77446;77449;77401;77420;3110
Si;5;20260211;180500;77421;77464;77409;77461;3306
Si;5;20260211;181000;77463;77505;77459;77503;2282
Si;5;20260211;181500;77503;77521;77478;77512;2299
Si;5;20260211;182000;77511;77535;77492;77528;2671
Si;5;20260211;182500;77528;77549;77528;77542;2734
Si;5;20260211;183000;77541;77550;77500;77540;2397
Si;5;20260211;183500;77536;77562;77503;77551;1728
Si;5;20260211;184000;77550;77550;77505;77509;1938
Si;5;20260211;184500;77508;77524;77449;77499;3001
Si;5;20260211;190500;77533;77602;77481;77577;2618
Si;5;20260211;191000;77578;77740;77574;77659;7023
Si;5;20260211;191500;77652;77700;77652;77669;2504
Si;5;20260211;192000;77672;77774;77670;77694;3550
Si;5;20260211;192500;77692;77719;77629;77649;2815
Si;5;20260211;193000;77645;77690;77622;77632;1342
Si;5;20260211;193500;77627;77662;77614;77617;731
Si;5;20260211;194000;77612;77655;77602;77627;906
Si;5;20260211;194500;77625;77650;77623;77649;653
Si;5;20260211;195000;77650;77655;77646;77650;217
Si;5;20260211;195500;77650;77666;77650;77662;159
Si;5;20260211;200000;77658;77668;77650;77653;98
Si;5;20260211;200500;77650;77656;77628;77638;346
Si;5;20260211;201000;77639;77644;77601;77609;499
Si;5;20260211;201500;77611;77617;77591;77591;335
Si;5;20260211;202000;77592;77606;77588;77595;248
Si;5;20260211;202500;77604;77604;77586;77594;99
Si;5;20260211;203000;77595;77617;77585;77609;315
Si;5;20260211;203500;77609;77625;77605;77605;82
Si;5;20260211;204000;77605;77613;77588;77590;333
Si;5;20260211;204500;77590;77606;77588;77596;107
Si;5;20260211;205000;77596;77596;77572;77575;345
Si;5;20260211;205500;77573;77583;77573;77574;180
Si;5;20260211;210000;77575;77598;77573;77595;299
Si;5;20260211;210500;77593;77593;77579;77589;156
Si;5;20260211;211000;77581;77589;77570;77573;339
Si;5;20260211;211500;77573;77598;77572;77594;247
Si;5;20260211;212000;77595;77601;77588;77598;314
Si;5;20260211;212500;77603;77605;77592;77592;166
Si;5;20260211;213000;77594;77601;77588;77588;191
Si;5;20260211;213500;77588;77600;77588;77594;52
Si;5;20260211;214000;77594;77609;77593;77601;99
Si;5;20260211;214500;77601;77601;77591;77595;92
Si;5;20260211;215000;77594;77595;77589;77589;63
Si;5;20260211;215500;77590;77593;77586;77586;189
Si;5;20260211;220000;77587;77617;77586;77617;333
Si;5;20260211;220500;77609;77609;77595;77595;92
Si;5;20260211;221000;77598;77606;77593;77598;346
Si;5;20260211;221500;77597;77606;77589;77598;293
Si;5;20260211;222000;77599;77606;77595;77595;85
Si;5;20260211;222500;77601;77606;77593;77599;69
Si;5;20260211;223000;77601;77605;77591;77591;75
Si;5;20260211;223500;77592;77599;77580;77580;287
Si;5;20260211;224000;77580;77580;77566;77570;332
Si;5;20260211;224500;77570;77576;77565;77567;79
Si;5;20260211;225000;77567;77577;77563;77572;96
Si;5;20260211;225500;77572;77577;77571;77574;69
Si;5;20260211;230000;77574;77577;77573;77573;123
Si;5;20260211;230500;77576;77584;77574;77584;109
Si;5;20260211;231000;77584;77596;77579;77595;240
Si;5;20260211;231500;77595;77595;77590;77594;61
Si;5;20260211;232000;77592;77594;77572;77574;227
Si;5;20260211;232500;77581;77581;77573;77580;60
Si;5;20260211;233000;77580;77586;77573;77574;143
Si;5;20260211;233500;77576;77576;77566;77570;102
Si;5;20260211;234000;77568;77576;77565;77573;156
Si;5;20260211;234500;77572;77640;77572;77632;1158
Si;5;20260212;085500;77583;77583;77583;77583;270
Si;5;20260212;090000;77585;77663;77568;77578;2316
Si;5;20260212;090500;77581;77609;77568;77580;923
Si;5;20260212;091000;77580;77595;77570;77581;745
Si;5;20260212;091500;77581;77613;77580;77597;418
Si;5;20260212;092000;77602;77622;77592;77622;685
Si;5;20260212;092500;77622;77637;77607;77635;1461
Si;5;20260212;093000;77634;77645;77589;77608;1743
Si;5;20260212;093500;77604;77619;77588;77607;824
Si;5;20260212;094000;77603;77642;77591;77640;409
Si;5;20260212;094500;77640;77690;77623;77641;1755
Si;5;20260212;095000;77637;77655;77591;77620;1809
Si;5;20260212;095500;77616;77625;77570;77571;1153
Si;5;20260212;100000;77574;77630;77535;77557;7187
Si;5;20260212;100500;77555;77559;77510;77513;4363
Si;5;20260212;101000;77514;77564;77510;77559;4241
Si;5;20260212;101500;77561;77586;77520;77550;3549
Si;5;20260212;102000;77551;77574;77515;77530;2507
Si;5;20260212;102500;77529;77596;77523;77573;3104
Si;5;20260212;103000;77573;77621;77550;77575;3995
Si;5;20260212;103500;77577;77614;77548;77567;2661
Si;5;20260212;104000;77563;77571;77489;77504;4775
Si;5;20260212;104500;77498;77538;77448;77500;4714
Si;5;20260212;105000;77496;77690;77481;77632;24913
Si;5;20260212;105500;77633;77674;77628;77631;4618
Si;5;20260212;110000;77629;77672;77600;77617;6422
Si;5;20260212;110500;77615;77821;77587;77745;20634
Si;5;20260212;111000;77745;77772;77702;77711;9385
Si;5;20260212;111500;77709;77788;77704;77751;6410
Si;5;20260212;112000;77755;77809;77731;77739;6310
Si;5;20260212;112500;77737;77742;77702;77704;3299
Si;5;20260212;113000;77705;77720;77643;77649;5550
Si;5;20260212;113500;77650;77748;77633;77702;10362
Si;5;20260212;114000;77704;77721;77660;77660;2656
Si;5;20260212;114500;77658;77670;77608;77622;4421
Si;5;20260212;115000;77619;77670;77613;77650;4163
Si;5;20260212;115500;77654;77661;77607;77626;3297
Si;5;20260212;120000;77627;77636;77552;77563;4923
Si;5;20260212;120500;77563;77582;77505;77529;6381
Si;5;20260212;121000;77529;77529;77468;77501;6255
Si;5;20260212;121500;77500;77501;77468;77481;4161
Si;5;20260212;122000;77481;77482;77427;77458;6891
Si;5;20260212;122500;77458;77501;77445;77459;4184
Si;5;20260212;123000;77463;77483;77449;77476;3450
Si;5;20260212;123500;77476;77520;77474;77508;3600
Si;5;20260212;124000;77508;77580;77502;77540;4809
Si;5;20260212;124500;77543;77620;77526;77618;6223
Si;5;20260212;125000;77620;77645;77607;77626;5283
Si;5;20260212;125500;77625;77688;77624;77669;7026
Si;5;20260212;130000;77670;77806;77670;77755;15437
Si;5;20260212;130500;77756;77788;77742;77759;8402
Si;5;20260212;131000;77760;77773;77695;77702;9761
Si;5;20260212;131500;77701;77733;77685;77731;4901
Si;5;20260212;132000;77730;77762;77697;77711;4218
Si;5;20260212;132500;77710;77731;77687;77710;3271
Si;5;20260212;133000;77710;77761;77698;77733;3993
Si;5;20260212;133500;77735;77747;77698;77707;3012
Si;5;20260212;134000;77711;77737;77699;77723;2410
Si;5;20260212;134500;77722;77750;77708;77743;4659
Si;5;20260212;135000;77742;77767;77718;77737;10365
Si;5;20260212;135500;77735;77750;77725;77749;2844
Si;5;20260212;140500;77749;77895;77747;77762;29525
Si;5;20260212;141000;77760;77780;77728;77744;5107
Si;5;20260212;141500;77744;77789;77744;77789;5117
Si;5;20260212;142000;77789;77811;77761;77761;7042
Si;5;20260212;142500;77761;77787;77728;77730;3472
Si;5;20260212;143000;77730;77750;77729;77750;1382
Si;5;20260212;143500;77750;77750;77711;77712;2076
Si;5;20260212;144000;77712;77750;77709;77732;2176
Si;5;20260212;144500;77733;77750;77732;77738;1195
Si;5;20260212;145000;77738;77738;77727;77735;793
Si;5;20260212;145500;77736;77750;77715;77749;3475
Si;5;20260212;150000;77742;77750;77666;77687;5196
Si;5;20260212;150500;77687;77687;77619;77632;7449
Si;5;20260212;151000;77631;77669;77566;77580;11731
Si;5;20260212;151500;77581;77614;77555;77572;3413
Si;5;20260212;152000;77574;77631;77568;77626;1933
Si;5;20260212;152500;77622;77650;77622;77649;2089
Si;5;20260212;153000;77649;77650;77630;77633;1909
Si;5;20260212;153500;77633;77643;77616;77634;977
Si;5;20260212;154000;77634;77648;77622;77635;1190
Si;5;20260212;154500;77637;77650;77630;77650;4848
Si;5;20260212;155000;77650;77673;77598;77600;6984
Si;5;20260212;155500;77600;77632;77569;77577;6869
Si;5;20260212;160000;77578;77586;77542;77549;11764
Si;5;20260212;160500;77549;77550;77517;77528;5197
Si;5;20260212;161000;77526;77549;77499;77507;5340
Si;5;20260212;161500;77506;77530;77450;77513;9461
Si;5;20260212;162000;77514;77538;77495;77500;6542
Si;5;20260212;162500;77499;77503;77407;77448;20118
Si;5;20260212;163000;77446;77496;77435;77454;14165
Si;5;20260212;163500;77454;77518;77421;77505;15459
Si;5;20260212;164000;77504;77575;77470;77566;7570
Si;5;20260212;164500;77563;77605;77541;77545;6581
Si;5;20260212;165000;77546;77563;77538;77538;1463
Si;5;20260212;165500;77538;77576;77538;77560;2191
Si;5;20260212;170000;77560;77583;77523;77524;2646
Si;5;20260212;170500;77523;77554;77523;77540;1213
Si;5;20260212;171000;77542;77545;77525;77532;1744
Si;5;20260212;171500;77531;77598;77529;77577;3736
Si;5;20260212;172000;77579;77600;77554;77564;2664
Si;5;20260212;172500;77563;77574;77545;77555;2607
Si;5;20260212;173000;77554;77579;77545;77575;996
Si;5;20260212;173500;77575;77598;77565;77583;2410
Si;5;20260212;174000;77582;77586;77537;77555;3893
Si;5;20260212;174500;77554;77556;77506;77529;3910
Si;5;20260212;175000;77526;77559;77523;77546;1371
Si;5;20260212;175500;77546;77559;77525;77539;3493
Si;5;20260212;180000;77538;77590;77525;77580;2830
Si;5;20260212;180500;77580;77583;77536;77549;2951
Si;5;20260212;181000;77548;77556;77500;77515;4038
Si;5;20260212;181500;77513;77521;77451;77514;5803
Si;5;20260212;182000;77512;77514;77500;77502;1051
Si;5;20260212;182500;77500;77510;77480;77500;4432
Si;5;20260212;183000;77500;77501;77450;77476;3522
Si;5;20260212;183500;77478;77486;77436;77462;2892
Si;5;20260212;184000;77462;77476;77450;77474;1948
Si;5;20260212;184500;77468;77507;77460;77505;1998
Si;5;20260212;190500;77450;77574;77450;77478;5626
Si;5;20260212;191000;77472;77519;77431;77448;6075
Si;5;20260212;191500;77447;77502;77438;77482;2148
Si;5;20260212;192000;77482;77503;77457;77463;1355
Si;5;20260212;192500;77463;77498;77460;77488;1246
Si;5;20260212;193000;77488;77501;77466;77484;945
Si;5;20260212;193500;77475;77475;77382;77420;3016
Si;5;20260212;194000;77418;77420;77360;77361;2575
Si;5;20260212;194500;77361;77395;77355;77385;1716
Si;5;20260212;195000;77384;77407;77370;77398;880
Si;5;20260212;195500;77401;77405;77387;77387;556
Si;5;20260212;200000;77389;77396;77364;77392;683
Si;5;20260212;200500;77393;77409;77382;77396;569
Si;5;20260212;201000;77396;77417;77389;77413;699
Si;5;20260212;201500;77412;77421;77400;77419;561
Si;5;20260212;202000;77421;77430;77421;77428;508
Si;5;20260212;202500;77429;77441;77427;77434;455
Si;5;20260212;203000;77434;77444;77423;77434;410
Si;5;20260212;203500;77437;77439;77414;77428;249
Si;5;20260212;204000;77434;77453;77415;77447;457
Si;5;20260212;204500;77445;77456;77442;77455;241
Si;5;20260212;205000;77452;77463;77445;77450;478
Si;5;20260212;205500;77448;77450;77434;77440;238
Si;5;20260212;210000;77441;77470;77432;77469;866
Si;5;20260212;210500;77469;77475;77428;77458;872
Si;5;20260212;211000;77460;77467;77437;77439;338
Si;5;20260212;211500;77438;77450;77437;77443;262
Si;5;20260212;212000;77438;77470;77437;77469;378
Si;5;20260212;212500;77470;77477;77461;77475;340
Si;5;20260212;213000;77474;77490;77463;77467;1009
Si;5;20260212;213500;77467;77494;77467;77492;275
Si;5;20260212;214000;77492;77495;77466;77477;277
Si;5;20260212;214500;77473;77495;77470;77490;403
Si;5;20260212;215000;77490;77492;77470;77470;255
Si;5;20260212;215500;77467;77469;77456;77456;121
Si;5;20260212;220000;77459;77471;77456;77464;197
Si;5;20260212;220500;77464;77469;77455;77467;142
Si;5;20260212;221000;77468;77480;77468;77470;54
Si;5;20260212;221500;77474;77485;77474;77481;74
Si;5;20260212;222000;77482;77497;77479;77497;532
Si;5;20260212;222500;77497;77505;77476;77495;806
Si;5;20260212;223000;77496;77496;77470;77470;339
Si;5;20260212;223500;77471;77481;77463;77463;263
Si;5;20260212;224000;77464;77464;77447;77447;242
Si;5;20260212;224500;77452;77460;77445;77457;85
Si;5;20260212;225000;77452;77469;77452;77463;133
Si;5;20260212;225500;77471;77473;77462;77467;283
Si;5;20260212;230000;77467;77468;77450;77450;213
Si;5;20260212;230500;77450;77450;77430;77437;474
Si;5;20260212;231000;77437;77442;77435;77442;162
Si;5;20260212;231500;77441;77441;77428;77436;210
Si;5;20260212;232000;77435;77436;77430;77430;360
Si;5;20260212;232500;77433;77433;77418;77420;751
Si;5;20260212;233000;77420;77448;77419;77430;527
Si;5;20260212;233500;77438;77450;77427;77445;343
Si;5;20260212;234000;77444;77458;77428;77433;317
Si;5;20260212;234500;77433;77461;77400;77403;822
Si;5;20260213;085500;77401;77401;77401;77401;30
Si;5;20260213;090000;77403;77483;77401;77481;1713
Si;5;20260213;090500;77481;77500;77474;77487;1613
Si;5;20260213;091000;77487;77520;77486;77493;1225
Si;5;20260213;091500;77494;77525;77479;77488;1394
Si;5;20260213;092000;77488;77508;77479;77479;505
Si;5;20260213;092500;77479;77481;77447;77469;1733
Si;5;20260213;093000;77471;77471;77370;77431;2476
Si;5;20260213;093500;77432;77488;77428;77470;1473
Si;5;20260213;094000;77474;77489;77470;77486;450
Si;5;20260213;094500;77481;77483;77456;77462;379
Si;5;20260213;095000;77461;77461;77432;77461;471
Si;5;20260213;095500;77461;77475;77438;77450;718
Si;5;20260213;100000;77444;77540;77435;77519;6599
Si;5;20260213;100500;77521;77555;77421;77444;8614
Si;5;20260213;101000;77443;77443;77154;77306;29911
Si;5;20260213;101500;77305;77305;77232;77254;10269
Si;5;20260213;102000;77254;77351;77222;77345;9827
Si;5;20260213;102500;77345;77368;77282;77289;5300
Si;5;20260213;103000;77289;77330;77267;77317;8360
Si;5;20260213;103500;77316;77333;77272;77294;5874
Si;5;20260213;104000;77294;77294;77161;77245;12591
Si;5;20260213;104500;77245;77266;77183;77213;6913
Si;5;20260213;105000;77211;77257;77123;77140;11587
Si;5;20260213;105500;77144;77198;77118;77184;11368
Si;5;20260213;110000;77183;77188;77118;77169;10698
Si;5;20260213;110500;77166;77214;77122;77214;8917
Si;5;20260213;111000;77213;77249;77190;77202;5943
Si;5;20260213;111500;77201;77219;77171;77212;5395
Si;5;20260213;112000;77209;77228;77176;77226;4453
Si;5;20260213;112500;77225;77253;77217;77252;2319
Si;5;20260213;113000;77253;77308;77249;77305;3975
Si;5;20260213;113500;77305;77323;77268;77298;4492
Si;5;20260213;114000;77299;77330;77277;77311;2932
Si;5;20260213;114500;77311;77332;77291;77326;2084
Si;5;20260213;115000;77324;77353;77318;77346;3995
Si;5;20260213;115500;77347;77365;77340;77364;3702
Si;5;20260213;120000;77363;77379;77324;77377;6557
Si;5;20260213;120500;77377;77411;77351;77379;6696
Si;5;20260213;121000;77377;77385;77328;77331;5635
Si;5;20260213;121500;77333;77343;77271;77280;6149
Si;5;20260213;122000;77280;77280;77211;77234;11595
Si;5;20260213;122500;77234;77239;77206;77219;7817
Si;5;20260213;123000;77219;77248;77193;77242;9572
Si;5;20260213;123500;77243;77292;77229;77282;8347
Si;5;20260213;124000;77282;77342;77215;77262;11018
Si;5;20260213;124500;77263;77273;77216;77228;5480
Si;5;20260213;125000;77228;77229;77203;77207;6861
Si;5;20260213;125500;77204;77217;77185;77198;7353
Si;5;20260213;130000;77198;77264;77172;77256;6180
Si;5;20260213;130500;77256;77260;77204;77217;2854
Si;5;20260213;131000;77217;77222;77182;77192;5045
Si;5;20260213;131500;77190;77196;77091;77190;9693
Si;5;20260213;132000;77190;77198;77172;77175;3361
Si;5;20260213;132500;77175;77181;77124;77132;4613
Si;5;20260213;133000;77134;77254;77104;77208;30441
Si;5;20260213;133500;77211;77216;77090;77124;25900
Si;5;20260213;134000;77120;77120;77015;77074;29807
Si;5;20260213;134500;77074;77086;76929;77057;20047
Si;5;20260213;135000;77054;77135;77044;77111;10156
Si;5;20260213;135500;77117;77166;77075;77147;7441
Si;5;20260213;140500;77147;77180;77096;77173;8325
Si;5;20260213;141000;77173;77264;77173;77256;11847
Si;5;20260213;141500;77256;77283;77183;77202;9215
Si;5;20260213;142000;77203;77224;77164;77201;6066
Si;5;20260213;142500;77202;77210;77160;77188;6002
Si;5;20260213;143000;77187;77220;77182;77215;2646
Si;5;20260213;143500;77214;77245;77214;77244;2988
Si;5;20260213;144000;77244;77265;77222;77242;3555
Si;5;20260213;144500;77243;77254;77187;77201;3045
Si;5;20260213;145000;77202;77220;77189;77190;1773
Si;5;20260213;145500;77190;77202;77164;77176;2231
Si;5;20260213;150000;77176;77192;77135;77135;5026
Si;5;20260213;150500;77135;77151;77102;77148;3444
Si;5;20260213;151000;77148;77165;77140;77154;2441
Si;5;20260213;151500;77154;77154;77103;77125;3698
Si;5;20260213;152000;77125;77143;77057;77126;6577
Si;5;20260213;152500;77126;77174;77123;77173;3427
Si;5;20260213;153000;77174;77227;77168;77175;5466
Si;5;20260213;153500;77176;77227;77173;77226;2289
Si;5;20260213;154000;77226;77231;77132;77171;4462
Si;5;20260213;154500;77172;77178;77118;77138;2230
Si;5;20260213;155000;77138;77180;77107;77179;3870
Si;5;20260213;155500;77180;77215;77167;77200;3810
Si;5;20260213;160000;77200;77201;77120;77155;4338
Si;5;20260213;160500;77155;77220;77152;77201;6745
Si;5;20260213;161000;77201;77215;77171;77171;2079
Si;5;20260213;161500;77171;77227;77155;77169;6186
Si;5;20260213;162000;77169;77176;77135;77140;2713
Si;5;20260213;162500;77140;77159;77072;77088;2991
Si;5;20260213;163000;77088;77088;76868;76929;17810
Si;5;20260213;163500;76923;76982;76780;76801;20806
Si;5;20260213;164000;76797;76886;76734;76872;15539
Si;5;20260213;164500;76871;76909;76761;76877;19325
Si;5;20260213;165000;76877;76897;76857;76875;3650
Si;5;20260213;165500;76874;76875;76800;76814;3939
Si;5;20260213;170000;76811;76811;76723;76740;10905
Si;5;20260213;170500;76740;76768;76722;76760;5660
Si;5;20260213;171000;76761;76806;76751;76772;2728
Si;5;20260213;171500;76772;76789;76743;76770;3014
Si;5;20260213;172000;76770;76785;76735;76741;4602
Si;5;20260213;172500;76741;76784;76732;76767;3999
Si;5;20260213;173000;76766;76780;76722;76759;8961
Si;5;20260213;173500;76759;76773;76728;76735;3027
Si;5;20260213;174000;76735;76764;76722;76730;7154
Si;5;20260213;174500;76729;76736;76723;76723;5057
Si;5;20260213;175000;76723;76752;76722;76740;8423
Si;5;20260213;175500;76740;76743;76728;76735;2342
Si;5;20260213;180000;76735;76736;76722;76726;5866
Si;5;20260213;180500;76724;76768;76723;76738;6202
Si;5;20260213;181000;76739;76767;76734;76736;5953
Si;5;20260213;181500;76736;76752;76734;76748;4094
Si;5;20260213;182000;76749;76762;76739;76758;2857
Si;5;20260213;182500;76758;76790;76757;76777;3563
Si;5;20260213;183000;76775;76777;76722;76741;3622
Si;5;20260213;183500;76741;76754;76734;76740;4445
Si;5;20260213;184000;76741;76741;76722;76722;3993
Si;5;20260213;184500;76723;76735;76722;76722;7806
Si;5;20260213;190500;76722;76789;76560;76776;7716
Si;5;20260213;191000;76775;76794;76756;76793;840
Si;5;20260213;191500;76792;76811;76759;76767;1251
Si;5;20260213;192000;76767;76780;76764;76772;507
Si;5;20260213;192500;76772;76794;76770;76780;765
Si;5;20260213;193000;76780;76780;76758;76763;352
Si;5;20260213;193500;76765;76765;76650;76679;1889
Si;5;20260213;194000;76679;76708;76642;76692;2143
Si;5;20260213;194500;76695;76697;76605;76614;2865
Si;5;20260213;195000;76615;76663;76612;76645;1049
Si;5;20260213;195500;76644;76645;76603;76644;1296
Si;5;20260213;200000;76637;76689;76628;76687;1013
Si;5;20260213;200500;76686;76697;76661;76669;648
Si;5;20260213;201000;76669;76682;76641;76656;1158
Si;5;20260213;201500;76657;76661;76647;76659;364
Si;5;20260213;202000;76659;76705;76659;76680;1157
Si;5;20260213;202500;76681;76689;76675;76689;187
Si;5;20260213;203000;76690;76695;76678;76689;197
Si;5;20260213;203500;76689;76696;76683;76696;270
Si;5;20260213;204000;76694;76696;76663;76667;680
Si;5;20260213;204500;76666;76698;76662;76693;454
Si;5;20260213;205000;76693;76719;76693;76705;293
Si;5;20260213;205500;76705;76707;76696;76705;471
Si;5;20260213;210000;76706;76751;76702;76743;716
Si;5;20260213;210500;76741;76769;76741;76769;344
Si;5;20260213;211000;76769;76773;76753;76764;329
Si;5;20260213;211500;76764;76768;76759;76759;135
Si;5;20260213;212000;76759;76789;76759;76775;294
Si;5;20260213;212500;76775;76786;76763;76764;207
Si;5;20260213;213000;76764;76781;76762;76781;301
Si;5;20260213;213500;76780;76794;76779;76791;386
Si;5;20260213;214000;76793;76808;76792;76800;762
Si;5;20260213;214500;76801;76810;76800;76801;447
Si;5;20260213;215000;76800;76822;76791;76804;760
Si;5;20260213;215500;76804;76811;76791;76792;387
Si;5;20260213;220000;76792;76798;76787;76787;301
Si;5;20260213;220500;76786;76799;76786;76796;425
Si;5;20260213;221000;76798;76799;76788;76790;147
Si;5;20260213;221500;76789;76790;76785;76789;144
Si;5;20260213;222000;76788;76797;76785;76793;225
Si;5;20260213;222500;76789;76798;76787;76797;230
Si;5;20260213;223000;76794;76799;76791;76797;225
Si;5;20260213;223500;76796;76797;76793;76796;221
Si;5;20260213;224000;76795;76810;76793;76810;444
Si;5;20260213;224500;76804;76810;76804;76810;167
Si;5;20260213;225000;76809;76810;76804;76807;132
Si;5;20260213;225500;76808;76809;76792;76795;272
Si;5;20260213;230000;76795;76817;76795;76814;488
Si;5;20260213;230500;76817;76819;76804;76817;213
Si;5;20260213;231000;76817;76818;76812;76812;204
Si;5;20260213;231500;76814;76818;76804;76818;252
Si;5;20260213;232000;76817;76818;76807;76812;256
Si;5;20260213;232500;76811;76811;76785;76788;408
Si;5;20260213;233000;76793;76803;76788;76794;496
Si;5;20260213;233500;76791;76798;76785;76787;513
Si;5;20260213;234000;76787;76798;76764;76775;587
Si;5;20260213;234500;76778;76798;76753;76797;998
Si;5;20260216;085500;76741;76758;76741;76755;221
Si;5;20260216;090000;76741;76743;76578;76672;8270
Si;5;20260216;090500;76668;76720;76642;76657;5046
Si;5;20260216;091000;76660;76732;76653;76680;3708
Si;5;20260216;091500;76680;76702;76663;76698;1279
Si;5;20260216;092000;76694;76710;76672;76683;1090
Si;5;20260216;092500;76695;76714;76684;76707;865
Si;5;20260216;093000;76701;76725;76699;76725;829
Si;5;20260216;093500;76719;76750;76697;76721;1510
Si;5;20260216;094000;76717;76739;76696;76731;1227
Si;5;20260216;094500;76730;76762;76717;76724;1086
Si;5;20260216;095000;76724;76729;76704;76729;587
Si;5;20260216;095500;76728;76742;76719;76742;688
Si;5;20260216;100000;76739;76857;76724;76777;11076
Si;5;20260216;100500;76778;76876;76695;76696;9246
Si;5;20260216;101000;76695;76696;76507;76513;15666
Si;5;20260216;101500;76512;76569;76400;76544;17394
Si;5;20260216;102000;76544;76627;76519;76531;7876
Si;5;20260216;102500;76531;76620;76525;76528;6830
Si;5;20260216;103000;76527;76585;76527;76571;3439
Si;5;20260216;103500;76573;76580;76499;76519;5510
Si;5;20260216;104000;76514;76578;76503;76535;4191
Si;5;20260216;104500;76536;76591;76536;76586;1712
Si;5;20260216;105000;76585;76589;76552;76582;2188
Si;5;20260216;105500;76580;76592;76532;76558;2240
Si;5;20260216;110000;76557;76562;76452;76457;4442
Si;5;20260216;110500;76459;76471;76442;76464;3695
Si;5;20260216;111000;76462;76496;76454;76487;2755
Si;5;20260216;111500;76487;76547;76483;76540;4913
Si;5;20260216;112000;76539;76723;76523;76684;11552
Si;5;20260216;112500;76681;76767;76665;76667;7785
Si;5;20260216;113000;76667;76704;76640;76660;4195
Si;5;20260216;113500;76660;76674;76601;76625;3563
Si;5;20260216;114000;76621;76622;76565;76572;2869
Si;5;20260216;114500;76572;76619;76568;76605;2906
Si;5;20260216;115000;76605;76640;76597;76630;1402
Si;5;20260216;115500;76630;76634;76585;76598;2315
Si;5;20260216;120000;76599;76630;76569;76621;3384
Si;5;20260216;120500;76621;76640;76580;76609;3601
Si;5;20260216;121000;76610;76663;76542;76643;5313
Si;5;20260216;121500;76642;76736;76642;76671;5113
Si;5;20260216;122000;76672;76724;76672;76713;3426
Si;5;20260216;122500;76713;76778;76710;76713;6913
Si;5;20260216;123000;76714;76746;76703;76721;2980
Si;5;20260216;123500;76721;76744;76644;76707;9070
Si;5;20260216;124000;76706;76740;76658;76720;3601
Si;5;20260216;124500;76716;76730;76696;76699;2948
Si;5;20260216;125000;76700;76761;76651;76692;6088
Si;5;20260216;125500;76696;76761;76696;76740;2665
Si;5;20260216;130000;76749;76938;76749;76867;26056
Si;5;20260216;130500;76865;76974;76865;76896;9954
Si;5;20260216;131000;76897;76963;76897;76928;6989
Si;5;20260216;131500;76929;76950;76884;76889;6558
Si;5;20260216;132000;76891;76900;76814;76828;6202
Si;5;20260216;132500;76834;76918;76825;76900;5789
Si;5;20260216;133000;76899;76918;76786;76786;4063
Si;5;20260216;133500;76785;76802;76689;76729;6638
Si;5;20260216;134000;76735;76745;76686;76708;4194
Si;5;20260216;134500;76709;76714;76648;76672;3921
Si;5;20260216;135000;76668;76689;76610;76687;4234
Si;5;20260216;135500;76689;76705;76671;76691;1649
Si;5;20260216;140500;76688;76713;76625;76659;4676
Si;5;20260216;141000;76660;76660;76577;76613;4437
Si;5;20260216;141500;76612;76637;76578;76610;3600
Si;5;20260216;142000;76610;76708;76609;76678;3844
Si;5;20260216;142500;76679;76700;76646;76648;1369
Si;5;20260216;143000;76653;76666;76631;76643;1287
Si;5;20260216;143500;76642;76677;76635;76657;851
Si;5;20260216;144000;76657;76667;76617;76651;1986
Si;5;20260216;144500;76650;76672;76640;76652;2438
Si;5;20260216;145000;76653;76671;76653;76664;584
Si;5;20260216;145500;76665;76687;76650;76680;2039
Si;5;20260216;150000;76675;76680;76472;76499;8861
Si;5;20260216;150500;76498;76658;76450;76600;21450
Si;5;20260216;151000;76597;76611;76525;76546;4622
Si;5;20260216;151500;76545;76657;76536;76627;8081
Si;5;20260216;152000;76628;76676;76577;76624;5267
Si;5;20260216;152500;76626;76632;76594;76625;1844
Si;5;20260216;153000;76622;76673;76601;76646;2282
Si;5;20260216;153500;76647;76718;76614;76656;4237
Si;5;20260216;154000;76658;76687;76592;76607;5013
Si;5;20260216;154500;76606;76634;76596;76634;2261
Si;5;20260216;155000;76633;76646;76614;76620;1957
Si;5;20260216;155500;76622;76667;76620;76640;2269
Si;5;20260216;160000;76645;76655;76590;76607;1817
Si;5;20260216;160500;76606;76621;76575;76618;2198
Si;5;20260216;161000;76617;76617;76588;76605;1818
Si;5;20260216;161500;76604;76621;76594;76608;1599
Si;5;20260216;162000;76607;76632;76587;76593;2494
Si;5;20260216;162500;76595;76628;76588;76626;771
Si;5;20260216;163000;76626;76652;76587;76591;2909
Si;5;20260216;163500;76590;76743;76582;76740;7774
Si;5;20260216;164000;76740;76800;76735;76790;7834
Si;5;20260216;164500;76790;76829;76786;76803;5214
Si;5;20260216;165000;76804;76820;76780;76809;5728
Si;5;20260216;165500;76799;76825;76795;76809;3777
Si;5;20260216;170000;76809;76893;76809;76876;8136
Si;5;20260216;170500;76877;76933;76859;76933;6389
Si;5;20260216;171000;76929;76995;76882;76887;14729
Si;5;20260216;171500;76894;76899;76820;76872;5992
Si;5;20260216;172000;76871;76871;76761;76791;3654
Si;5;20260216;172500;76789;76908;76766;76900;6288
Si;5;20260216;173000;76901;76978;76900;76950;8050
Si;5;20260216;173500;76955;77026;76955;76999;8097
Si;5;20260216;174000;76997;77012;76926;76966;4783
Si;5;20260216;174500;76969;76978;76926;76948;4743
Si;5;20260216;175000;76952;76963;76911;76924;2488
Si;5;20260216;175500;76924;76953;76924;76926;2398
Si;5;20260216;180000;76926;76964;76886;76891;3510
Si;5;20260216;180500;76891;76925;76855;76869;3982
Si;5;20260216;181000;76868;76912;76863;76898;2212
Si;5;20260216;181500;76897;76927;76884;76903;1869
Si;5;20260216;182000;76901;76913;76887;76898;835
Si;5;20260216;182500;76899;76907;76860;76890;1888
Si;5;20260216;183000;76889;76965;76884;76936;2887
Si;5;20260216;183500;76934;76960;76915;76947;1651
Si;5;20260216;184000;76947;76948;76921;76921;1029
Si;5;20260216;184500;76918;76919;76888;76905;1846
Si;5;20260216;190500;76920;76944;76892;76917;513
Si;5;20260216;191000;76920;76926;76908;76911;254
Si;5;20260216;191500;76911;76914;76903;76905;428
Si;5;20260216;192000;76904;76905;76815;76838;1137
Si;5;20260216;192500;76837;76843;76822;76827;590
Si;5;20260216;193000;76828;76846;76827;76835;291
Si;5;20260216;193500;76835;76856;76834;76846;264
Si;5;20260216;194000;76851;76871;76842;76850;246
Si;5;20260216;194500;76849;76860;76845;76860;58
Si;5;20260216;195000;76858;76858;76848;76848;74
Si;5;20260216;195500;76856;76895;76842;76895;402
Si;5;20260216;200000;76894;76895;76859;76874;235
Si;5;20260216;200500;76874;76879;76873;76876;119
Si;5;20260216;201000;76875;76875;76851;76869;179
Si;5;20260216;201500;76867;76867;76852;76853;209
Si;5;20260216;202000;76853;76857;76845;76855;122
Si;5;20260216;202500;76855;76856;76844;76845;72
Si;5;20260216;203000;76855;76856;76840;76845;90
Si;5;20260216;203500;76843;76845;76842;76845;66
Si;5;20260216;204000;76843;76845;76837;76837;168
Si;5;20260216;204500;76842;76842;76832;76840;247
Si;5;20260216;205000;76839;76840;76832;76833;152
Si;5;20260216;205500;76837;76838;76828;76838;112
Si;5;20260216;210000;76837;76837;76811;76829;762
Si;5;20260216;210500;76825;76828;76804;76806;299
Si;5;20260216;211000;76806;76808;76802;76803;198
Si;5;20260216;211500;76804;76808;76803;76808;208
Si;5;20260216;212000;76808;76820;76807;76817;165
Si;5;20260216;212500;76817;76831;76801;76818;337
Si;5;20260216;213000;76810;76823;76804;76812;170
Si;5;20260216;213500;76810;76815;76810;76815;46
Si;5;20260216;214000;76814;76829;76805;76813;182
Si;5;20260216;214500;76814;76814;76797;76798;497
Si;5;20260216;215000;76798;76804;76798;76803;196
Si;5;20260216;215500;76803;76879;76800;76878;599
Si;5;20260216;220000;76874;76887;76860;76864;351
Si;5;20260216;220500;76864;76864;76829;76829;144
Si;5;20260216;221000;76824;76851;76818;76840;345
Si;5;20260216;221500;76849;76850;76834;76834;109
Si;5;20260216;222000;76833;76840;76822;76825;178
Si;5;20260216;222500;76824;76824;76817;76818;84
Si;5;20260216;223000;76819;76829;76819;76824;19
Si;5;20260216;223500;76824;76824;76805;76808;443
Si;5;20260216;224000;76808;76808;76804;76808;35
Si;5;20260216;224500;76808;76811;76800;76800;544
Si;5;20260216;225000;76798;76800;76797;76797;101
Si;5;20260216;225500;76799;76799;76790;76795;176
Si;5;20260216;230000;76792;76792;76783;76787;202
Si;5;20260216;230500;76787;76797;76786;76797;117
Si;5;20260216;231000;76797;76810;76797;76802;37
Si;5;20260216;231500;76804;76814;76800;76800;99
Si;5;20260216;232000;76800;76804;76794;76800;82
Si;5;20260216;232500;76802;76805;76795;76800;112
Si;5;20260216;233000;76795;76804;76792;76802;393
Si;5;20260216;233500;76804;76807;76793;76801;157
Si;5;20260216;234000;76801;76805;76792;76799;138
Si;5;20260216;234500;76800;76807;76796;76796;318
Si;5;20260217;085500;76796;76796;76796;76796;17
Si;5;20260217;090000;76797;76850;76766;76774;5438
Si;5;20260217;090500;76775;76821;76770;76821;1626
Si;5;20260217;091000;76820;76843;76793;76795;1107
Si;5;20260217;091500;76795;76852;76792;76844;1234
Si;5;20260217;092000;76845;76866;76826;76842;1059
Si;5;20260217;092500;76847;76875;76842;76875;498
Si;5;20260217;093000;76875;76894;76847;76854;1065
Si;5;20260217;093500;76852;76874;76848;76874;378
Si;5;20260217;094000;76876;76880;76857;76872;430
Si;5;20260217;094500;76872;76908;76864;76888;1463
Si;5;20260217;095000;76885;76894;76873;76882;549
Si;5;20260217;095500;76876;76884;76858;76860;474
Si;5;20260217;100000;76866;76999;76811;76946;9084
Si;5;20260217;100500;76946;76970;76767;76810;7815
Si;5;20260217;101000;76803;76886;76734;76850;8629
Si;5;20260217;101500;76849;76913;76816;76855;6224
Si;5;20260217;102000;76854;76890;76854;76876;1399
Si;5;20260217;102500;76873;76882;76817;76846;4323
Si;5;20260217;103000;76845;76943;76834;76901;5619
Si;5;20260217;103500;76901;76935;76875;76876;4170
Si;5;20260217;104000;76876;76876;76848;76852;2621
Si;5;20260217;104500;76853;76875;76829;76848;2740
Si;5;20260217;105000;76847;76889;76800;76889;5188
Si;5;20260217;105500;76888;76892;76762;76807;5725
Si;5;20260217;110000;76806;76818;76765;76767;5501
Si;5;20260217;110500;76771;76771;76702;76732;8603
Si;5;20260217;111000;76733;76777;76712;76755;3727
Si;5;20260217;111500;76753;76764;76744;76751;2102
Si;5;20260217;112000;76752;76782;76743;76763;2884
Si;5;20260217;112500;76763;76790;76721;76765;4220
Si;5;20260217;113000;76764;76765;76709;76713;3408
Si;5;20260217;113500;76714;76745;76701;76727;4573
Si;5;20260217;114000;76726;76737;76665;76710;7383
Si;5;20260217;114500;76710;76719;76664;76688;3771
Si;5;20260217;115000;76682;76682;76639;76663;4443
Si;5;20260217;115500;76662;76699;76641;76683;3333
Si;5;20260217;120000;76680;76681;76592;76628;8348
Si;5;20260217;120500;76626;76680;76594;76664;7805
Si;5;20260217;121000;76660;76702;76641;76699;2870
Si;5;20260217;121500;76700;76723;76681;76697;6671
Si;5;20260217;122000;76698;76709;76642;76669;3323
Si;5;20260217;122500;76670;76671;76605;76606;4968
Si;5;20260217;123000;76606;76608;76523;76565;12192
Si;5;20260217;123500;76565;76610;76537;76606;7878
Si;5;20260217;124000;76606;76637;76575;76634;6945
Si;5;20260217;124500;76634;76740;76612;76651;17785
Si;5;20260217;125000;76650;76699;76630;76693;3437
Si;5;20260217;125500;76692;76699;76634;76634;3221
Si;5;20260217;130000;76633;76684;76630;76663;6942
Si;5;20260217;130500;76661;76710;76632;76701;11932
Si;5;20260217;131000;76702;76703;76650;76692;6204
Si;5;20260217;131500;76694;76710;76680;76682;4514
Si;5;20260217;132000;76683;76685;76585;76630;11097
Si;5;20260217;132500;76630;76641;76580;76630;8995
Si;5;20260217;133000;76629;76635;76600;76605;3947
Si;5;20260217;133500;76601;76648;76581;76638;4960
Si;5;20260217;134000;76635;76651;76624;76630;3336
Si;5;20260217;134500;76630;76636;76588;76609;8192
Si;5;20260217;135000;76603;76651;76600;76636;4040
Si;5;20260217;135500;76637;76652;76601;76609;4950
Si;5;20260217;140500;76609;76653;76602;76640;5096
Si;5;20260217;141000;76639;76644;76609;76632;2957
Si;5;20260217;141500;76632;76676;76628;76668;4904
Si;5;20260217;142000;76669;76693;76649;76693;2799
Si;5;20260217;142500;76693;76700;76650;76666;3344
Si;5;20260217;143000;76668;76680;76647;76649;3399
Si;5;20260217;143500;76648;76665;76618;76663;4117
Si;5;20260217;144000;76663;76666;76643;76644;2213
Si;5;20260217;144500;76645;76654;76629;76644;2859
Si;5;20260217;145000;76644;76680;76637;76655;5335
Si;5;20260217;145500;76658;76688;76650;76671;3493
Si;5;20260217;150000;76672;76675;76615;76629;3195
Si;5;20260217;150500;76628;76648;76617;76642;2377
Si;5;20260217;151000;76643;76643;76609;76629;3790
Si;5;20260217;151500;76629;76672;76627;76650;5752
Si;5;20260217;152000;76651;76668;76624;76627;2041
Si;5;20260217;152500;76626;76649;76624;76643;2102
Si;5;20260217;153000;76642;76648;76610;76619;2657
Si;5;20260217;153500;76619;76624;76583;76619;4821
Si;5;20260217;154000;76619;76667;76610;76611;5252
Si;5;20260217;154500;76611;76612;76503;76529;15293
Si;5;20260217;155000;76526;76542;76479;76512;6707
Si;5;20260217;155500;76512;76567;76492;76517;7121
Si;5;20260217;160000;76517;76517;76480;76487;5581
Si;5;20260217;160500;76487;76543;76484;76539;2662
Si;5;20260217;161000;76536;76572;76533;76561;1691
Si;5;20260217;161500;76555;76560;76528;76542;1982
Si;5;20260217;162000;76538;76550;76527;76538;1055
Si;5;20260217;162500;76541;76541;76451;76451;4079
Si;5;20260217;163000;76454;76455;76322;76405;19597
Si;5;20260217;163500;76405;76405;76330;76341;6629
Si;5;20260217;164000;76341;76349;76232;76284;14838
Si;5;20260217;164500;76283;76324;76253;76306;11098
Si;5;20260217;165000;76308;76317;76209;76247;11075
Si;5;20260217;165500;76247;76273;76190;76225;21273
Si;5;20260217;170000;76222;76223;76081;76184;34983
Si;5;20260217;170500;76185;76234;76175;76230;12305
Si;5;20260217;171000;76230;76236;76161;76171;12403
Si;5;20260217;171500;76171;76264;76147;76230;14056
Si;5;20260217;172000;76230;76234;76162;76185;6616
Si;5;20260217;172500;76185;76216;76087;76146;6312
Si;5;20260217;173000;76145;76205;76140;76160;5040
Si;5;20260217;173500;76161;76295;76161;76269;13026
Si;5;20260217;174000;76269;76278;76210;76251;4200
Si;5;20260217;174500;76252;76265;76218;76249;2571
Si;5;20260217;175000;76249;76275;76235;76254;3418
Si;5;20260217;175500;76254;76291;76250;76275;1873
Si;5;20260217;180000;76274;76295;76247;76278;2388
Si;5;20260217;180500;76278;76288;76242;76254;3861
Si;5;20260217;181000;76254;76266;76218;76241;4572
Si;5;20260217;181500;76241;76255;76234;76246;2709
Si;5;20260217;182000;76246;76246;76184;76207;3141
Si;5;20260217;182500;76207;76239;76194;76203;2738
Si;5;20260217;183000;76203;76215;76189;76192;2039
Si;5;20260217;183500;76192;76206;76160;76164;1796
Si;5;20260217;184000;76164;76188;76155;76176;1886
Si;5;20260217;184500;76174;76178;76140;76149;2330
Si;5;20260217;190500;76171;76193;76122;76123;1441
Si;5;20260217;191000;76129;76156;76126;76155;1398
Si;5;20260217;191500;76155;76155;76102;76105;1125
Si;5;20260217;192000;76104;76104;76037;76064;3968
Si;5;20260217;192500;76064;76070;76050;76053;1372
Si;5;20260217;193000;76053;76078;76020;76059;2558
Si;5;20260217;193500;76058;76084;76056;76065;1777
Si;5;20260217;194000;76064;76065;76032;76040;1237
Si;5;20260217;194500;76037;76055;76034;76055;968
Si;5;20260217;195000;76055;76055;76050;76054;318
Si;5;20260217;195500;76054;76055;76044;76054;409
Si;5;20260217;200000;76053;76068;76038;76066;924
Si;5;20260217;200500;76067;76070;76043;76043;1051
Si;5;20260217;201000;76058;76065;76037;76045;869
Si;5;20260217;201500;76043;76043;76020;76035;1470
Si;5;20260217;202000;76036;76050;76030;76041;472
Si;5;20260217;202500;76041;76064;76038;76059;562
Si;5;20260217;203000;76060;76069;76055;76063;347
Si;5;20260217;203500;76064;76074;76061;76069;389
Si;5;20260217;204000;76071;76080;76071;76072;470
Si;5;20260217;204500;76072;76079;76059;76069;472
Si;5;20260217;205000;76075;76094;76064;76064;579
Si;5;20260217;205500;76064;76065;76023;76044;692
Si;5;20260217;210000;76045;76060;76040;76041;219
Si;5;20260217;210500;76044;76047;76035;76037;340
Si;5;20260217;211000;76036;76043;76034;76043;232
Si;5;20260217;211500;76043;76062;76042;76044;567
Si;5;20260217;212000;76045;76045;76016;76017;1573
Si;5;20260217;212500;76016;76026;76016;76026;403
Si;5;20260217;213000;76024;76024;76015;76023;301
Si;5;20260217;213500;76023;76024;76015;76018;553
Si;5;20260217;214000;76018;76018;76000;76000;1690
Si;5;20260217;214500;76000;76002;75964;75994;3216
Si;5;20260217;215000;75993;76009;75993;76005;751
Si;5;20260217;215500;76006;76006;75990;76000;473
Si;5;20260217;220000;76001;76001;75988;75994;400
Si;5;20260217;220500;75995;75998;75990;75991;359
Si;5;20260217;221000;75992;75992;75977;75977;281
Si;5;20260217;221500;75977;75985;75920;75965;2011
Si;5;20260217;222000;75971;75976;75951;75951;767
Si;5;20260217;222500;75956;75973;75951;75970;345
Si;5;20260217;223000;75961;75987;75961;75985;307
Si;5;20260217;223500;75984;75991;75978;75978;323
Si;5;20260217;224000;75976;75980;75958;75971;247
Si;5;20260217;224500;75974;75984;75972;75979;213
Si;5;20260217;225000;75979;75996;75978;75995;187
Si;5;20260217;225500;75996;75996;75995;75995;129
Si;5;20260217;230000;75996;76022;75995;76022;890
Si;5;20260217;230500;76022;76026;76021;76025;790
Si;5;20260217;231000;76026;76047;76025;76043;502
Si;5;20260217;231500;76043;76060;76043;76060;442
Si;5;20260217;232000;76060;76089;76059;76086;473
Si;5;20260217;232500;76087;76087;76082;76082;326
Si;5;20260217;233000;76082;76086;76081;76081;303
Si;5;20260217;233500;76081;76081;76063;76063;414
Si;5;20260217;234000;76064;76087;76059;76074;241
Si;5;20260217;234500;76074;76100;76060;76100;532
Si;5;20260218;085500;76099;76099;76099;76099;163
Si;5;20260218;090000;76057;76166;76037;76113;4435
Si;5;20260218;090500;76109;76160;76092;76099;1959
Si;5;20260218;091000;76100;76115;76092;76103;580
Si;5;20260218;091500;76103;76126;76100;76113;512
Si;5;20260218;092000;76114;76134;76110;76125;838
Si;5;20260218;092500;76131;76174;76123;76173;1590
Si;5;20260218;093000;76172;76217;76168;76168;2514
Si;5;20260218;093500;76168;76193;76164;76189;650
Si;5;20260218;094000;76190;76198;76161;76165;1011
Si;5;20260218;094500;76167;76182;76165;76172;465
Si;5;20260218;095000;76172;76196;76150;76150;2235
Si;5;20260218;095500;76150;76179;76150;76158;1183
Si;5;20260218;100000;76159;76248;76110;76118;10579
Si;5;20260218;100500;76118;76202;76102;76119;10983
Si;5;20260218;101000;76117;76185;76070;76155;9303
Si;5;20260218;101500;76155;76180;76138;76167;7130
Si;5;20260218;102000;76167;76204;76140;76161;6496
Si;5;20260218;102500;76161;76180;76119;76160;5536
Si;5;20260218;103000;76160;76237;76155;76222;6918
Si;5;20260218;103500;76224;76287;76209;76229;8361
Si;5;20260218;104000;76229;76246;76106;76212;15461
Si;5;20260218;104500;76207;76245;76172;76178;3414
Si;5;20260218;105000;76178;76185;76030;76088;9443
Si;5;20260218;105500;76087;76091;75970;76033;11294
Si;5;20260218;110000;76039;76043;75946;75953;11551
Si;5;20260218;110500;75955;76016;75950;76013;7607
Si;5;20260218;111000;76013;76038;75993;76003;5536
Si;5;20260218;111500;76002;76085;76001;76048;6290
Si;5;20260218;112000;76050;76096;76033;76066;6585
Si;5;20260218;112500;76062;76075;76016;76038;4793
Si;5;20260218;113000;76038;76053;75915;75992;9642
Si;5;20260218;113500;75994;76013;75956;75974;5105
Si;5;20260218;114000;75975;76023;75957;75982;6582
Si;5;20260218;114500;75985;75999;75946;75972;4832
Si;5;20260218;115000;75972;76005;75959;75990;6208
Si;5;20260218;115500;75989;75997;75948;75954;3980
Si;5;20260218;120000;75955;75989;75933;75941;8486
Si;5;20260218;120500;75945;75965;75880;75884;10788
Si;5;20260218;121000;75884;75948;75875;75926;8093
Si;5;20260218;121500;75924;75931;75858;75904;8078
Si;5;20260218;122000;75902;75920;75860;75912;5791
Si;5;20260218;122500;75912;75942;75890;75905;5143
Si;5;20260218;123000;75909;75999;75902;75977;9412
Si;5;20260218;123500;75977;76003;75943;75956;6329
Si;5;20260218;124000;75956;75980;75900;75906;7747
Si;5;20260218;124500;75906;75962;75894;75920;9359
Si;5;20260218;125000;75914;75919;75870;75878;6875
Si;5;20260218;125500;75878;75898;75854;75860;9043
Si;5;20260218;130000;75860;75868;75837;75858;9222
Si;5;20260218;130500;75856;75867;75820;75820;8038
Si;5;20260218;131000;75821;75825;75764;75794;15018
Si;5;20260218;131500;75795;75813;75763;75802;12284
Si;5;20260218;132000;75802;75898;75780;75860;12454
Si;5;20260218;132500;75866;75934;75857;75904;12741
Si;5;20260218;133000;75904;76068;75892;76068;17238
Si;5;20260218;133500;76067;76244;76062;76207;27341
Si;5;20260218;134000;76206;76375;76203;76330;41523
Si;5;20260218;134500;76330;76375;76279;76293;24138
Si;5;20260218;135000;76288;76376;76225;76251;20943
Si;5;20260218;135500;76251;76443;76250;76403;18432
Si;5;20260218;140500;76405;76490;76376;76407;23854
Si;5;20260218;141000;76408;76460;76375;76422;12133
Si;5;20260218;141500;76423;76439;76349;76380;10553
Si;5;20260218;142000;76377;76443;76376;76412;7211
Si;5;20260218;142500;76410;76424;76356;76398;7071
Si;5;20260218;143000;76398;76416;76334;76373;9256
Si;5;20260218;143500;76372;76391;76325;76335;6694
Si;5;20260218;144000;76338;76358;76319;76334;5302
Si;5;20260218;144500;76337;76520;76334;76475;17222
Si;5;20260218;145000;76475;76516;76444;76493;4927
Si;5;20260218;145500;76493;76513;76472;76500;4619
Si;5;20260218;150000;76500;76615;76500;76516;19018
Si;5;20260218;150500;76520;76524;76435;76444;7205
Si;5;20260218;151000;76450;76488;76422;76479;3390
Si;5;20260218;151500;76481;76570;76473;76533;4664
Si;5;20260218;152000;76533;76553;76470;76474;3461
Si;5;20260218;152500;76472;76502;76457;76489;2767
Si;5;20260218;153000;76493;76551;76449;76540;6997
Si;5;20260218;153500;76540;76638;76510;76612;9298
Si;5;20260218;154000;76610;76642;76593;76638;4320
Si;5;20260218;154500;76637;76790;76637;76722;17086
Si;5;20260218;155000;76726;76770;76692;76712;5204
Si;5;20260218;155500;76714;76731;76671;76731;5230
Si;5;20260218;160000;76731;76849;76726;76791;19231
Si;5;20260218;160500;76793;76813;76744;76757;4097
Si;5;20260218;161000;76752;76850;76731;76773;13429
Si;5;20260218;161500;76777;76950;76766;76884;16411
Si;5;20260218;162000;76886;76950;76840;76848;13300
Si;5;20260218;162500;76850;76854;76750;76770;6508
Si;5;20260218;163000;76776;76809;76751;76789;4267
Si;5;20260218;163500;76789;76838;76765;76834;3345
Si;5;20260218;164000;76836;76850;76808;76815;2715
Si;5;20260218;164500;76819;76860;76811;76853;2440
Si;5;20260218;165000;76852;76853;76824;76831;3364
Si;5;20260218;165500;76832;76850;76832;76843;4939
Si;5;20260218;170000;76843;76922;76843;76866;15825
Si;5;20260218;170500;76864;76915;76864;76909;3922
Si;5;20260218;171000;76908;76946;76900;76915;5211
Si;5;20260218;171500;76915;76940;76903;76908;2625
Si;5;20260218;172000;76909;76928;76900;76912;3205
Si;5;20260218;172500;76913;76937;76869;76889;7287
Si;5;20260218;173000;76889;76981;76889;76952;6615
Si;5;20260218;173500;76949;76949;76730;76748;23749
Si;5;20260218;174000;76746;76764;76673;76703;9238
Si;5;20260218;174500;76700;76789;76691;76766;7192
Si;5;20260218;175000;76766;76792;76752;76759;2166
Si;5;20260218;175500;76757;76816;76716;76748;4457
Si;5;20260218;180000;76747;76764;76656;76671;4930
Si;5;20260218;180500;76673;76723;76637;76720;3651
Si;5;20260218;181000;76718;76772;76699;76758;2296
Si;5;20260218;181500;76761;76790;76741;76787;2364
Si;5;20260218;182000;76790;76820;76776;76808;1714
Si;5;20260218;182500;76803;76812;76761;76785;1848
Si;5;20260218;183000;76785;76820;76776;76816;1722
Si;5;20260218;183500;76813;76888;76798;76808;2951
Si;5;20260218;184000;76809;76816;76781;76792;1428
Si;5;20260218;184500;76791;76830;76747;76758;2088
Si;5;20260218;190500;76760;76777;76690;76762;1653
Si;5;20260218;191000;76763;76786;76759;76780;503
Si;5;20260218;191500;76778;76783;76738;76747;524
Si;5;20260218;192000;76743;76758;76742;76748;273
Si;5;20260218;192500;76748;76771;76747;76767;344
Si;5;20260218;193000;76768;76807;76768;76807;700
Si;5;20260218;193500;76807;76830;76796;76814;609
Si;5;20260218;194000;76822;76832;76811;76815;381
Si;5;20260218;194500;76814;76823;76800;76810;314
Si;5;20260218;195000;76810;76815;76795;76801;386
Si;5;20260218;195500;76801;76806;76788;76792;319
Si;5;20260218;200000;76792;76792;76747;76749;529
Si;5;20260218;200500;76750;76758;76749;76750;377
Si;5;20260218;201000;76750;76760;76750;76756;335
Si;5;20260218;201500;76755;76756;76728;76735;952
Si;5;20260218;202000;76734;76734;76697;76715;3129
Si;5;20260218;202500;76714;76729;76705;76725;266
Si;5;20260218;203000;76725;76729;76711;76725;287
Si;5;20260218;203500;76724;76739;76724;76738;379
Si;5;20260218;204000;76737;76760;76736;76759;391
Si;5;20260218;204500;76759;76764;76757;76763;549
Si;5;20260218;205000;76765;76780;76736;76736;397
Si;5;20260218;205500;76736;76755;76724;76741;323
Si;5;20260218;210000;76747;76776;76739;76776;365
Si;5;20260218;210500;76776;76779;76768;76768;518
Si;5;20260218;211000;76768;76772;76749;76752;288
Si;5;20260218;211500;76752;76789;76743;76787;784
Si;5;20260218;212000;76789;76799;76781;76795;353
Si;5;20260218;212500;76794;76796;76776;76785;438
Si;5;20260218;213000;76784;76797;76780;76789;328
Si;5;20260218;213500;76790;76795;76788;76792;136
Si;5;20260218;214000;76792;76797;76791;76797;108
Si;5;20260218;214500;76797;76839;76793;76828;964
Si;5;20260218;215000;76826;76848;76826;76842;330
Si;5;20260218;215500;76839;76847;76816;76816;159
Si;5;20260218;220000;76816;76828;76804;76810;267
Si;5;20260218;220500;76808;76823;76808;76821;148
Si;5;20260218;221000;76822;76839;76820;76839;287
Si;5;20260218;221500;76838;76839;76834;76834;145
Si;5;20260218;222000;76836;76839;76823;76834;487
Si;5;20260218;222500;76834;76839;76824;76829;281
Si;5;20260218;223000;76828;76829;76817;76824;209
Si;5;20260218;223500;76825;76828;76821;76822;200
Si;5;20260218;224000;76822;76822;76815;76817;254
Si;5;20260218;224500;76821;76823;76810;76811;173
Si;5;20260218;225000;76811;76812;76802;76810;245
Si;5;20260218;225500;76808;76812;76804;76812;202
Si;5;20260218;230000;76811;76811;76777;76778;271
Si;5;20260218;230500;76777;76777;76756;76756;431
Si;5;20260218;231000;76758;76778;76755;76778;435
Si;5;20260218;231500;76778;76813;76778;76806;390
Si;5;20260218;232000;76801;76816;76800;76816;71
Si;5;20260218;232500;76815;76819;76810;76810;93
Si;5;20260218;233000;76810;76817;76788;76807;536
Si;5;20260218;233500;76810;76824;76806;76816;241
Si;5;20260218;234000;76816;76818;76782;76789;362
Si;5;20260218;234500;76790;76813;76754;76799;853
Si;5;20260219;085500;76780;76780;76780;76780;241
Si;5;20260219;090000;76790;76898;76790;76834;4798
Si;5;20260219;090500;76834;76850;76809;76848;2421
Si;5;20260219;091000;76848;76882;76822;76858;2409
Si;5;20260219;091500;76860;76882;76830;76846;1658
Si;5;20260219;092000;76842;76863;76836;76848;843
Si;5;20260219;092500;76847;76863;76847;76851;1102
Si;5;20260219;093000;76849;76852;76822;76824;839
Si;5;20260219;093500;76824;76880;76821;76880;1011
Si;5;20260219;094000;76879;76900;76873;76895;1588
Si;5;20260219;094500;76894;76896;76867;76890;516
Si;5;20260219;095000;76891;76964;76890;76933;3040
Si;5;20260219;095500;76933;76938;76894;76894;853
Si;5;20260219;100000;76890;76927;76693;76741;12359
Si;5;20260219;100500;76742;76742;76605;76621;10597
Si;5;20260219;101000;76623;76623;76553;76557;15152
Si;5;20260219;101500;76556;76666;76537;76665;7277
Si;5;20260219;102000;76664;76666;76573;76588;6275
Si;5;20260219;102500;76587;76606;76512;76541;15770
Si;5;20260219;103000;76543;76550;76499;76510;8585
Si;5;20260219;103500;76511;76566;76490;76539;11967
Si;5;20260219;104000;76538;76660;76538;76617;5878
Si;5;20260219;104500;76620;76691;76599;76614;4652
Si;5;20260219;105000;76612;76628;76469;76482;17878
Si;5;20260219;105500;76482;76500;76365;76390;31427
Si;5;20260219;110000;76390;76405;76338;76370;49476
Si;5;20260219;110500;76369;76395;76224;76340;32428
Si;5;20260219;111000;76342;76454;76328;76400;9159
Si;5;20260219;111500;76400;76500;76344;76454;11813
Si;5;20260219;112000;76454;76486;76415;76426;4748
Si;5;20260219;112500;76426;76439;76345;76378;5693
Si;5;20260219;113000;76380;76392;76315;76378;4990
Si;5;20260219;113500;76379;76444;76369;76435;4954
Si;5;20260219;114000;76435;76435;76322;76329;6897
Si;5;20260219;114500;76330;76332;76253;76304;12111
Si;5;20260219;115000;76301;76328;76278;76323;3579
Si;5;20260219;115500;76324;76334;76300;76301;3743
Si;5;20260219;120000;76301;76305;76260;76287;8677
Si;5;20260219;120500;76288;76306;76233;76234;7786
Si;5;20260219;121000;76237;76322;76210;76288;7749
Si;5;20260219;121500;76288;76308;76260;76289;5687
Si;5;20260219;122000;76288;76343;76275;76343;5650
Si;5;20260219;122500;76342;76410;76326;76408;7392
Si;5;20260219;123000;76403;76416;76361;76387;5223
Si;5;20260219;123500;76385;76452;76380;76411;7183
Si;5;20260219;124000;76412;76426;76372;76384;2600
Si;5;20260219;124500;76380;76397;76348;76361;3127
Si;5;20260219;125000;76361;76395;76345;76348;2875
Si;5;20260219;125500;76350;76410;76336;76402;3911
Si;5;20260219;130000;76404;76494;76399;76494;5015
Si;5;20260219;130500;76493;76545;76484;76525;6284
Si;5;20260219;131000;76526;76590;76525;76549;5700
Si;5;20260219;131500;76547;76569;76520;76549;5270
Si;5;20260219;132000;76556;76564;76514;76526;2959
Si;5;20260219;132500;76527;76540;76436;76442;4792
Si;5;20260219;133000;76442;76516;76427;76435;3658
Si;5;20260219;133500;76435;76435;76252;76281;7370
Si;5;20260219;134000;76283;76372;76255;76320;7565
Si;5;20260219;134500;76320;76363;76286;76328;5499
Si;5;20260219;135000;76328;76435;76282;76414;8534
Si;5;20260219;135500;76410;76430;76292;76342;5847
Si;5;20260219;140500;76360;76530;76360;76530;9812
Si;5;20260219;141000;76529;76617;76523;76580;15589
Si;5;20260219;141500;76583;76640;76548;76550;6271
Si;5;20260219;142000;76549;76584;76530;76548;3340
Si;5;20260219;142500;76548;76610;76542;76606;4772
Si;5;20260219;143000;76606;76642;76583;76610;5297
Si;5;20260219;143500;76612;76669;76596;76651;5391
Si;5;20260219;144000;76653;76680;76646;76655;6163
Si;5;20260219;144500;76656;76670;76613;76631;6403
Si;5;20260219;145000;76631;76665;76630;76636;4042
Si;5;20260219;145500;76636;76649;76606;76626;2411
Si;5;20260219;150000;76627;76680;76626;76636;5820
Si;5;20260219;150500;76634;76657;76626;76633;3137
Si;5;20260219;151000;76633;76641;76617;76639;2477
Si;5;20260219;151500;76639;76680;76637;76655;3960
Si;5;20260219;152000;76655;76656;76649;76654;3306
Si;5;20260219;152500;76653;76654;76555;76606;10111
Si;5;20260219;153000;76606;76627;76568;76622;5597
Si;5;20260219;153500;76616;76718;76609;76676;8027
Si;5;20260219;154000;76676;76700;76670;76684;4068
Si;5;20260219;154500;76684;76699;76669;76682;4564
Si;5;20260219;155000;76685;76700;76630;76654;6964
Si;5;20260219;155500;76654;76661;76615;76617;3543
Si;5;20260219;160000;76617;76638;76563;76605;8348
Si;5;20260219;160500;76605;76619;76574;76579;4615
Si;5;20260219;161000;76577;76638;76495;76577;11722
Si;5;20260219;161500;76577;76580;76500;76524;6170
Si;5;20260219;162000;76523;76541;76478;76480;4741
Si;5;20260219;162500;76481;76495;76428;76452;6283
Si;5;20260219;163000;76452;76470;76382;76454;19269
Si;5;20260219;163500;76454;76487;76435;76482;4351
Si;5;20260219;164000;76481;76490;76415;76437;4967
Si;5;20260219;164500;76441;76473;76426;76471;5312
Si;5;20260219;165000;76470;76485;76377;76419;7757
Si;5;20260219;165500;76420;76424;76289;76291;12151
Si;5;20260219;170000;76294;76302;76260;76283;15190
Si;5;20260219;170500;76282;76326;76278;76317;5609
Si;5;20260219;171000;76317;76354;76313;76343;4472
Si;5;20260219;171500;76343;76345;76305;76307;2212
Si;5;20260219;172000;76307;76311;76280;76290;3633
Si;5;20260219;172500;76290;76298;76267;76270;3195
Si;5;20260219;173000;76271;76287;76106;76129;25249
Si;5;20260219;173500;76129;76168;76129;76129;20205
Si;5;20260219;174000;76129;76147;76129;76137;7721
Si;5;20260219;174500;76137;76196;76133;76192;6442
Si;5;20260219;175000;76192;76258;76183;76248;7292
Si;5;20260219;175500;76248;76248;76177;76192;6002
Si;5;20260219;180000;76193;76193;76145;76154;3962
Si;5;20260219;180500;76155;76186;76131;76170;6231
Si;5;20260219;181000;76173;76192;76165;76167;5780
Si;5;20260219;181500;76166;76202;76140;76160;8354
Si;5;20260219;182000;76160;76163;76120;76129;6909
Si;5;20260219;182500;76129;76158;76128;76146;5163
Si;5;20260219;183000;76147;76179;76144;76174;2890
Si;5;20260219;183500;76175;76180;76169;76177;1873
Si;5;20260219;184000;76176;76183;76169;76183;2478
Si;5;20260219;184500;76183;76197;76176;76179;1814
Si;5;20260219;190500;76195;76235;76178;76233;2851
Si;5;20260219;191000;76234;76243;76231;76236;1132
Si;5;20260219;191500;76236;76237;76190;76191;1341
Si;5;20260219;192000;76196;76240;76196;76239;698
Si;5;20260219;192500;76240;76248;76234;76238;437
Si;5;20260219;193000;76238;76238;76214;76224;258
Si;5;20260219;193500;76224;76234;76212;76232;518
Si;5;20260219;194000;76234;76272;76234;76245;1277
Si;5;20260219;194500;76247;76266;76236;76238;883
Si;5;20260219;195000;76237;76265;76236;76261;783
Si;5;20260219;195500;76261;76271;76239;76271;579
Si;5;20260219;200000;76272;76280;76248;76250;991
Si;5;20260219;200500;76250;76262;76244;76244;297
Si;5;20260219;201000;76244;76252;76243;76245;201
Si;5;20260219;201500;76248;76252;76244;76248;118
Si;5;20260219;202000;76248;76248;76220;76223;832
Si;5;20260219;202500;76222;76236;76212;76218;200
Si;5;20260219;203000;76219;76227;76198;76212;563
Si;5;20260219;203500;76210;76217;76180;76196;636
Si;5;20260219;204000;76198;76198;76173;76186;441
Si;5;20260219;204500;76186;76196;76177;76193;389
Si;5;20260219;205000;76197;76198;76187;76189;260
Si;5;20260219;205500;76189;76200;76188;76199;183
Si;5;20260219;210000;76199;76218;76195;76210;235
Si;5;20260219;210500;76211;76219;76200;76201;490
Si;5;20260219;211000;76204;76206;76197;76203;110
Si;5;20260219;211500;76202;76203;76194;76203;167
Si;5;20260219;212000;76203;76219;76202;76219;129
Si;5;20260219;212500;76217;76232;76190;76205;608
Si;5;20260219;213000;76204;76229;76195;76221;309
Si;5;20260219;213500;76213;76215;76206;76212;215
Si;5;20260219;214000;76211;76214;76207;76212;96
Si;5;20260219;214500;76211;76212;76200;76200;198
Si;5;20260219;215000;76200;76207;76197;76206;118
Si;5;20260219;215500;76206;76215;76206;76215;77
Si;5;20260219;220000;76218;76254;76218;76230;514
Si;5;20260219;220500;76232;76238;76230;76235;254
Si;5;20260219;221000;76235;76236;76230;76236;311
Si;5;20260219;221500;76239;76247;76236;76246;93
Si;5;20260219;222000;76245;76257;76245;76254;187
Si;5;20260219;222500;76257;76265;76254;76257;382
Si;5;20260219;223000;76255;76256;76243;76246;117
Si;5;20260219;223500;76248;76261;76248;76260;201
Si;5;20260219;224000;76257;76260;76247;76249;146
Si;5;20260219;224500;76247;76259;76246;76248;243
Si;5;20260219;225000;76248;76251;76232;76233;312
Si;5;20260219;225500;76232;76242;76228;76230;943
Si;5;20260219;230000;76231;76250;76231;76246;522
Si;5;20260219;230500;76247;76247;76230;76231;193
Si;5;20260219;231000;76232;76232;76215;76215;253
Si;5;20260219;231500;76214;76215;76198;76200;264
Si;5;20260219;232000;76199;76200;76196;76200;125
Si;5;20260219;232500;76200;76203;76197;76200;116
Si;5;20260219;233000;76202;76203;76197;76199;192
Si;5;20260219;233500;76200;76213;76200;76201;228
Si;5;20260219;234000;76201;76236;76201;76226;1107
Si;5;20260219;234500;76227;76234;76210;76210;434
Si;5;20260220;085500;76230;76230;76230;76230;6
Si;5;20260220;090000;76230;76323;76226;76273;2939
Si;5;20260220;090500;76276;76330;76255;76320;1533
Si;5;20260220;091000;76319;76339;76298;76304;1607
Si;5;20260220;091500;76305;76341;76289;76302;1234
Si;5;20260220;092000;76310;76325;76274;76281;1055
Si;5;20260220;092500;76282;76282;76246;76260;767
Si;5;20260220;093000;76255;76277;76241;76261;922
Si;5;20260220;093500;76262;76269;76238;76248;491
Si;5;20260220;094000;76250;76263;76163;76183;2439
Si;5;20260220;094500;76181;76210;76123;76186;3205
Si;5;20260220;095000;76190;76244;76189;76231;1231
Si;5;20260220;095500;76228;76237;76207;76207;880
Si;5;20260220;100000;76212;76314;76153;76232;11256
Si;5;20260220;100500;76233;76278;76232;76255;3384
Si;5;20260220;101000;76255;76442;76254;76440;15620
Si;5;20260220;101500;76441;76500;76407;76432;14198
Si;5;20260220;102000;76431;76475;76410;76440;10539
Si;5;20260220;102500;76439;76457;76412;76439;5335
Si;5;20260220;103000;76439;76450;76386;76405;5074
Si;5;20260220;103500;76405;76445;76396;76422;5566
Si;5;20260220;104000;76422;76479;76418;76437;6960
Si;5;20260220;104500;76434;76469;76424;76436;5225
Si;5;20260220;105000;76436;76438;76413;76413;4731
Si;5;20260220;105500;76414;76420;76365;76377;7367
Si;5;20260220;110000;76378;76466;76373;76418;9534
Si;5;20260220;110500;76419;76443;76385;76393;10717
Si;5;20260220;111000;76398;76422;76345;76375;6603
Si;5;20260220;111500;76375;76377;76353;76363;2806
Si;5;20260220;112000;76364;76385;76252;76266;20123
Si;5;20260220;112500;76265;76300;76241;76280;24660
Si;5;20260220;113000;76281;76310;76251;76258;26766
Si;5;20260220;113500;76261;76316;76217;76304;31397
Si;5;20260220;114000;76305;76372;76266;76360;24642
Si;5;20260220;114500;76363;76617;76361;76586;26418
Si;5;20260220;115000;76585;76665;76565;76567;14229
Si;5;20260220;115500;76567;76572;76497;76505;7966
Si;5;20260220;120000;76510;76580;76487;76570;10713
Si;5;20260220;120500;76571;76585;76545;76572;6027
Si;5;20260220;121000;76571;76605;76561;76580;9493
Si;5;20260220;121500;76580;76620;76580;76584;5228
Si;5;20260220;122000;76584;76610;76532;76542;6435
Si;5;20260220;122500;76544;76560;76512;76512;3315
Si;5;20260220;123000;76513;76597;76509;76576;4447
Si;5;20260220;123500;76576;76637;76576;76591;5769
Si;5;20260220;124000;76591;76617;76524;76557;5047
Si;5;20260220;124500;76557;76572;76467;76468;7258
Si;5;20260220;125000;76469;76513;76430;76500;4851
Si;5;20260220;125500;76502;76530;76488;76520;3132
Si;5;20260220;130000;76520;76544;76520;76532;4160
Si;5;20260220;130500;76532;76588;76524;76563;4111
Si;5;20260220;131000;76563;76591;76520;76520;2862
Si;5;20260220;131500;76520;76577;76489;76542;5339
Si;5;20260220;132000;76543;76584;76516;76562;4104
Si;5;20260220;132500;76562;76590;76555;76581;3110
Si;5;20260220;133000;76581;76640;76539;76590;8817
Si;5;20260220;133500;76590;76640;76590;76633;6039
Si;5;20260220;134000;76634;76750;76584;76698;17413
Si;5;20260220;134500;76698;76974;76698;76840;41415
Si;5;20260220;135000;76839;76900;76819;76888;12381
Si;5;20260220;135500;76889;76900;76820;76874;8381
Si;5;20260220;140500;76874;76890;76848;76874;14555
Si;5;20260220;141000;76871;76879;76793;76809;7975
Si;5;20260220;141500;76813;76824;76754;76771;5343
Si;5;20260220;142000;76776;76810;76750;76750;5061
Si;5;20260220;142500;76750;76770;76709;76739;6762
Si;5;20260220;143000;76739;76784;76720;76759;7586
Si;5;20260220;143500;76759;76824;76749;76799;7365
Si;5;20260220;144000;76799;76829;76768;76796;6719
Si;5;20260220;144500;76796;76817;76720;76788;7323
Si;5;20260220;145000;76788;76850;76765;76770;6130
Si;5;20260220;145500;76770;76771;76638;76646;16285
Si;5;20260220;150000;76649;76688;76625;76632;21450
Si;5;20260220;150500;76633;76679;76600;76658;26296
Si;5;20260220;151000;76662;76732;76580;76727;26157
Si;5;20260220;151500;76731;76739;76690;76717;3941
Si;5;20260220;152000;76720;76726;76642;76687;6507
Si;5;20260220;152500;76691;76694;76675;76692;2727
Si;5;20260220;153000;76693;76728;76691;76721;4276
Si;5;20260220;153500;76722;76726;76675;76701;2951
Si;5;20260220;154000;76701;76710;76653;76660;3093
Si;5;20260220;154500;76659;76707;76649;76706;8390
Si;5;20260220;155000;76708;76746;76698;76746;6225
Si;5;20260220;155500;76746;76773;76721;76734;8506
Si;5;20260220;160000;76736;76756;76710;76753;6351
Si;5;20260220;160500;76756;76791;76729;76783;6670
Si;5;20260220;161000;76784;76823;76754;76760;5320
Si;5;20260220;161500;76761;76809;76760;76771;3808
Si;5;20260220;162000;76769;76778;76731;76731;5501
Si;5;20260220;162500;76733;76741;76665;76673;3446
Si;5;20260220;163000;76679;76703;76630;76694;6858
Si;5;20260220;163500;76695;76717;76689;76695;2375
Si;5;20260220;164000;76694;76696;76656;76683;2952
Si;5;20260220;164500;76683;76696;76671;76686;3060
Si;5;20260220;165000;76689;76704;76640;76672;4899
Si;5;20260220;165500;76672;76745;76672;76733;5584
Si;5;20260220;170000;76732;76738;76670;76698;2871
Si;5;20260220;170500;76699;76715;76666;76700;2513
Si;5;20260220;171000;76703;76708;76682;76700;2015
Si;5;20260220;171500;76703;76705;76641;76654;4031
Si;5;20260220;172000;76657;76673;76640;76644;2461
Si;5;20260220;172500;76645;76646;76592;76602;3046
Si;5;20260220;173000;76605;76634;76561;76631;4069
Si;5;20260220;173500;76631;76676;76620;76655;3493
Si;5;20260220;174000;76655;76659;76620;76646;3084
Si;5;20260220;174500;76648;76719;76646;76681;3797
Si;5;20260220;175000;76682;76695;76669;76684;2780
Si;5;20260220;175500;76684;76756;76650;76753;7141
Si;5;20260220;180000;76754;76757;76696;76751;6074
Si;5;20260220;180500;76751;76751;76693;76696;4901
Si;5;20260220;181000;76690;76690;76623;76630;3991
Si;5;20260220;181500;76630;76646;76615;76642;4315
Si;5;20260220;182000;76644;76658;76628;76632;3432
Si;5;20260220;182500;76632;76649;76612;76644;3518
Si;5;20260220;183000;76644;76691;76639;76663;2091
Si;5;20260220;183500;76664;76684;76655;76655;1996
Si;5;20260220;184000;76656;76662;76639;76639;1593
Si;5;20260220;184500;76639;76648;76605;76605;1685
Si;5;20260220;190500;76612;76647;76591;76629;1827
Si;5;20260220;191000;76629;76630;76577;76582;1450
Si;5;20260220;191500;76580;76592;76575;76592;576
Si;5;20260220;192000;76594;76628;76591;76624;615
Si;5;20260220;192500;76628;76642;76621;76640;496
Si;5;20260220;193000;76641;76692;76638;76676;1449
Si;5;20260220;193500;76683;76687;76647;76657;613
Si;5;20260220;194000;76657;76657;76634;76649;411
Si;5;20260220;194500;76646;76680;76636;76662;568
Si;5;20260220;195000;76662;76686;76644;76678;597
Si;5;20260220;195500;76679;76686;76654;76654;389
Si;5;20260220;200000;76656;76660;76652;76653;151
Si;5;20260220;200500;76653;76655;76637;76655;430
Si;5;20260220;201000;76654;76657;76647;76657;220
Si;5;20260220;201500;76658;76661;76653;76660;126
Si;5;20260220;202000;76660;76666;76653;76661;465
Si;5;20260220;202500;76658;76666;76628;76639;1015
Si;5;20260220;203000;76640;76660;76639;76658;210
Si;5;20260220;203500;76658;76658;76644;76649;133
Si;5;20260220;204000;76651;76652;76645;76652;91
Si;5;20260220;204500;76650;76652;76639;76649;184
Si;5;20260220;205000;76647;76663;76644;76663;123
Si;5;20260220;205500;76664;76666;76635;76635;327
Si;5;20260220;210000;76636;76636;76620;76622;486
Si;5;20260220;210500;76621;76621;76607;76618;298
Si;5;20260220;211000;76618;76620;76615;76615;343
Si;5;20260220;211500;76615;76627;76607;76627;316
Si;5;20260220;212000;76626;76626;76605;76617;184
Si;5;20260220;212500;76618;76618;76613;76613;211
Si;5;20260220;213000;76612;76618;76604;76614;249
Si;5;20260220;213500;76617;76621;76614;76620;109
Si;5;20260220;214000;76622;76622;76607;76608;60
Si;5;20260220;214500;76607;76611;76602;76603;296
Si;5;20260220;215000;76606;76606;76591;76591;450
Si;5;20260220;215500;76590;76595;76590;76592;165
Si;5;20260220;220000;76594;76601;76584;76590;656
Si;5;20260220;220500;76591;76606;76586;76589;305
Si;5;20260220;221000;76590;76605;76584;76588;199
Si;5;20260220;221500;76591;76602;76583;76596;654
Si;5;20260220;222000;76597;76620;76595;76620;278
Si;5;20260220;222500;76619;76627;76615;76622;107
Si;5;20260220;223000;76623;76627;76612;76622;188
Si;5;20260220;223500;76619;76635;76605;76635;222
Si;5;20260220;224000;76634;76634;76622;76628;48
Si;5;20260220;224500;76624;76626;76622;76622;111
Si;5;20260220;225000;76622;76632;76615;76632;333
Si;5;20260220;225500;76635;76635;76618;76627;348
Si;5;20260220;230000;76627;76636;76623;76634;351
Si;5;20260220;230500;76634;76642;76625;76637;649
Si;5;20260220;231000;76637;76650;76619;76645;1110
Si;5;20260220;231500;76645;76657;76641;76645;858
Si;5;20260220;232000;76642;76643;76624;76626;283
Si;5;20260220;232500;76629;76629;76612;76622;606
Si;5;20260220;233000;76622;76630;76619;76620;671
Si;5;20260220;233500;76620;76626;76620;76620;152
Si;5;20260220;234000;76620;76636;76615;76633;453
Si;5;20260220;234500;76630;76644;76626;76628;616
Si;5;20260224;085500;76502;76555;76502;76525;963
Si;5;20260224;090000;76521;76640;76451;76637;11243
Si;5;20260224;090500;76636;76760;76610;76744;8422
Si;5;20260224;091000;76745;76751;76631;76631;3597
Si;5;20260224;091500;76631;76631;76582;76583;2767
Si;5;20260224;092000;76583;76588;76525;76558;2213
Si;5;20260224;092500;76562;76600;76560;76579;2425
Si;5;20260224;093000;76575;76648;76565;76625;2536
Si;5;20260224;093500;76620;76667;76573;76621;2681
Si;5;20260224;094000;76623;76623;76553;76553;1576
Si;5;20260224;094500;76559;76559;76515;76529;3032
Si;5;20260224;095000;76536;76543;76511;76529;1281
Si;5;20260224;095500;76530;76538;76486;76500;2110
Si;5;20260224;100000;76501;76668;76493;76666;11648
Si;5;20260224;100500;76666;76693;76585;76585;7779
Si;5;20260224;101000;76587;76669;76511;76612;11084
Si;5;20260224;101500;76606;76820;76520;76678;17152
Si;5;20260224;102000;76676;76695;76532;76600;16081
Si;5;20260224;102500;76597;76597;76485;76547;11667
Si;5;20260224;103000;76544;76620;76496;76592;11823
Si;5;20260224;103500;76592;76618;76534;76550;7426
Si;5;20260224;104000;76551;76563;76384;76410;15583
Si;5;20260224;104500;76410;76443;76364;76422;10655
Si;5;20260224;105000;76418;76465;76402;76435;7340
Si;5;20260224;105500;76434;76474;76410;76438;6678
Si;5;20260224;110000;76437;76496;76408;76470;6534
Si;5;20260224;110500;76469;76501;76447;76488;5157
Si;5;20260224;111000;76484;76505;76460;76491;4401
Si;5;20260224;111500;76492;76558;76470;76506;6572
Si;5;20260224;112000;76505;76529;76456;76484;4857
Si;5;20260224;112500;76483;76484;76425;76458;7066
Si;5;20260224;113000;76455;76458;76410;76416;7646
Si;5;20260224;113500;76415;76481;76411;76465;6475
Si;5;20260224;114000;76463;76502;76415;76464;10002
Si;5;20260224;114500;76464;76519;76437;76444;6114
Si;5;20260224;115000;76445;76479;76410;76461;9435
Si;5;20260224;115500;76462;76477;76426;76436;5195
Si;5;20260224;120000;76435;76496;76417;76489;5740
Si;5;20260224;120500;76489;76538;76382;76522;15877
Si;5;20260224;121000;76521;76554;76475;76504;13068
Si;5;20260224;121500;76503;76547;76500;76521;7648
Si;5;20260224;122000;76521;76527;76475;76500;4522
Si;5;20260224;122500;76501;76507;76451;76504;5294
Si;5;20260224;123000;76503;76543;76486;76514;6165
Si;5;20260224;123500;76510;76528;76437;76450;5878
Si;5;20260224;124000;76448;76483;76435;76479;4129
Si;5;20260224;124500;76479;76479;76325;76342;15053
Si;5;20260224;125000;76341;76342;76271;76312;8711
Si;5;20260224;125500;76307;76333;76280;76330;6002
Si;5;20260224;130000;76329;76329;76271;76317;9233
Si;5;20260224;130500;76315;76331;76302;76316;5322
Si;5;20260224;131000;76313;76315;76284;76314;3034
Si;5;20260224;131500;76313;76316;76279;76286;7064
Si;5;20260224;132000;76287;76319;76274;76316;7067
Si;5;20260224;132500;76316;76316;76292;76301;6270
Si;5;20260224;133000;76299;76351;76292;76311;11669
Si;5;20260224;133500;76310;76329;76295;76301;7259
Si;5;20260224;134000;76301;76329;76282;76324;3307
Si;5;20260224;134500;76323;76327;76283;76298;4048
Si;5;20260224;135000;76296;76333;76291;76326;3303
Si;5;20260224;135500;76325;76326;76280;76314;3574
Si;5;20260224;140500;76311;76316;76277;76298;6558
Si;5;20260224;141000;76300;76320;76276;76297;3833
Si;5;20260224;141500;76298;76321;76288;76320;2948
Si;5;20260224;142000;76321;76321;76304;76316;3236
Si;5;20260224;142500;76316;76321;76306;76313;1875
Si;5;20260224;143000;76314;76320;76297;76308;2022
Si;5;20260224;143500;76311;76320;76306;76316;1661
Si;5;20260224;144000;76319;76325;76280;76293;4824
Si;5;20260224;144500;76293;76343;76289;76338;2616
Si;5;20260224;145000;76340;76350;76315;76333;3112
Si;5;20260224;145500;76337;76367;76327;76364;3316
Si;5;20260224;150000;76364;76394;76363;76389;2825
Si;5;20260224;150500;76390;76394;76371;76389;4715
Si;5;20260224;151000;76390;76420;76386;76403;4447
Si;5;20260224;151500;76403;76468;76396;76465;9460
Si;5;20260224;152000;76464;76464;76398;76404;5656
Si;5;20260224;152500;76409;76410;76353;76369;3099
Si;5;20260224;153000;76371;76380;76320;76333;4145
Si;5;20260224;153500;76334;76372;76333;76352;3385
Si;5;20260224;154000;76356;76356;76329;76342;2588
Si;5;20260224;154500;76342;76348;76335;76347;2137
Si;5;20260224;155000;76348;76348;76325;76332;2517
Si;5;20260224;155500;76334;76348;76320;76346;2536
Si;5;20260224;160000;76348;76356;76297;76350;4675
Si;5;20260224;160500;76350;76354;76225;76242;9118
Si;5;20260224;161000;76241;76312;76227;76256;13858
Si;5;20260224;161500;76257;76271;76230;76250;6276
Si;5;20260224;162000;76250;76280;76163;76194;13108
Si;5;20260224;162500;76198;76214;76158;76183;6629
Si;5;20260224;163000;76185;76204;76167;76193;5281
Si;5;20260224;163500;76196;76265;76181;76238;6315
Si;5;20260224;164000;76238;76260;76227;76251;3612
Si;5;20260224;164500;76252;76294;76248;76289;4043
Si;5;20260224;165000;76288;76364;76285;76320;7388
Si;5;20260224;165500;76320;76323;76265;76275;10519
Si;5;20260224;170000;76273;76280;76202;76205;4500
Si;5;20260224;170500;76205;76206;76100;76106;17818
Si;5;20260224;171000;76105;76180;76064;76078;22507
Si;5;20260224;171500;76076;76097;76056;76097;9018
Si;5;20260224;172000;76097;76115;76081;76108;3142
Si;5;20260224;172500;76108;76108;76059;76092;10739
Si;5;20260224;173000;76093;76116;76064;76066;2412
Si;5;20260224;173500;76069;76086;76017;76083;13190
Si;5;20260224;174000;76082;76084;76065;76081;6531
Si;5;20260224;174500;76082;76110;76081;76099;2335
Si;5;20260224;175000;76099;76151;76099;76150;4995
Si;5;20260224;175500;76150;76154;76108;76116;15544
Si;5;20260224;180000;76114;76115;76071;76075;4299
Si;5;20260224;180500;76076;76085;76065;76073;3937
Si;5;20260224;181000;76074;76095;76072;76085;3476
Si;5;20260224;181500;76085;76096;76078;76080;3663
Si;5;20260224;182000;76080;76082;76040;76043;5806
Si;5;20260224;182500;76044;76068;76012;76032;5447
Si;5;20260224;183000;76021;76026;75971;76000;5695
Si;5;20260224;183500;76001;76006;75976;75996;3606
Si;5;20260224;184000;75996;76030;75995;76022;1843
Si;5;20260224;184500;76022;76031;76005;76017;1227
Si;5;20260224;190500;76032;76038;75944;76014;1982
Si;5;20260224;191000;76014;76027;75997;76005;626
Si;5;20260224;191500;76006;76025;76001;76024;306
Si;5;20260224;192000;76024;76056;76024;76046;773
Si;5;20260224;192500;76043;76043;76024;76033;445
Si;5;20260224;193000;76033;76036;76027;76031;155
Si;5;20260224;193500;76030;76031;76028;76030;211
Si;5;20260224;194000;76031;76036;76026;76026;260
Si;5;20260224;194500;76028;76038;76026;76038;271
Si;5;20260224;195000;76039;76039;76037;76039;232
Si;5;20260224;195500;76039;76043;76037;76043;467
Si;5;20260224;200000;76046;76049;76042;76044;269
Si;5;20260224;200500;76044;76049;76043;76046;143
Si;5;20260224;201000;76047;76060;76047;76056;458
Si;5;20260224;201500;76057;76071;76056;76071;313
Si;5;20260224;202000;76071;76086;76068;76086;700
Si;5;20260224;202500;76085;76113;76085;76108;1844
Si;5;20260224;203000;76100;76118;76091;76091;797
Si;5;20260224;203500;76091;76106;76074;76098;528
Si;5;20260224;204000;76095;76097;76080;76091;212
Si;5;20260224;204500;76088;76088;76072;76079;134
Si;5;20260224;205000;76079;76079;76068;76068;101
Si;5;20260224;205500;76067;76068;76060;76061;177
Si;5;20260224;210000;76061;76061;76033;76037;500
Si;5;20260224;210500;76039;76057;76038;76056;248
Si;5;20260224;211000;76059;76060;76055;76057;90
Si;5;20260224;211500;76058;76080;76054;76080;231
Si;5;20260224;212000;76079;76090;76079;76086;124
Si;5;20260224;212500;76089;76090;76076;76080;161
Si;5;20260224;213000;76078;76089;76075;76084;210
Si;5;20260224;213500;76084;76094;76071;76091;187
Si;5;20260224;214000;76088;76088;76079;76081;65
Si;5;20260224;214500;76081;76085;76073;76081;73
Si;5;20260224;215000;76079;76091;76077;76091;52
Si;5;20260224;215500;76094;76113;76094;76101;337
Si;5;20260224;220000;76101;76126;76100;76126;588
Si;5;20260224;220500;76126;76128;76116;76124;476
Si;5;20260224;221000;76126;76126;76104;76104;334
Si;5;20260224;221500;76105;76106;76092;76100;232
Si;5;20260224;222000;76100;76100;76077;76084;215
Si;5;20260224;222500;76083;76087;76079;76083;94
Si;5;20260224;223000;76082;76088;76081;76088;126
Si;5;20260224;223500;76087;76095;76083;76084;165
Si;5;20260224;224000;76084;76088;76083;76088;137
Si;5;20260224;224500;76088;76088;76079;76082;172
Si;5;20260224;225000;76086;76091;76086;76088;85
Si;5;20260224;225500;76088;76094;76084;76093;285
Si;5;20260224;230000;76093;76106;76092;76105;347
Si;5;20260224;230500;76105;76107;76104;76106;137
Si;5;20260224;231000;76106;76106;76103;76105;131
Si;5;20260224;231500;76104;76110;76103;76107;76
Si;5;20260224;232000;76111;76113;76105;76110;137
Si;5;20260224;232500;76110;76115;76096;76096;222
Si;5;20260224;233000;76098;76105;76098;76105;105
Si;5;20260224;233500;76104;76110;76104;76110;39
Si;5;20260224;234000;76110;76115;76102;76102;403
Si;5;20260224;234500;76103;76115;76085;76097;523
Si;5;20260225;085500;76032;76115;76032;76036;612
Si;5;20260225;090000;76035;76061;75983;75991;3356
Si;5;20260225;090500;75996;76048;75971;76024;2263
Si;5;20260225;091000;76025;76034;75994;75994;825
Si;5;20260225;091500;75993;76053;75977;75977;1630
Si;5;20260225;092000;75978;75983;75948;75963;1737
Si;5;20260225;092500;75962;76013;75960;75997;1406
Si;5;20260225;093000;75991;76027;75990;76005;789
Si;5;20260225;093500;76006;76025;75988;76013;2776
Si;5;20260225;094000;76012;76027;75994;76009;698
Si;5;20260225;094500;76011;76024;76000;76016;623
Si;5;20260225;095000;76016;76021;76000;76014;735
Si;5;20260225;095500;76013;76023;76005;76016;953
Si;5;20260225;100000;76016;76069;75938;75992;9397
Si;5;20260225;100500;75986;76005;75921;75952;6505
Si;5;20260225;101000;75953;76059;75947;76053;8037
Si;5;20260225;101500;76053;76142;76053;76089;9756
Si;5;20260225;102000;76091;76100;76046;76066;5248
Si;5;20260225;102500;76067;76101;76046;76079;6563
Si;5;20260225;103000;76079;76142;76066;76131;8361
Si;5;20260225;103500;76131;76164;76084;76109;7259
Si;5;20260225;104000;76107;76131;76078;76097;4155
Si;5;20260225;104500;76097;76111;76064;76067;5934
Si;5;20260225;105000;76068;76077;76035;76059;3210
Si;5;20260225;105500;76060;76065;76035;76042;4130
Si;5;20260225;110000;76044;76065;76010;76029;7473
Si;5;20260225;110500;76033;76065;76017;76064;6660
Si;5;20260225;111000;76065;76125;76050;76063;11837
Si;5;20260225;111500;76068;76154;76028;76114;13785
Si;5;20260225;112000;76117;76129;76064;76111;7721
Si;5;20260225;112500;76113;76133;76098;76112;2542
Si;5;20260225;113000;76112;76120;76093;76113;3915
Si;5;20260225;113500;76114;76189;76113;76155;8736
Si;5;20260225;114000;76156;76166;76147;76148;2729
Si;5;20260225;114500;76148;76166;76147;76163;2158
Si;5;20260225;115000;76163;76168;76121;76124;4488
Si;5;20260225;115500;76125;76140;76110;76139;2518
Si;5;20260225;120000;76140;76250;76138;76237;10037
Si;5;20260225;120500;76239;76300;76203;76265;16822
Si;5;20260225;121000;76267;76288;76235;76248;8477
Si;5;20260225;121500;76249;76328;76247;76258;9966
Si;5;20260225;122000;76258;76308;76256;76303;6271
Si;5;20260225;122500;76303;76372;76283;76303;11657
Si;5;20260225;123000;76306;76359;76282;76297;8976
Si;5;20260225;123500;76297;76433;76290;76378;15760
Si;5;20260225;124000;76379;76409;76297;76331;23235
Si;5;20260225;124500;76332;76365;76292;76299;19037
Si;5;20260225;125000;76299;76334;76229;76238;23621
Si;5;20260225;125500;76238;76374;76191;76369;23507
Si;5;20260225;130000;76374;76418;76309;76309;14728
Si;5;20260225;130500;76309;76489;76301;76459;18153
Si;5;20260225;131000;76460;76490;76447;76464;6749
Si;5;20260225;131500;76471;76515;76469;76515;11873
Si;5;20260225;132000;76515;76549;76492;76494;7397
Si;5;20260225;132500;76493;76536;76453;76516;16616
Si;5;20260225;133000;76515;76550;76475;76515;8251
Si;5;20260225;133500;76515;76535;76482;76486;3129
Si;5;20260225;134000;76486;76508;76466;76495;2532
Si;5;20260225;134500;76494;76506;76431;76440;4218
Si;5;20260225;135000;76440;76471;76430;76436;9922
Si;5;20260225;135500;76439;76454;76422;76451;2996
Si;5;20260225;140500;76451;76484;76446;76468;4705
Si;5;20260225;141000;76466;76488;76459;76460;2071
Si;5;20260225;141500;76460;76500;76437;76500;3319
Si;5;20260225;142000;76500;76503;76463;76479;2708
Si;5;20260225;142500;76477;76481;76449;76468;2820
Si;5;20260225;143000;76466;76470;76411;76421;3245
Si;5;20260225;143500;76420;76489;76410;76480;5695
Si;5;20260225;144000;76481;76537;76480;76496;5354
Si;5;20260225;144500;76496;76500;76430;76483;4465
Si;5;20260225;145000;76484;76489;76448;76456;2536
Si;5;20260225;145500;76456;76484;76455;76470;2243
Si;5;20260225;150000;76471;76485;76430;76434;3820
Si;5;20260225;150500;76435;76437;76402;76427;3727
Si;5;20260225;151000;76429;76466;76422;76430;3077
Si;5;20260225;151500;76430;76435;76381;76394;5435
Si;5;20260225;152000;76394;76446;76389;76420;6536
Si;5;20260225;152500;76420;76438;76395;76395;4322
Si;5;20260225;153000;76395;76437;76389;76427;3659
Si;5;20260225;153500;76430;76439;76420;76421;2173
Si;5;20260225;154000;76422;76431;76398;76398;1769
Si;5;20260225;154500;76398;76408;76372;76376;2289
Si;5;20260225;155000;76377;76510;76371;76507;8857
Si;5;20260225;155500;76505;76605;76501;76530;20059
Si;5;20260225;160000;76533;76585;76532;76568;10063
Si;5;20260225;160500;76568;76705;76556;76700;15660
Si;5;20260225;161000;76701;76846;76701;76810;23776
Si;5;20260225;161500;76810;76873;76735;76741;17799
Si;5;20260225;162000;76741;76937;76740;76874;16425
Si;5;20260225;162500;76875;76929;76851;76865;17819
Si;5;20260225;163000;76870;76889;76781;76862;25345
Si;5;20260225;163500;76862;76886;76831;76856;7910
Si;5;20260225;164000;76856;76869;76802;76833;9385
Si;5;20260225;164500;76833;76850;76797;76829;6936
Si;5;20260225;165000;76829;76899;76815;76838;8573
Si;5;20260225;165500;76842;76888;76813;76842;8974
Si;5;20260225;170000;76842;76855;76781;76793;12335
Si;5;20260225;170500;76793;76827;76762;76780;10564
Si;5;20260225;171000;76780;76781;76625;76626;19762
Si;5;20260225;171500;76626;76648;76590;76616;12682
Si;5;20260225;172000;76614;76729;76600;76716;11153
Si;5;20260225;172500;76716;76786;76710;76767;9503
Si;5;20260225;173000;76766;76877;76762;76849;11499
Si;5;20260225;173500;76849;76920;76839;76900;9937
Si;5;20260225;174000;76901;76910;76800;76865;7917
Si;5;20260225;174500;76866;77033;76863;76980;21503
Si;5;20260225;175000;76980;77105;76967;77099;11524
Si;5;20260225;175500;77101;77298;77097;77221;33585
Si;5;20260225;180000;77222;77350;77205;77330;30821
Si;5;20260225;180500;77332;77350;77250;77337;23653
Si;5;20260225;181000;77337;77488;77310;77475;26299
Si;5;20260225;181500;77474;77629;77464;77506;29539
Si;5;20260225;182000;77507;77699;77489;77688;16543
Si;5;20260225;182500;77688;77809;77650;77789;19395
Si;5;20260225;183000;77792;77820;77553;77556;19506
Si;5;20260225;183500;77554;77580;77514;77531;9537
Si;5;20260225;184000;77531;77531;77486;77490;5898
Si;5;20260225;184500;77492;77550;77485;77542;5581
Si;5;20260225;190500;77559;77730;77525;77660;9348
Si;5;20260225;191000;77660;77695;77633;77657;2802
Si;5;20260225;191500;77660;77741;77657;77724;3409
Si;5;20260225;192000;77727;77848;77724;77798;8809
Si;5;20260225;192500;77796;77846;77782;77800;4295
Si;5;20260225;193000;77800;77830;77726;77791;5803
Si;5;20260225;193500;77790;77812;77738;77739;2979
Si;5;20260225;194000;77738;77740;77687;77687;1634
Si;5;20260225;194500;77687;77789;77684;77788;1776
Si;5;20260225;195000;77782;77794;77754;77777;1360
Si;5;20260225;195500;77777;77799;77762;77797;1506
Si;5;20260225;200000;77796;77798;77754;77780;1677
Si;5;20260225;200500;77776;77789;77776;77786;977
Si;5;20260225;201000;77786;77841;77784;77841;3155
Si;5;20260225;201500;77840;77873;77817;77870;3052
Si;5;20260225;202000;77870;77892;77857;77860;2531
Si;5;20260225;202500;77861;77861;77839;77845;1778
Si;5;20260225;203000;77846;77851;77823;77823;1543
Si;5;20260225;203500;77824;77841;77819;77839;978
Si;5;20260225;204000;77834;77841;77819;77824;913
Si;5;20260225;204500;77825;77825;77805;77808;1809
Si;5;20260225;205000;77809;77809;77790;77801;2316
Si;5;20260225;205500;77803;77805;77788;77794;1799
Si;5;20260225;210000;77795;77800;77786;77793;960
Si;5;20260225;210500;77792;77817;77786;77817;1283
Si;5;20260225;211000;77816;77832;77811;77830;936
Si;5;20260225;211500;77830;77842;77827;77831;469
Si;5;20260225;212000;77831;77832;77810;77812;945
Si;5;20260225;212500;77814;77814;77762;77762;1625
Si;5;20260225;213000;77763;77769;77752;77769;799
Si;5;20260225;213500;77768;77768;77716;77726;1495
Si;5;20260225;214000;77726;77756;77723;77754;989
Si;5;20260225;214500;77755;77759;77746;77757;416
Si;5;20260225;215000;77753;77760;77744;77744;538
Si;5;20260225;215500;77746;77748;77723;77735;291
Si;5;20260225;220000;77735;77738;77714;77715;671
Si;5;20260225;220500;77714;77737;77712;77737;754
Si;5;20260225;221000;77737;77771;77737;77771;978
Si;5;20260225;221500;77770;77773;77755;77762;323
Si;5;20260225;222000;77762;77763;77735;77747;312
Si;5;20260225;222500;77750;77753;77730;77741;403
Si;5;20260225;223000;77741;77749;77723;77723;925
Si;5;20260225;223500;77723;77727;77708;77716;364
Si;5;20260225;224000;77710;77718;77705;77711;390
Si;5;20260225;224500;77713;77720;77706;77715;301
Si;5;20260225;225000;77718;77720;77711;77716;451
Si;5;20260225;225500;77717;77754;77716;77746;918
Si;5;20260225;230000;77747;77750;77732;77736;667
Si;5;20260225;230500;77736;77736;77725;77726;263
Si;5;20260225;231000;77726;77731;77723;77729;356
Si;5;20260225;231500;77728;77757;77725;77751;382
Si;5;20260225;232000;77753;77772;77746;77758;419
Si;5;20260225;232500;77756;77768;77744;77745;264
Si;5;20260225;233000;77744;77776;77733;77774;914
Si;5;20260225;233500;77768;77780;77766;77776;244
Si;5;20260225;234000;77774;77832;77761;77771;1825
Si;5;20260225;234500;77775;77828;77744;77780;1521
Si;5;20260226;085500;77788;77788;77788;77788;92
Si;5;20260226;090000;77788;77831;77582;77613;15120
Si;5;20260226;090500;77613;77699;77591;77672;4569
Si;5;20260226;091000;77671;77715;77612;77710;3372
Si;5;20260226;091500;77712;77889;77706;77884;10045
Si;5;20260226;092000;77883;77914;77781;77828;6331
Si;5;20260226;092500;77827;77828;77732;77760;3305
Si;5;20260226;093000;77760;77775;77657;77673;4441
Si;5;20260226;093500;77678;77770;77673;77769;2453
Si;5;20260226;094000;77768;77770;77651;77715;2838
Si;5;20260226;094500;77714;77714;77633;77640;3739
Si;5;20260226;095000;77640;77693;77606;77643;2796
Si;5;20260226;095500;77645;77768;77643;77694;6534
Si;5;20260226;100000;77698;77700;77450;77495;24599
Si;5;20260226;100500;77493;77512;77389;77436;26704
Si;5;20260226;101000;77436;77436;77231;77260;19611
Si;5;20260226;101500;77257;77346;77200;77217;15802
Si;5;20260226;102000;77218;77218;77061;77150;20294
Si;5;20260226;102500;77150;77190;77116;77144;11886
Si;5;20260226;103000;77144;77209;77026;77035;19540
Si;5;20260226;103500;77035;77195;77029;77186;13728
Si;5;20260226;104000;77184;77208;77120;77161;8658
Si;5;20260226;104500;77161;77240;77133;77184;9225
Si;5;20260226;105000;77186;77218;77174;77197;5168
Si;5;20260226;105500;77194;77195;77148;77150;6443
Si;5;20260226;110000;77150;77208;77087;77105;13458
Si;5;20260226;110500;77102;77147;77075;77105;6914
Si;5;20260226;111000;77103;77164;77076;77164;6197
Si;5;20260226;111500;77159;77162;77021;77063;12624
Si;5;20260226;112000;77064;77079;76961;76979;10882
Si;5;20260226;112500;76980;77017;76927;77004;16085
Si;5;20260226;113000;77003;77043;76949;77035;9459
Si;5;20260226;113500;77035;77050;76995;77012;4724
Si;5;20260226;114000;77009;77074;76989;77046;7997
Si;5;20260226;114500;77046;77073;77000;77031;4926
Si;5;20260226;115000;77029;77096;77010;77096;3377
Si;5;20260226;115500;77096;77140;77051;77097;6233
Si;5;20260226;120000;77095;77101;77043;77063;4477
Si;5;20260226;120500;77063;77085;77050;77074;2553
Si;5;20260226;121000;77071;77079;77028;77060;2954
Si;5;20260226;121500;77060;77064;77009;77043;3119
Si;5;20260226;122000;77040;77090;77031;77070;4761
Si;5;20260226;122500;77070;77071;77016;77030;3237
Si;5;20260226;123000;77030;77030;76884;76969;15927
Si;5;20260226;123500;76969;76973;76917;76929;5020
Si;5;20260226;124000;76926;76986;76915;76986;4973
Si;5;20260226;124500;76985;77014;76948;76964;5554
Si;5;20260226;125000;76962;76968;76933;76966;2650
Si;5;20260226;125500;76966;76969;76945;76958;3242
Si;5;20260226;130000;76955;76958;76931;76947;3446
Si;5;20260226;130500;76949;76953;76824;76828;15102
Si;5;20260226;131000;76830;76831;76767;76827;17925
Si;5;20260226;131500;76827;76932;76821;76890;9603
Si;5;20260226;132000;76888;76926;76857;76862;4769
Si;5;20260226;132500;76861;76890;76821;76823;5938
Si;5;20260226;133000;76823;76878;76813;76868;4583
Si;5;20260226;133500;76860;76901;76842;76880;3145
Si;5;20260226;134000;76876;76936;76854;76923;4324
Si;5;20260226;134500;76922;76958;76908;76943;4666
Si;5;20260226;135000;76943;76950;76914;76919;2821
Si;5;20260226;135500;76918;76918;76900;76905;2903
Si;5;20260226;140500;76908;76951;76884;76949;13081
Si;5;20260226;141000;76949;76949;76868;76870;1963
Si;5;20260226;141500;76869;76938;76850;76935;5456
Si;5;20260226;142000;76935;76968;76901;76919;3577
Si;5;20260226;142500;76919;76980;76900;76955;4492
Si;5;20260226;143000;76959;77011;76947;77003;4336
Si;5;20260226;143500;77003;77051;77003;77038;6195
Si;5;20260226;144000;77040;77042;77008;77012;3013
Si;5;20260226;144500;77012;77021;76966;77010;4799
Si;5;20260226;145000;77006;77033;76984;77017;2548
Si;5;20260226;145500;77018;77025;76989;76990;2520
Si;5;20260226;150000;76990;77013;76960;76967;3241
Si;5;20260226;150500;76967;76979;76854;76910;6168
Si;5;20260226;151000;76909;76966;76888;76902;4537
Si;5;20260226;151500;76902;76925;76862;76886;6190
Si;5;20260226;152000;76887;76904;76813;76840;6167
Si;5;20260226;152500;76840;76917;76834;76917;3983
Si;5;20260226;153000;76917;76998;76908;76990;6672
Si;5;20260226;153500;76990;77040;76990;77029;6838
Si;5;20260226;154000;77024;77056;77012;77036;6259
Si;5;20260226;154500;77035;77049;76997;77028;2540
Si;5;20260226;155000;77027;77028;76953;76958;1968
Si;5;20260226;155500;76958;76989;76939;76983;2360
Si;5;20260226;160000;76984;76986;76941;76951;2089
Si;5;20260226;160500;76950;76991;76908;76987;3624
Si;5;20260226;161000;76993;77015;76978;76993;4781
Si;5;20260226;161500;76993;77068;76985;77058;8662
Si;5;20260226;162000;77057;77062;76992;77020;8441
Si;5;20260226;162500;77020;77048;77007;77042;2076
Si;5;20260226;163000;77042;77064;77030;77056;4271
Si;5;20260226;163500;77054;77058;77003;77010;2415
Si;5;20260226;164000;77010;77038;76960;77000;2427
Si;5;20260226;164500;77000;77005;76958;76985;1964
Si;5;20260226;165000;76985;76985;76959;76967;1287
Si;5;20260226;165500;76970;76974;76937;76956;2090
Si;5;20260226;170000;76957;76963;76894;76908;2847
Si;5;20260226;170500;76908;76963;76907;76955;2023
Si;5;20260226;171000;76960;77005;76955;77005;2924
Si;5;20260226;171500;77004;77046;76928;76931;5870
Si;5;20260226;172000;76931;76959;76920;76938;3065
Si;5;20260226;172500;76937;76938;76865;76872;3922
Si;5;20260226;173000;76871;76937;76863;76934;4277
Si;5;20260226;173500;76933;76933;76869;76886;2223
Si;5;20260226;174000;76886;76899;76872;76887;2227
Si;5;20260226;174500;76890;76919;76884;76910;3699
Si;5;20260226;175000;76910;76925;76908;76923;1077
Si;5;20260226;175500;76924;76927;76880;76881;3126
Si;5;20260226;180000;76880;76908;76880;76898;4632
Si;5;20260226;180500;76897;76900;76868;76875;2992
Si;5;20260226;181000;76875;76889;76861;76870;1751
Si;5;20260226;181500;76869;76898;76868;76888;1851
Si;5;20260226;182000;76888;76955;76887;76946;2478
Si;5;20260226;182500;76945;76969;76942;76951;4599
Si;5;20260226;183000;76948;76962;76943;76959;1641
Si;5;20260226;183500;76953;76955;76897;76898;4431
Si;5;20260226;184000;76898;76915;76884;76892;1585
Si;5;20260226;184500;76890;76890;76820;76843;6367
Si;5;20260226;190500;76899;76899;76783;76853;3642
Si;5;20260226;191000;76853;76854;76693;76740;10047
Si;5;20260226;191500;76741;76795;76718;76780;3671
Si;5;20260226;192000;76782;76813;76776;76800;1182
Si;5;20260226;192500;76799;76805;76777;76784;1113
Si;5;20260226;193000;76785;76794;76771;76794;1038
Si;5;20260226;193500;76793;76809;76791;76804;466
Si;5;20260226;194000;76803;76839;76803;76839;1463
Si;5;20260226;194500;76839;76865;76839;76850;1338
Si;5;20260226;195000;76845;76857;76839;76857;425
Si;5;20260226;195500;76856;76860;76845;76847;561
Si;5;20260226;200000;76848;76848;76824;76824;598
Si;5;20260226;200500;76824;76868;76816;76860;875
Si;5;20260226;201000;76860;76879;76854;76861;1027
Si;5;20260226;201500;76862;76878;76858;76872;244
Si;5;20260226;202000;76871;76876;76847;76857;709
Si;5;20260226;202500;76857;76860;76822;76860;973
Si;5;20260226;203000;76863;76865;76838;76840;664
Si;5;20260226;203500;76838;76845;76813;76826;825
Si;5;20260226;204000;76825;76825;76801;76819;1170
Si;5;20260226;204500;76819;76820;76806;76820;817
Si;5;20260226;205000;76820;76841;76819;76837;839
Si;5;20260226;205500;76837;76852;76835;76840;538
Si;5;20260226;210000;76835;76840;76821;76836;544
Si;5;20260226;210500;76835;76839;76823;76823;305
Si;5;20260226;211000;76823;76861;76822;76850;735
Si;5;20260226;211500;76843;76855;76823;76837;557
Si;5;20260226;212000;76834;76875;76833;76860;366
Si;5;20260226;212500;76858;76893;76857;76878;761
Si;5;20260226;213000;76878;76892;76872;76880;698
Si;5;20260226;213500;76880;76880;76858;76868;533
Si;5;20260226;214000;76868;76885;76865;76877;155
Si;5;20260226;214500;76877;76898;76877;76897;449
Si;5;20260226;215000;76897;76911;76888;76907;521
Si;5;20260226;215500;76903;76906;76895;76895;160
Si;5;20260226;220000;76895;76900;76884;76887;190
Si;5;20260226;220500;76884;76895;76872;76877;231
Si;5;20260226;221000;76877;76883;76875;76877;100
Si;5;20260226;221500;76877;76901;76876;76901;341
Si;5;20260226;222000;76901;76912;76901;76910;821
Si;5;20260226;222500;76910;76920;76910;76919;255
Si;5;20260226;223000;76918;76919;76917;76919;141
Si;5;20260226;223500;76919;76930;76917;76925;550
Si;5;20260226;224000;76921;76925;76868;76892;721
Si;5;20260226;224500;76892;76894;76881;76893;202
Si;5;20260226;225000;76893;76900;76888;76888;169
Si;5;20260226;225500;76884;76900;76884;76896;165
Si;5;20260226;230000;76897;76909;76897;76904;599
Si;5;20260226;230500;76902;76910;76902;76905;331
Si;5;20260226;231000;76905;76906;76902;76903;230
Si;5;20260226;231500;76903;76910;76902;76909;167
Si;5;20260226;232000;76908;76912;76905;76905;282
Si;5;20260226;232500;76908;76909;76903;76908;236
Si;5;20260226;233000;76908;76918;76908;76918;202
Si;5;20260226;233500;76911;76928;76904;76914;332
Si;5;20260226;234000;76923;76932;76916;76917;326
Si;5;20260226;234500;76917;76930;76916;76930;576
Si;5;20260227;085500;76940;76945;76940;76945;110
Si;5;20260227;090000;76944;77047;76940;77000;3799
Si;5;20260227;090500;76998;77016;76998;77015;1269
Si;5;20260227;091000;77015;77040;77001;77030;2293
Si;5;20260227;091500;77024;77040;77002;77003;1446
Si;5;20260227;092000;77003;77030;77003;77020;785
Si;5;20260227;092500;77021;77052;77005;77024;1746
Si;5;20260227;093000;77023;77036;76951;77009;3610
Si;5;20260227;093500;77009;77021;76985;76995;886
Si;5;20260227;094000;76995;77013;76980;76983;562
Si;5;20260227;094500;76981;77001;76971;76972;731
Si;5;20260227;095000;76976;76989;76930;76987;1795
Si;5;20260227;095500;76983;77037;76975;77016;3154
Si;5;20260227;100000;77011;77197;76968;77095;23732
Si;5;20260227;100500;77094;77134;76976;77050;10002
Si;5;20260227;101000;77049;77180;77049;77168;12200
Si;5;20260227;101500;77167;77275;77167;77229;14760
Si;5;20260227;102000;77229;77261;77172;77192;7373
Si;5;20260227;102500;77192;77248;77172;77242;7061
Si;5;20260227;103000;77245;77292;77216;77232;18489
Si;5;20260227;103500;77232;77267;77222;77237;6093
Si;5;20260227;104000;77238;77285;77221;77267;6917
Si;5;20260227;104500;77266;77281;77193;77227;6191
Si;5;20260227;105000;77228;77231;77144;77151;5773
Si;5;20260227;105500;77153;77169;77050;77099;11138
Si;5;20260227;110000;77096;77124;76973;77001;12766
Si;5;20260227;110500;77000;77053;76971;77047;10544
Si;5;20260227;111000;77046;77086;77031;77061;5557
Si;5;20260227;111500;77063;77118;77024;77116;7069
Si;5;20260227;112000;77117;77122;77080;77094;7246
Si;5;20260227;112500;77097;77111;77059;77065;5814
Si;5;20260227;113000;77066;77120;77011;77086;11726
Si;5;20260227;113500;77086;77149;77084;77128;6826
Si;5;20260227;114000;77130;77142;77121;77136;4405
Si;5;20260227;114500;77139;77218;77137;77190;9242
Si;5;20260227;115000;77190;77243;77174;77180;10173
Si;5;20260227;115500;77184;77214;77172;77201;3816
Si;5;20260227;120000;77204;77280;77201;77236;12173
Si;5;20260227;120500;77237;77274;77206;77263;7467
Si;5;20260227;121000;77263;77382;77260;77381;22168
Si;5;20260227;121500;77382;77443;77381;77391;22733
Si;5;20260227;122000;77394;77444;77392;77412;22940
Si;5;20260227;122500;77414;77438;77382;77397;18027
Si;5;20260227;123000;77398;77436;77358;77370;11201
Si;5;20260227;123500;77371;77420;77269;77400;18303
Si;5;20260227;124000;77402;77435;77386;77406;6547
Si;5;20260227;124500;77408;77420;77355;77396;7017
Si;5;20260227;125000;77396;77410;77369;77410;4360
Si;5;20260227;125500;77410;77419;77341;77342;6641
Si;5;20260227;130000;77342;77398;77341;77393;5403
Si;5;20260227;130500;77391;77408;77373;77408;4966
Si;5;20260227;131000;77408;77500;77407;77496;18790
Si;5;20260227;131500;77498;77525;77335;77345;10929
Si;5;20260227;132000;77346;77434;77346;77389;8078
Si;5;20260227;132500;77391;77435;77389;77419;4645
Si;5;20260227;133000;77419;77435;77344;77368;5936
Si;5;20260227;133500;77368;77389;77307;77323;5201
Si;5;20260227;134000;77323;77340;77253;77290;5565
Si;5;20260227;134500;77291;77316;77277;77291;2255
Si;5;20260227;135000;77296;77319;77270;77282;3223
Si;5;20260227;135500;77282;77317;77260;77311;3090
Si;5;20260227;140500;77311;77312;77269;77306;4454
Si;5;20260227;141000;77304;77350;77301;77319;7391
Si;5;20260227;141500;77320;77327;77289;77301;1815
Si;5;20260227;142000;77301;77313;77273;77289;2882
Si;5;20260227;142500;77284;77289;77182;77244;7426
Si;5;20260227;143000;77239;77255;77224;77237;3135
Si;5;20260227;143500;77237;77238;77171;77202;4477
Si;5;20260227;144000;77202;77202;77151;77155;3993
Si;5;20260227;144500;77155;77289;77133;77246;7257
Si;5;20260227;145000;77251;77265;77226;77238;1883
Si;5;20260227;145500;77238;77278;77232;77240;4253
Si;5;20260227;150000;77240;77245;77187;77194;4542
Si;5;20260227;150500;77196;77237;77185;77237;4199
Si;5;20260227;151000;77237;77324;77232;77321;5035
Si;5;20260227;151500;77321;77387;77304;77382;7233
Si;5;20260227;152000;77382;77468;77366;77409;9739
Si;5;20260227;152500;77406;77425;77356;77392;6282
Si;5;20260227;153000;77392;77401;77347;77386;2748
Si;5;20260227;153500;77383;77409;77363;77363;1758
Si;5;20260227;154000;77361;77379;77310;77316;4741
Si;5;20260227;154500;77313;77337;77284;77286;3689
Si;5;20260227;155000;77286;77344;77266;77331;4131
Si;5;20260227;155500;77330;77331;77285;77297;3476
Si;5;20260227;160000;77300;77315;77270;77287;5590
Si;5;20260227;160500;77285;77330;77271;77295;5856
Si;5;20260227;161000;77296;77299;77252;77278;5077
Si;5;20260227;161500;77278;77280;77226;77250;5518
Si;5;20260227;162000;77250;77370;77239;77335;6673
Si;5;20260227;162500;77337;77386;77300;77307;6458
Si;5;20260227;163000;77307;77347;77304;77305;4321
Si;5;20260227;163500;77305;77379;77267;77352;5398
Si;5;20260227;164000;77353;77371;77293;77306;3562
Si;5;20260227;164500;77308;77329;77193;77198;9173
Si;5;20260227;165000;77197;77237;77144;77174;19049
Si;5;20260227;165500;77182;77204;77141;77170;6453
Si;5;20260227;170000;77167;77167;76871;77036;41747
Si;5;20260227;170500;77035;77035;76904;76957;14010
Si;5;20260227;171000;76957;76957;76885;76943;10165
Si;5;20260227;171500;76943;77061;76861;77057;20230
Si;5;20260227;172000;77056;77111;77033;77096;8405
Si;5;20260227;172500;77097;77102;77059;77090;4597
Si;5;20260227;173000;77089;77090;76957;77045;9136
Si;5;20260227;173500;77045;77119;77026;77086;5994
Si;5;20260227;174000;77086;77100;77027;77047;5611
Si;5;20260227;174500;77047;77069;76967;76996;4700
Si;5;20260227;175000;76988;77021;76963;77018;4347
Si;5;20260227;175500;77018;77064;77000;77064;4874
Si;5;20260227;180000;77063;77063;76995;76995;3984
Si;5;20260227;180500;77002;77005;76947;76969;4034
Si;5;20260227;181000;76970;76980;76900;76923;8009
Si;5;20260227;181500;76923;76962;76907;76918;4197
Si;5;20260227;182000;76918;76931;76886;76917;5344
Si;5;20260227;182500;76920;76989;76919;76950;5316
Si;5;20260227;183000;76952;76968;76930;76936;2788
Si;5;20260227;183500;76939;76950;76901;76908;2712
Si;5;20260227;184000;76909;76920;76900;76907;2311
Si;5;20260227;184500;76906;76921;76890;76890;2960
Si;5;20260227;190500;76934;76934;76859;76895;3450
Si;5;20260227;191000;76895;76932;76888;76928;804
Si;5;20260227;191500;76928;76943;76907;76940;836
Si;5;20260227;192000;76940;76984;76929;76983;595
Si;5;20260227;192500;76983;77001;76970;76984;889
Si;5;20260227;193000;76986;76994;76974;76989;659
Si;5;20260227;193500;76991;76994;76962;76964;465
Si;5;20260227;194000;76967;76973;76955;76969;251
Si;5;20260227;194500;76967;76976;76959;76973;430
Si;5;20260227;195000;76973;76973;76949;76954;582
Si;5;20260227;195500;76954;76967;76947;76950;609
Si;5;20260227;200000;76954;76954;76902;76934;1020
Si;5;20260227;200500;76934;76970;76932;76970;414
Si;5;20260227;201000;76971;76976;76966;76975;360
Si;5;20260227;201500;76974;76993;76974;76990;701
Si;5;20260227;202000;76990;76996;76981;76993;413
Si;5;20260227;202500;76993;77000;76979;76990;616
Si;5;20260227;203000;76993;77009;76993;77003;453
Si;5;20260227;203500;77003;77003;76971;76993;525
Si;5;20260227;204000;76989;76990;76978;76987;282
Si;5;20260227;204500;76983;77025;76971;77003;1263
Si;5;20260227;205000;77005;77025;77004;77011;383
Si;5;20260227;205500;77009;77019;77003;77018;153
Si;5;20260227;210000;77018;77034;77007;77025;398
Si;5;20260227;210500;77024;77024;76983;76985;891
Si;5;20260227;211000;76984;76998;76984;76992;133
Si;5;20260227;211500;76997;76999;76989;76998;117
Si;5;20260227;212000;76996;77000;76975;76990;429
Si;5;20260227;212500;76990;77010;76986;77007;387
Si;5;20260227;213000;77004;77005;76990;76999;212
Si;5;20260227;213500;76999;77008;76999;77004;250
Si;5;20260227;214000;77004;77009;76997;77002;230
Si;5;20260227;214500;77002;77009;76992;76995;360
Si;5;20260227;215000;76993;77003;76990;76992;326
Si;5;20260227;215500;76992;76997;76982;76988;334
Si;5;20260227;220000;76986;76994;76976;76985;287
Si;5;20260227;220500;76985;76987;76971;76980;439
Si;5;20260227;221000;76979;76986;76966;76983;181
Si;5;20260227;221500;76985;76985;76968;76985;325
Si;5;20260227;222000;76983;76987;76983;76984;52
Si;5;20260227;222500;76982;76986;76974;76986;235
Si;5;20260227;223000;76985;76994;76985;76992;289
Si;5;20260227;223500;76992;76992;76989;76991;414
Si;5;20260227;224000;76991;76994;76989;76990;266
Si;5;20260227;224500;76989;76992;76986;76986;307
Si;5;20260227;225000;76987;76999;76965;76988;3243
Si;5;20260227;225500;76985;76995;76971;76994;1328
Si;5;20260227;230000;76989;76990;76987;76989;195
Si;5;20260227;230500;76987;76993;76979;76986;187
Si;5;20260227;231000;76984;76994;76981;76988;469
Si;5;20260227;231500;76985;76992;76982;76990;222
Si;5;20260227;232000;76990;76991;76982;76991;414
Si;5;20260227;232500;76990;76999;76980;76987;808
Si;5;20260227;233000;76990;76995;76980;76993;518
Si;5;20260227;233500;76994;76996;76991;76991;137
Si;5;20260227;234000;76992;76997;76987;76987;580
Si;5;20260227;234500;76986;77020;76985;77010;709
Si;5;20260302;085500;77089;77089;76990;77040;691
Si;5;20260302;090000;77075;77124;76633;76749;40713
Si;5;20260302;090500;76749;76793;76635;76668;12879
Si;5;20260302;091000;76664;76787;76658;76764;7714
Si;5;20260302;091500;76763;76763;76470;76482;25101
Si;5;20260302;092000;76482;76576;76459;76569;11156
Si;5;20260302;092500;76568;76582;76481;76489;8318
Si;5;20260302;093000;76488;76600;76435;76600;8108
Si;5;20260302;093500;76600;76608;76492;76561;4586
Si;5;20260302;094000;76561;76645;76561;76617;4121
Si;5;20260302;094500;76614;76673;76566;76592;4612
Si;5;20260302;095000;76591;76646;76578;76623;2379
Si;5;20260302;095500;76628;76649;76600;76611;1991
Si;5;20260302;100000;76621;76777;76570;76676;20089
Si;5;20260302;100500;76680;76727;76457;76492;17796
Si;5;20260302;101000;76492;76536;76405;76452;18314
Si;5;20260302;101500;76450;76493;76400;76493;14516
Si;5;20260302;102000;76487;76697;76448;76686;16028
Si;5;20260302;102500;76687;76800;76666;76788;16009
Si;5;20260302;103000;76788;76976;76782;76939;19797
Si;5;20260302;103500;76940;77036;76882;76936;13973
Si;5;20260302;104000;76934;77121;76930;77100;15522
Si;5;20260302;104500;77100;77149;77033;77120;16164
Si;5;20260302;105000;77120;77178;77025;77070;12968
Si;5;20260302;105500;77069;77129;77062;77114;8407
Si;5;20260302;110000;77113;77136;77061;77087;8050
Si;5;20260302;110500;77088;77219;77055;77215;15982
Si;5;20260302;111000;77215;77441;77214;77402;56772
Si;5;20260302;111500;77403;77570;77345;77357;35152
Si;5;20260302;112000;77357;77494;77355;77450;28496
Si;5;20260302;112500;77449;77477;77381;77388;15119
Si;5;20260302;113000;77388;77426;77376;77426;12172
Si;5;20260302;113500;77425;77454;77399;77431;5914
Si;5;20260302;114000;77430;77472;77404;77405;5717
Si;5;20260302;114500;77405;77413;77312;77362;6953
Si;5;20260302;115000;77366;77398;77263;77266;11528
Si;5;20260302;115500;77267;77325;77262;77314;6336
Si;5;20260302;120000;77312;77345;77281;77293;5669
Si;5;20260302;120500;77295;77315;77212;77213;6867
Si;5;20260302;121000;77214;77320;77202;77295;9992
Si;5;20260302;121500;77295;77309;77225;77246;3246
Si;5;20260302;122000;77245;77259;77225;77257;5402
Si;5;20260302;122500;77258;77314;77239;77310;5233
Si;5;20260302;123000;77303;77318;77266;77287;4477
Si;5;20260302;123500;77290;77330;77281;77314;3538
Si;5;20260302;124000;77314;77329;77268;77287;3087
Si;5;20260302;124500;77285;77291;77239;77246;3227
Si;5;20260302;125000;77246;77278;77233;77275;2826
Si;5;20260302;125500;77273;77317;77268;77302;6200
Si;5;20260302;130000;77302;77399;77267;77274;8950
Si;5;20260302;130500;77274;77310;77250;77251;7694
Si;5;20260302;131000;77252;77278;77210;77210;6023
Si;5;20260302;131500;77210;77221;77141;77211;13664
Si;5;20260302;132000;77215;77251;77201;77233;4213
Si;5;20260302;132500;77233;77242;77173;77181;7027
Si;5;20260302;133000;77186;77229;77180;77220;5180
Si;5;20260302;133500;77216;77290;77211;77280;3540
Si;5;20260302;134000;77279;77337;77242;77321;3969
Si;5;20260302;134500;77319;77362;77277;77352;5900
Si;5;20260302;135000;77352;77367;77288;77316;3263
Si;5;20260302;135500;77315;77327;77286;77286;3606
Si;5;20260302;140500;77290;77355;77282;77292;3959
Si;5;20260302;141000;77290;77293;77210;77214;9301
Si;5;20260302;141500;77216;77274;77186;77267;6562
Si;5;20260302;142000;77268;77288;77246;77275;3230
Si;5;20260302;142500;77277;77295;77241;77246;2902
Si;5;20260302;143000;77247;77263;77180;77189;13827
Si;5;20260302;143500;77198;77208;77150;77153;11698
Si;5;20260302;144000;77153;77176;77143;77167;7194
Si;5;20260302;144500;77167;77216;77162;77172;8002
Si;5;20260302;145000;77172;77210;77159;77194;6117
Si;5;20260302;145500;77196;77219;77176;77176;8968
Si;5;20260302;150000;77175;77238;77111;77154;8376
Si;5;20260302;150500;77155;77161;77092;77098;8470
Si;5;20260302;151000;77103;77163;77090;77138;6533
Si;5;20260302;151500;77143;77199;77136;77153;3740
Si;5;20260302;152000;77156;77174;77100;77123;2519
Si;5;20260302;152500;77125;77168;77120;77166;3440
Si;5;20260302;153000;77165;77179;77146;77147;2088
Si;5;20260302;153500;77148;77187;77143;77185;1847
Si;5;20260302;154000;77185;77268;77185;77227;3081
Si;5;20260302;154500;77230;77301;77204;77226;3657
Si;5;20260302;155000;77228;77280;77228;77264;2608
Si;5;20260302;155500;77261;77286;77215;77276;3863
Si;5;20260302;160000;77275;77281;77232;77245;3624
Si;5;20260302;160500;77245;77284;77240;77279;4229
Si;5;20260302;161000;77275;77301;77273;77276;5347
Si;5;20260302;161500;77275;77350;77275;77329;8562
Si;5;20260302;162000;77337;77342;77194;77226;3745
Si;5;20260302;162500;77227;77255;77205;77228;1829
Si;5;20260302;163000;77229;77230;77144;77167;5054
Si;5;20260302;163500;77167;77310;77160;77290;5945
Si;5;20260302;164000;77291;77329;77279;77302;7700
Si;5;20260302;164500;77306;77325;77264;77270;4572
Si;5;20260302;165000;77272;77282;77260;77270;1062
Si;5;20260302;165500;77271;77299;77271;77272;1436
Si;5;20260302;170000;77272;77370;77252;77299;8741
Si;5;20260302;170500;77288;77327;77240;77274;6065
Si;5;20260302;171000;77278;77383;77266;77281;8500
Si;5;20260302;171500;77281;77345;77267;77305;10649
Si;5;20260302;172000;77305;77355;77270;77355;5211
Si;5;20260302;172500;77355;77627;77354;77566;23754
Si;5;20260302;173000;77564;77605;77422;77422;9863
Si;5;20260302;173500;77422;77488;77422;77441;4614
Si;5;20260302;174000;77441;77446;77356;77376;3980
Si;5;20260302;174500;77379;77402;77374;77387;2602
Si;5;20260302;175000;77386;77388;77323;77360;3571
Si;5;20260302;175500;77360;77396;77337;77395;1351
Si;5;20260302;180000;77395;77436;77369;77400;3798
Si;5;20260302;180500;77399;77448;77381;77448;3671
Si;5;20260302;181000;77446;77467;77414;77434;2344
Si;5;20260302;181500;77435;77476;77430;77469;2503
Si;5;20260302;182000;77469;77470;77342;77370;4527
Si;5;20260302;182500;77370;77397;77363;77378;1740
Si;5;20260302;183000;77377;77377;77343;77362;1382
Si;5;20260302;183500;77362;77433;77362;77415;2180
Si;5;20260302;184000;77414;77445;77400;77437;1751
Si;5;20260302;184500;77437;77462;77403;77433;2667
Si;5;20260302;190500;77401;77523;77401;77517;3552
Si;5;20260302;191000;77519;77550;77478;77526;1796
Si;5;20260302;191500;77525;77535;77511;77511;956
Si;5;20260302;192000;77511;77524;77469;77489;1376
Si;5;20260302;192500;77482;77484;77424;77444;1138
Si;5;20260302;193000;77441;77445;77410;77438;649
Si;5;20260302;193500;77437;77437;77409;77421;763
Si;5;20260302;194000;77422;77435;77382;77394;1413
Si;5;20260302;194500;77390;77391;77263;77343;4960
Si;5;20260302;195000;77336;77347;77315;77342;1098
Si;5;20260302;195500;77343;77374;77343;77350;1130
Si;5;20260302;200000;77350;77368;77327;77353;994
Si;5;20260302;200500;77348;77365;77342;77354;506
Si;5;20260302;201000;77353;77362;77332;77332;527
Si;5;20260302;201500;77330;77330;77279;77322;1893
Si;5;20260302;202000;77317;77323;77309;77322;249
Si;5;20260302;202500;77323;77358;77291;77304;2134
Si;5;20260302;203000;77304;77315;77280;77308;529
Si;5;20260302;203500;77309;77314;77298;77310;429
Si;5;20260302;204000;77310;77335;77295;77300;809
Si;5;20260302;204500;77298;77323;77285;77316;459
Si;5;20260302;205000;77313;77340;77307;77323;614
Si;5;20260302;205500;77330;77341;77313;77341;427
Si;5;20260302;210000;77340;77340;77312;77325;304
Si;5;20260302;210500;77323;77348;77300;77345;787
Si;5;20260302;211000;77345;77367;77335;77356;690
Si;5;20260302;211500;77355;77361;77340;77350;200
Si;5;20260302;212000;77349;77363;77324;77351;253
Si;5;20260302;212500;77346;77350;77338;77338;114
Si;5;20260302;213000;77347;77355;77347;77354;29
Si;5;20260302;213500;77353;77361;77340;77355;181
Si;5;20260302;214000;77358;77362;77346;77349;119
Si;5;20260302;214500;77343;77346;77307;77325;421
Si;5;20260302;215000;77329;77338;77308;77308;205
Si;5;20260302;215500;77312;77327;77293;77309;459
Si;5;20260302;220000;77311;77316;77239;77258;1250
Si;5;20260302;220500;77258;77280;77233;77246;2346
Si;5;20260302;221000;77245;77290;77237;77263;700
Si;5;20260302;221500;77264;77295;77258;77292;349
Si;5;20260302;222000;77290;77294;77264;77294;454
Si;5;20260302;222500;77294;77294;77267;77267;295
Si;5;20260302;223000;77268;77273;77243;77265;616
Si;5;20260302;223500;77264;77264;77248;77248;29
Si;5;20260302;224000;77249;77269;77248;77257;245
Si;5;20260302;224500;77257;77272;77247;77269;331
Si;5;20260302;225000;77269;77270;77249;77266;224
Si;5;20260302;225500;77271;77271;77242;77245;372
Si;5;20260302;230000;77244;77244;77205;77214;470
Si;5;20260302;230500;77218;77230;77189;77225;1879
Si;5;20260302;231000;77219;77269;77215;77267;1232
Si;5;20260302;231500;77267;77273;77208;77233;781
Si;5;20260302;232000;77216;77231;77205;77205;328
Si;5;20260302;232500;77206;77224;77161;77210;1205
Si;5;20260302;233000;77212;77270;77180;77248;1203
Si;5;20260302;233500;77248;77270;77228;77262;469
Si;5;20260302;234000;77261;77278;77197;77222;1262
Si;5;20260302;234500;77211;77270;77200;77262;1106
Si;5;20260303;085500;77211;77211;77211;77211;30
Si;5;20260303;090000;77264;77298;77111;77297;4600
Si;5;20260303;090500;77297;77326;77263;77317;4012
Si;5;20260303;091000;77322;77370;77308;77319;3355
Si;5;20260303;091500;77320;77398;77315;77366;2399
Si;5;20260303;092000;77370;77389;77352;77376;955
Si;5;20260303;092500;77378;77391;77362;77382;947
Si;5;20260303;093000;77385;77401;77336;77347;1663
Si;5;20260303;093500;77345;77346;77308;77324;1235
Si;5;20260303;094000;77321;77323;77291;77295;774
Si;5;20260303;094500;77296;77315;77283;77299;1017
Si;5;20260303;095000;77301;77304;77274;77299;592
Si;5;20260303;095500;77299;77304;77238;77292;2142
Si;5;20260303;100000;77290;77380;77257;77320;6935
Si;5;20260303;100500;77312;77430;77254;77393;7897
Si;5;20260303;101000;77395;77415;77335;77349;12330
Si;5;20260303;101500;77348;77359;77211;77228;9843
Si;5;20260303;102000;77229;77347;77210;77345;6069
Si;5;20260303;102500;77345;77381;77315;77370;6573
Si;5;20260303;103000;77368;77441;77339;77426;6376
Si;5;20260303;103500;77424;77483;77398;77440;12858
Si;5;20260303;104000;77440;77490;77440;77463;13147
Si;5;20260303;104500;77467;77504;77441;77495;7947
Si;5;20260303;105000;77495;77529;77474;77478;9479
Si;5;20260303;105500;77479;77539;77469;77531;4257
Si;5;20260303;110000;77532;77560;77448;77484;12738
Si;5;20260303;110500;77483;77533;77457;77480;7942
Si;5;20260303;111000;77478;77512;77458;77476;5017
Si;5;20260303;111500;77476;77498;77469;77488;3133
Si;5;20260303;112000;77489;77490;77418;77424;6687
Si;5;20260303;112500;77425;77486;77393;77468;6080
Si;5;20260303;113000;77468;77472;77430;77444;2154
Si;5;20260303;113500;77444;77475;77427;77475;4582
Si;5;20260303;114000;77475;77475;77412;77437;5523
Si;5;20260303;114500;77438;77472;77418;77467;8110
Si;5;20260303;115000;77467;77474;77449;77463;2638
Si;5;20260303;115500;77461;77463;77383;77398;4113
Si;5;20260303;120000;77399;77415;77298;77300;10483
Si;5;20260303;120500;77300;77345;77269;77302;11229
Si;5;20260303;121000;77301;77317;77293;77300;7131
Si;5;20260303;121500;77297;77336;77257;77333;8922
Si;5;20260303;122000;77332;77356;77299;77335;5818
Si;5;20260303;122500;77337;77399;77311;77393;6241
Si;5;20260303;123000;77389;77400;77324;77341;6930
Si;5;20260303;123500;77338;77382;77324;77372;3293
Si;5;20260303;124000;77372;77422;77357;77393;3233
Si;5;20260303;124500;77389;77420;77387;77398;4344
Si;5;20260303;125000;77397;77409;77384;77404;3947
Si;5;20260303;125500;77400;77415;77348;77357;3800
Si;5;20260303;130000;77357;77357;77285;77288;5105
Si;5;20260303;130500;77289;77328;77272;77316;4903
Si;5;20260303;131000;77315;77342;77278;77342;3447
Si;5;20260303;131500;77336;77342;77288;77338;10750
Si;5;20260303;132000;77337;77383;77312;77372;4360
Si;5;20260303;132500;77370;77396;77339;77395;4412
Si;5;20260303;133000;77390;77493;77390;77490;8384
Si;5;20260303;133500;77485;77495;77469;77489;6675
Si;5;20260303;134000;77488;77494;77424;77434;9677
Si;5;20260303;134500;77434;77439;77356;77367;7546
Si;5;20260303;135000;77368;77379;77327;77355;8919
Si;5;20260303;135500;77352;77385;77314;77383;8468
Si;5;20260303;140500;77382;77411;77361;77370;6406
Si;5;20260303;141000;77370;77387;77317;77376;6097
Si;5;20260303;141500;77380;77420;77370;77419;4338
Si;5;20260303;142000;77419;77429;77379;77399;4099
Si;5;20260303;142500;77401;77443;77356;77433;5453
Si;5;20260303;143000;77434;77439;77364;77388;7075
Si;5;20260303;143500;77393;77418;77361;77418;4309
Si;5;20260303;144000;77417;77475;77401;77441;4983
Si;5;20260303;144500;77444;77447;77411;77426;3012
Si;5;20260303;145000;77429;77431;77413;77426;2442
Si;5;20260303;145500;77430;77430;77402;77410;3533
Si;5;20260303;150000;77410;77434;77404;77420;5464
Si;5;20260303;150500;77420;77438;77411;77418;4643
Si;5;20260303;151000;77423;77431;77380;77385;6531
Si;5;20260303;151500;77387;77468;77385;77449;5493
Si;5;20260303;152000;77454;77454;77400;77401;5471
Si;5;20260303;152500;77401;77470;77380;77420;7952
Si;5;20260303;153000;77421;77446;77397;77437;3934
Si;5;20260303;153500;77439;77457;77415;77431;5214
Si;5;20260303;154000;77430;77439;77380;77422;5040
Si;5;20260303;154500;77422;77449;77415;77443;2970
Si;5;20260303;155000;77447;77474;77395;77397;6649
Si;5;20260303;155500;77395;77407;77370;77396;4546
Si;5;20260303;160000;77400;77420;77388;77414;3489
Si;5;20260303;160500;77415;77428;77399;77417;3375
Si;5;20260303;161000;77417;77444;77406;77433;3748
Si;5;20260303;161500;77436;77442;77416;77431;4871
Si;5;20260303;162000;77430;77444;77305;77327;10180
Si;5;20260303;162500;77326;77337;77153;77204;19239
Si;5;20260303;163000;77199;77273;77185;77263;9152
Si;5;20260303;163500;77265;77284;77204;77222;6576
Si;5;20260303;164000;77220;77227;77185;77191;6267
Si;5;20260303;164500;77190;77264;77170;77259;6787
Si;5;20260303;165000;77263;77295;77242;77287;3859
Si;5;20260303;165500;77289;77299;77157;77184;14297
Si;5;20260303;170000;77185;77242;77130;77194;11075
Si;5;20260303;170500;77196;77201;77150;77161;4655
Si;5;20260303;171000;77160;77175;77131;77159;5418
Si;5;20260303;171500;77162;77219;77140;77167;5699
Si;5;20260303;172000;77169;77207;77149;77153;5017
Si;5;20260303;172500;77153;77184;77144;77173;3894
Si;5;20260303;173000;77174;77227;77155;77183;4992
Si;5;20260303;173500;77184;77271;77173;77219;5272
Si;5;20260303;174000;77219;77273;77212;77260;4607
Si;5;20260303;174500;77261;77277;77222;77259;5590
Si;5;20260303;175000;77259;77300;77242;77291;6580
Si;5;20260303;175500;77291;77298;77260;77298;3240
Si;5;20260303;180000;77297;77362;77293;77348;9348
Si;5;20260303;180500;77348;77387;77346;77369;4516
Si;5;20260303;181000;77372;77434;77369;77429;8387
Si;5;20260303;181500;77429;77480;77427;77464;5617
Si;5;20260303;182000;77462;77475;77403;77405;5213
Si;5;20260303;182500;77407;77434;77360;77370;9228
Si;5;20260303;183000;77370;77404;77370;77385;5360
Si;5;20260303;183500;77382;77385;77363;77365;1094
Si;5;20260303;184000;77365;77365;77327;77363;3096
Si;5;20260303;184500;77362;77379;77338;77367;3181
Si;5;20260303;190500;77380;77442;77335;77400;5070
Si;5;20260303;191000;77400;77419;77362;77366;1932
Si;5;20260303;191500;77366;77368;77306;77309;961
Si;5;20260303;192000;77309;77311;77287;77290;673
Si;5;20260303;192500;77290;77311;77287;77311;1180
Si;5;20260303;193000;77308;77326;77305;77320;898
Si;5;20260303;193500;77322;77323;77304;77305;1076
Si;5;20260303;194000;77304;77308;77304;77304;928
Si;5;20260303;194500;77304;77322;77300;77309;2046
Si;5;20260303;195000;77310;77312;77290;77296;345
Si;5;20260303;195500;77298;77303;77284;77302;267
Si;5;20260303;200000;77302;77317;77280;77280;881
Si;5;20260303;200500;77280;77286;77260;77267;902
Si;5;20260303;201000;77267;77272;77260;77264;520
Si;5;20260303;201500;77262;77274;77258;77274;305
Si;5;20260303;202000;77274;77284;77270;77273;278
Si;5;20260303;202500;77277;77293;77277;77290;339
Si;5;20260303;203000;77292;77312;77278;77292;889
Si;5;20260303;203500;77297;77332;77295;77313;524
Si;5;20260303;204000;77316;77322;77299;77313;285
Si;5;20260303;204500;77318;77324;77304;77316;235
Si;5;20260303;205000;77322;77331;77320;77330;169
Si;5;20260303;205500;77330;77332;77319;77323;195
Si;5;20260303;210000;77320;77337;77317;77333;464
Si;5;20260303;210500;77331;77337;77316;77318;323
Si;5;20260303;211000;77318;77318;77297;77306;110
Si;5;20260303;211500;77307;77310;77296;77305;278
Si;5;20260303;212000;77304;77319;77304;77317;185
Si;5;20260303;212500;77318;77318;77294;77294;267
Si;5;20260303;213000;77295;77314;77293;77310;554
Si;5;20260303;213500;77310;77316;77292;77292;448
Si;5;20260303;214000;77292;77292;77209;77226;2774
Si;5;20260303;214500;77229;77262;77227;77259;561
Si;5;20260303;215000;77260;77298;77260;77296;1232
Si;5;20260303;215500;77297;77303;77284;77302;292
Si;5;20260303;220000;77301;77308;77301;77307;186
Si;5;20260303;220500;77307;77308;77301;77303;297
Si;5;20260303;221000;77301;77302;77293;77295;153
Si;5;20260303;221500;77302;77305;77293;77299;204
Si;5;20260303;222000;77299;77308;77298;77308;309
Si;5;20260303;222500;77308;77320;77307;77318;225
Si;5;20260303;223000;77318;77327;77312;77327;169
Si;5;20260303;223500;77326;77333;77310;77310;349
Si;5;20260303;224000;77311;77381;77300;77381;2072
Si;5;20260303;224500;77381;77403;77371;77377;1965
Si;5;20260303;225000;77371;77398;77343;77395;1510
Si;5;20260303;225500;77393;77412;77377;77405;858
Si;5;20260303;230000;77404;77413;77379;77384;676
Si;5;20260303;230500;77384;77430;77383;77415;1225
Si;5;20260303;231000;77413;77413;77396;77409;189
Si;5;20260303;231500;77409;77417;77403;77417;286
Si;5;20260303;232000;77413;77429;77412;77421;581
Si;5;20260303;232500;77421;77427;77412;77420;319
Si;5;20260303;233000;77420;77427;77378;77385;573
Si;5;20260303;233500;77386;77429;77386;77424;497
Si;5;20260303;234000;77425;77430;77415;77430;246
Si;5;20260303;234500;77430;77440;77422;77422;640
Si;5;20260304;085500;77444;77444;77441;77441;43
Si;5;20260304;090000;77444;77468;77355;77391;4191
Si;5;20260304;090500;77391;77428;77380;77415;930
Si;5;20260304;091000;77422;77443;77374;77434;1189
Si;5;20260304;091500;77434;77440;77378;77405;1332
Si;5;20260304;092000;77402;77435;77387;77389;530
Si;5;20260304;092500;77389;77395;77347;77355;745
Si;5;20260304;093000;77356;77363;77340;77350;949
Si;5;20260304;093500;77345;77347;77315;77327;1022
Si;5;20260304;094000;77325;77332;77319;77320;1037
Si;5;20260304;094500;77320;77324;77284;77317;1977
Si;5;20260304;095000;77316;77370;77311;77354;1328
Si;5;20260304;095500;77360;77370;77322;77349;1806
Si;5;20260304;100000;77349;77393;77292;77341;6115
Si;5;20260304;100500;77339;77357;77229;77273;8184
Si;5;20260304;101000;77274;77275;77030;77164;23481
Si;5;20260304;101500;77163;77374;77107;77303;12835
Si;5;20260304;102000;77299;77335;77270;77317;8462
Si;5;20260304;102500;77316;77328;77220;77230;7623
Si;5;20260304;103000;77227;77254;77212;77221;5290
Si;5;20260304;103500;77224;77255;77190;77249;6136
Si;5;20260304;104000;77244;77313;77220;77237;7771
Si;5;20260304;104500;77233;77265;77177;77246;7172
Si;5;20260304;105000;77244;77273;77229;77251;4223
Si;5;20260304;105500;77250;77277;77245;77269;3296
Si;5;20260304;110000;77264;77271;77235;77252;4710
Si;5;20260304;110500;77252;77322;77238;77321;5792
Si;5;20260304;111000;77321;77367;77303;77341;8881
Si;5;20260304;111500;77340;77351;77294;77339;12397
Si;5;20260304;112000;77339;77388;77331;77341;7783
Si;5;20260304;112500;77339;77360;77324;77346;6059
Si;5;20260304;113000;77343;77355;77327;77345;4694
Si;5;20260304;113500;77343;77360;77328;77353;4202
Si;5;20260304;114000;77352;77418;77349;77366;7842
Si;5;20260304;114500;77369;77393;77309;77325;6231
Si;5;20260304;115000;77321;77369;77310;77339;5828
Si;5;20260304;115500;77340;77789;77332;77780;36993
Si;5;20260304;120000;77778;78500;77778;78492;111157
Si;5;20260304;120500;78480;78555;78211;78251;58959
Si;5;20260304;121000;78252;78293;78120;78185;31769
Si;5;20260304;121500;78195;78218;78103;78163;23492
Si;5;20260304;122000;78166;78210;77980;77998;24773
Si;5;20260304;122500;77997;78039;77916;77916;18592
Si;5;20260304;123000;77918;77969;77867;77871;13842
Si;5;20260304;123500;77873;77952;77836;77872;13793
Si;5;20260304;124000;77871;77898;77796;77834;15267
Si;5;20260304;124500;77832;77843;77680;77718;43553
Si;5;20260304;125000;77717;77734;77589;77639;25051
Si;5;20260304;125500;77639;77828;77629;77800;23854
Si;5;20260304;130000;77800;77962;77800;77858;24028
Si;5;20260304;130500;77858;77960;77812;77822;16843
Si;5;20260304;131000;77820;77899;77742;77889;16084
Si;5;20260304;131500;77889;77971;77843;77940;13712
Si;5;20260304;132000;77935;78015;77935;77977;9848
Si;5;20260304;132500;77980;78118;77979;78099;11412
Si;5;20260304;133000;78099;78114;77902;77928;15696
Si;5;20260304;133500;77925;77970;77905;77934;12064
Si;5;20260304;134000;77933;77964;77926;77951;8121
Si;5;20260304;134500;77950;77986;77950;77976;7432
Si;5;20260304;135000;77976;77989;77926;77946;10222
Si;5;20260304;135500;77945;77951;77854;77929;7612
Si;5;20260304;140500;77929;78067;77929;78028;11139
Si;5;20260304;141000;78030;78101;77956;78026;10088
Si;5;20260304;141500;78026;78088;78013;78054;6254
Si;5;20260304;142000;78057;78068;77988;78004;6317
Si;5;20260304;142500;78006;78038;78000;78016;10955
Si;5;20260304;143000;78019;78106;78014;78025;10223
Si;5;20260304;143500;78027;78165;77993;78076;14858
Si;5;20260304;144000;78075;78159;78056;78060;8188
Si;5;20260304;144500;78060;78064;77994;77998;7598
Si;5;20260304;145000;77997;78063;77994;78017;9013
Si;5;20260304;145500;78017;78032;77981;77984;6928
Si;5;20260304;150000;77987;78042;77927;77991;15335
Si;5;20260304;150500;77988;78001;77959;77997;4028
Si;5;20260304;151000;77998;78006;77964;77971;4097
Si;5;20260304;151500;77973;78024;77938;77941;6227
Si;5;20260304;152000;77941;77951;77904;77910;6253
Si;5;20260304;152500;77913;77932;77872;77878;12748
Si;5;20260304;153000;77879;77929;77875;77901;6363
Si;5;20260304;153500;77903;77914;77823;77877;7822
Si;5;20260304;154000;77874;77894;77830;77841;6505
Si;5;20260304;154500;77840;77846;77752;77798;12735
Si;5;20260304;155000;77798;77844;77775;77819;6053
Si;5;20260304;155500;77821;77894;77806;77821;7073
Si;5;20260304;160000;77824;77870;77803;77849;8573
Si;5;20260304;160500;77850;77852;77769;77789;7145
Si;5;20260304;161000;77790;77847;77763;77842;4382
Si;5;20260304;161500;77842;77966;77804;77885;8171
Si;5;20260304;162000;77884;77889;77740;77775;26480
Si;5;20260304;162500;77773;77808;77730;77775;8923
Si;5;20260304;163000;77779;77805;77711;77795;9023
Si;5;20260304;163500;77798;77819;77773;77817;4933
Si;5;20260304;164000;77814;77843;77782;77788;5097
Si;5;20260304;164500;77789;77884;77784;77834;5719
Si;5;20260304;165000;77836;77897;77827;77888;3943
Si;5;20260304;165500;77889;77900;77883;77897;4204
Si;5;20260304;170000;77899;77932;77897;77924;8843
Si;5;20260304;170500;77919;77942;77912;77928;7310
Si;5;20260304;171000;77931;77988;77927;77961;7269
Si;5;20260304;171500;77960;77995;77959;77972;5512
Si;5;20260304;172000;77972;77982;77922;77970;5650
Si;5;20260304;172500;77973;78031;77973;78004;5551
Si;5;20260304;173000;78004;78019;77966;77991;3184
Si;5;20260304;173500;77994;78003;77960;77967;5216
Si;5;20260304;174000;77967;77982;77947;77948;3031
Si;5;20260304;174500;77948;77959;77916;77934;3631
Si;5;20260304;175000;77935;77990;77935;77969;2219
Si;5;20260304;175500;77971;77997;77969;77985;3016
Si;5;20260304;180000;77985;77988;77939;77988;3459
Si;5;20260304;180500;77987;77988;77964;77972;1550
Si;5;20260304;181000;77973;78022;77965;78011;4223
Si;5;20260304;181500;78007;78040;78006;78036;2516
Si;5;20260304;182000;78036;78037;77982;77996;2504
Si;5;20260304;182500;77995;77997;77916;77959;4235
Si;5;20260304;183000;77957;77962;77891;77920;2656
Si;5;20260304;183500;77920;77953;77907;77942;1482
Si;5;20260304;184000;77937;77955;77912;77930;896
Si;5;20260304;184500;77930;77940;77920;77933;1755
Si;5;20260304;190500;77924;78000;77919;77979;5011
Si;5;20260304;191000;77979;77982;77922;77939;1414
Si;5;20260304;191500;77938;77944;77896;77910;1036
Si;5;20260304;192000;77910;77940;77910;77921;1406
Si;5;20260304;192500;77918;77922;77852;77866;2818
Si;5;20260304;193000;77869;77887;77856;77875;1638
Si;5;20260304;193500;77875;77882;77842;77866;1629
Si;5;20260304;194000;77863;77897;77857;77891;1299
Si;5;20260304;194500;77885;77908;77856;77886;1906
Si;5;20260304;195000;77879;77890;77862;77877;954
Si;5;20260304;195500;77876;77903;77868;77902;457
Si;5;20260304;200000;77905;77932;77905;77924;1447
Si;5;20260304;200500;77920;77937;77920;77937;306
Si;5;20260304;201000;77937;77966;77929;77953;1404
Si;5;20260304;201500;77950;77965;77945;77951;2431
Si;5;20260304;202000;77951;77976;77950;77976;605
Si;5;20260304;202500;77972;77976;77951;77951;220
Si;5;20260304;203000;77954;77979;77943;77977;1199
Si;5;20260304;203500;77977;77987;77970;77972;369
Si;5;20260304;204000;77973;77991;77973;77987;481
Si;5;20260304;204500;77987;78000;77975;77990;1351
Si;5;20260304;205000;77990;78018;77988;78007;1254
Si;5;20260304;205500;78006;78009;77998;78006;464
Si;5;20260304;210000;78004;78008;77996;78006;379
Si;5;20260304;210500;78006;78038;78005;78027;706
Si;5;20260304;211000;78023;78038;78012;78021;400
Si;5;20260304;211500;78022;78024;77964;77964;1514
Si;5;20260304;212000;77965;77985;77963;77974;857
Si;5;20260304;212500;77975;77990;77975;77982;198
Si;5;20260304;213000;77981;77988;77977;77988;345
Si;5;20260304;213500;77988;77988;77967;77971;271
Si;5;20260304;214000;77972;78003;77972;77998;335
Si;5;20260304;214500;77997;78007;77990;78004;208
Si;5;20260304;215000;78006;78007;77975;77990;278
Si;5;20260304;215500;77991;78001;77980;77980;241
Si;5;20260304;220000;77978;77988;77970;77988;254
Si;5;20260304;220500;77985;77988;77968;77968;152
Si;5;20260304;221000;77968;77976;77958;77975;347
Si;5;20260304;221500;77977;77977;77973;77977;81
Si;5;20260304;222000;77977;77985;77958;77960;726
Si;5;20260304;222500;77964;77971;77954;77962;206
Si;5;20260304;223000;77962;77985;77953;77959;466
Si;5;20260304;223500;77956;77963;77956;77961;167
Si;5;20260304;224000;77963;77976;77951;77956;355
Si;5;20260304;224500;77960;77982;77953;77974;440
Si;5;20260304;225000;77973;77981;77958;77958;406
Si;5;20260304;225500;77961;77970;77942;77944;792
Si;5;20260304;230000;77944;77963;77932;77960;933
Si;5;20260304;230500;77958;77974;77955;77955;158
Si;5;20260304;231000;77955;77969;77949;77969;382
Si;5;20260304;231500;77969;77971;77947;77947;339
Si;5;20260304;232000;77957;77961;77953;77959;48
Si;5;20260304;232500;77956;77963;77946;77962;351
Si;5;20260304;233000;77952;77973;77946;77946;395
Si;5;20260304;233500;77947;77950;77936;77950;283
Si;5;20260304;234000;77947;77973;77946;77961;531
Si;5;20260304;234500;77962;77988;77937;77952;962
Si;5;20260305;085500;78000;78000;78000;78000;25
Si;5;20260305;090000;77956;78000;77888;77954;2866
Si;5;20260305;090500;77954;77975;77910;77975;1960
Si;5;20260305;091000;77971;78108;77971;78095;4127
Si;5;20260305;091500;78096;78096;78039;78050;2408
Si;5;20260305;092000;78059;78086;78058;78069;1401
Si;5;20260305;092500;78069;78177;78069;78098;4811
Si;5;20260305;093000;78097;78160;78067;78150;2631
Si;5;20260305;093500;78150;78158;78085;78088;1029
Si;5;20260305;094000;78087;78126;78074;78110;1142
Si;5;20260305;094500;78109;78109;78071;78094;1340
Si;5;20260305;095000;78094;78130;78072;78107;1427
Si;5;20260305;095500;78107;78150;78091;78125;1564
Si;5;20260305;100000;78124;78140;77955;78007;14503
Si;5;20260305;100500;78008;78026;77929;77983;11633
Si;5;20260305;101000;77984;78004;77876;77921;17783
Si;5;20260305;101500;77918;77940;77890;77940;9733
Si;5;20260305;102000;77940;78091;77927;77947;22227
Si;5;20260305;102500;77950;78001;77926;77945;10200
Si;5;20260305;103000;77938;78024;77893;78024;8243
Si;5;20260305;103500;78024;78050;77958;78000;5187
Si;5;20260305;104000;78000;78009;77960;77969;2561
Si;5;20260305;104500;77966;78023;77960;77999;4258
Si;5;20260305;105000;77999;78016;77974;78014;3996
Si;5;20260305;105500;78012;78081;77970;78031;9829
Si;5;20260305;110000;78031;78117;78004;78109;11952
Si;5;20260305;110500;78111;78130;78070;78115;11106
Si;5;20260305;111000;78114;78190;78110;78179;11143
Si;5;20260305;111500;78181;78300;78171;78281;24961
Si;5;20260305;112000;78281;78375;78242;78337;25214
Si;5;20260305;112500;78336;78389;78317;78352;11548
Si;5;20260305;113000;78353;78450;78308;78448;17407
Si;5;20260305;113500;78447;78490;78447;78471;18464
Si;5;20260305;114000;78474;78497;78436;78437;11871
Si;5;20260305;114500;78439;78529;78420;78524;19788
Si;5;20260305;115000;78526;78691;78514;78665;30913
Si;5;20260305;115500;78664;78672;78555;78601;15547
Si;5;20260305;120000;78602;78719;78602;78645;20809
Si;5;20260305;120500;78643;78647;78454;78501;16305
Si;5;20260305;121000;78501;78562;78450;78541;10277
Si;5;20260305;121500;78541;78598;78509;78587;8024
Si;5;20260305;122000;78587;78589;78486;78518;7956
Si;5;20260305;122500;78516;78557;78492;78504;6802
Si;5;20260305;123000;78505;78554;78476;78520;10870
Si;5;20260305;123500;78520;78536;78496;78515;6989
Si;5;20260305;124000;78515;78534;78488;78525;6646
Si;5;20260305;124500;78524;78533;78493;78522;7039
Si;5;20260305;125000;78521;78547;78513;78540;6628
Si;5;20260305;125500;78540;78544;78520;78525;5272
Si;5;20260305;130000;78525;78578;78515;78553;9235
Si;5;20260305;130500;78553;78562;78512;78537;5655
Si;5;20260305;131000;78537;78540;78405;78409;9042
Si;5;20260305;131500;78409;78514;78402;78500;8745
Si;5;20260305;132000;78500;78538;78457;78504;7387
Si;5;20260305;132500;78500;78507;78459;78480;6130
Si;5;20260305;133000;78479;78521;78431;78519;8313
Si;5;20260305;133500;78515;78596;78493;78593;7211
Si;5;20260305;134000;78591;78603;78541;78543;9841
Si;5;20260305;134500;78542;78600;78528;78578;8866
Si;5;20260305;135000;78577;78609;78576;78593;5532
Si;5;20260305;135500;78593;78596;78552;78593;5988
Si;5;20260305;140500;78593;78600;78560;78588;8282
Si;5;20260305;141000;78589;78688;78551;78626;15058
Si;5;20260305;141500;78625;78654;78614;78654;7754
Si;5;20260305;142000;78653;78755;78643;78751;16946
Si;5;20260305;142500;78751;78820;78747;78785;24070
Si;5;20260305;143000;78785;78890;78765;78843;15124
Si;5;20260305;143500;78842;78928;78785;78903;14591
Si;5;20260305;144000;78903;78939;78632;78769;28101
Si;5;20260305;144500;78768;78835;78756;78817;13011
Si;5;20260305;145000;78819;78838;78780;78793;10711
Si;5;20260305;145500;78793;78856;78787;78790;9895
Si;5;20260305;150000;78792;78794;78672;78682;8277
Si;5;20260305;150500;78682;78775;78680;78770;7072
Si;5;20260305;151000;78770;78837;78764;78811;7571
Si;5;20260305;151500;78810;78881;78803;78817;6900
Si;5;20260305;152000;78814;78820;78750;78792;6591
Si;5;20260305;152500;78792;78812;78756;78770;6596
Si;5;20260305;153000;78771;78803;78705;78799;8669
Si;5;20260305;153500;78799;78827;78728;78802;7304
Si;5;20260305;154000;78800;78802;78711;78755;6756
Si;5;20260305;154500;78751;78837;78735;78827;6599
Si;5;20260305;155000;78826;78879;78812;78843;7711
Si;5;20260305;155500;78839;78887;78835;78887;5907
Si;5;20260305;160000;78883;78911;78839;78895;10520
Si;5;20260305;160500;78893;78900;78819;78827;8967
Si;5;20260305;161000;78827;78865;78815;78825;5971
Si;5;20260305;161500;78826;78867;78818;78840;8068
Si;5;20260305;162000;78840;78889;78762;78800;14897
Si;5;20260305;162500;78800;78849;78778;78794;5688
Si;5;20260305;163000;78794;78860;78775;78859;7570
Si;5;20260305;163500;78856;78860;78790;78831;4867
Si;5;20260305;164000;78818;78848;78798;78835;5052
Si;5;20260305;164500;78840;78860;78800;78853;5828
Si;5;20260305;165000;78853;78880;78817;78836;5392
Si;5;20260305;165500;78836;78920;78836;78901;6303
Si;5;20260305;170000;78898;78915;78826;78832;6174
Si;5;20260305;170500;78832;78832;78682;78741;11524
Si;5;20260305;171000;78741;78847;78716;78841;7932
Si;5;20260305;171500;78840;78860;78817;78845;5307
Si;5;20260305;172000;78844;78885;78826;78829;6684
Si;5;20260305;172500;78827;78843;78816;78824;3086
Si;5;20260305;173000;78823;78828;78811;78817;2737
Si;5;20260305;173500;78813;78850;78812;78835;3751
Si;5;20260305;174000;78836;78842;78791;78796;6624
Si;5;20260305;174500;78794;78843;78784;78795;6649
Si;5;20260305;175000;78791;78830;78783;78808;4235
Si;5;20260305;175500;78807;78850;78800;78848;4106
Si;5;20260305;180000;78848;78886;78824;78883;5379
Si;5;20260305;180500;78883;78999;78880;78953;13823
Si;5;20260305;181000;78953;79050;78950;78952;17946
Si;5;20260305;181500;78952;78993;78950;78991;6356
Si;5;20260305;182000;78991;79111;78990;79111;10643
Si;5;20260305;182500;79111;79142;79052;79109;12397
Si;5;20260305;183000;79109;79135;79078;79122;6258
Si;5;20260305;183500;79121;79133;79100;79128;5028
Si;5;20260305;184000;79125;79180;79118;79160;5759
Si;5;20260305;184500;79159;79161;79133;79144;5415
Si;5;20260305;190500;79140;79168;79058;79087;6491
Si;5;20260305;191000;79086;79142;79065;79120;2570
Si;5;20260305;191500;79125;79136;79067;79092;2725
Si;5;20260305;192000;79091;79092;79068;79075;1315
Si;5;20260305;192500;79074;79087;79059;79068;1989
Si;5;20260305;193000;79069;79076;79057;79066;1194
Si;5;20260305;193500;79067;79098;79060;79094;1386
Si;5;20260305;194000;79098;79098;79076;79078;530
Si;5;20260305;194500;79080;79130;79002;79085;5275
Si;5;20260305;195000;79086;79086;79076;79078;735
Si;5;20260305;195500;79079;79079;79071;79074;383
Si;5;20260305;200000;79074;79091;79070;79091;825
Si;5;20260305;200500;79091;79096;79087;79096;363
Si;5;20260305;201000;79096;79119;79084;79117;906
Si;5;20260305;201500;79116;79135;79114;79128;997
Si;5;20260305;202000;79127;79128;79117;79124;415
Si;5;20260305;202500;79122;79127;79113;79127;542
Si;5;20260305;203000;79126;79156;79125;79150;2148
Si;5;20260305;203500;79153;79156;79127;79134;518
Si;5;20260305;204000;79135;79147;79131;79136;318
Si;5;20260305;204500;79141;79142;79104;79108;636
Si;5;20260305;205000;79106;79108;79096;79104;385
Si;5;20260305;205500;79103;79120;79103;79116;243
Si;5;20260305;210000;79115;79154;79115;79154;761
Si;5;20260305;210500;79154;79155;79141;79153;465
Si;5;20260305;211000;79153;79154;79141;79146;208
Si;5;20260305;211500;79146;79187;79145;79170;1480
Si;5;20260305;212000;79170;79174;79146;79146;689
Si;5;20260305;212500;79147;79154;79142;79147;447
Si;5;20260305;213000;79148;79171;79140;79156;979
Si;5;20260305;213500;79158;79163;79140;79140;218
Si;5;20260305;214000;79140;79142;79103;79116;949
Si;5;20260305;214500;79115;79116;79071;79078;1106
Si;5;20260305;215000;79076;79138;79070;79115;739
Si;5;20260305;215500;79115;79117;79086;79086;541
Si;5;20260305;220000;79086;79124;79080;79095;923
Si;5;20260305;220500;79093;79114;79091;79096;442
Si;5;20260305;221000;79096;79097;79089;79097;446
Si;5;20260305;221500;79098;79131;79098;79130;933
Si;5;20260305;222000;79127;79138;79125;79134;217
Si;5;20260305;222500;79135;79146;79131;79134;367
Si;5;20260305;223000;79135;79149;79116;79128;760
Si;5;20260305;223500;79128;79147;79128;79146;331
Si;5;20260305;224000;79146;79148;79142;79148;363
Si;5;20260305;224500;79148;79148;79143;79147;256
Si;5;20260305;225000;79148;79148;79144;79147;501
Si;5;20260305;225500;79147;79148;79135;79135;339
Si;5;20260305;230000;79135;79147;79134;79141;355
Si;5;20260305;230500;79141;79146;79133;79141;372
Si;5;20260305;231000;79143;79145;79122;79131;713
Si;5;20260305;231500;79131;79131;79116;79122;681
Si;5;20260305;232000;79121;79141;79121;79122;635
Si;5;20260305;232500;79123;79149;79120;79149;552
Si;5;20260305;233000;79149;79150;79132;79149;416
Si;5;20260305;233500;79149;79150;79143;79147;740
Si;5;20260305;234000;79147;79173;79141;79162;1341
Si;5;20260305;234500;79166;79176;79131;79160;1139
Si;5;20260306;085500;79180;79180;79180;79180;154
Si;5;20260306;090000;79173;79178;79096;79125;3777
Si;5;20260306;090500;79126;79126;79012;79033;4568
Si;5;20260306;091000;79033;79055;79006;79023;3499
Si;5;20260306;091500;79016;79073;79009;79072;2446
Si;5;20260306;092000;79073;79084;79050;79060;2138
Si;5;20260306;092500;79059;79090;79055;79086;1607
Si;5;20260306;093000;79085;79116;79080;79095;1788
Si;5;20260306;093500;79093;79113;79075;79075;1133
Si;5;20260306;094000;79075;79114;79065;79102;2106
Si;5;20260306;094500;79105;79151;79088;79149;2293
Si;5;20260306;095000;79150;79185;79127;79169;4690
Si;5;20260306;095500;79176;79197;79143;79155;3461
Si;5;20260306;100000;79152;79188;79035;79051;10712
Si;5;20260306;100500;79050;79087;79001;79066;13505
Si;5;20260306;101000;79067;79231;79016;79231;16892
Si;5;20260306;101500;79230;79278;79135;79229;15334
Si;5;20260306;102000;79224;79320;79222;79254;15338
Si;5;20260306;102500;79253;79260;79165;79209;9529
Si;5;20260306;103000;79207;79245;79174;79209;11650
Si;5;20260306;103500;79207;79349;79202;79291;22671
Si;5;20260306;104000;79291;79362;79278;79320;13814
Si;5;20260306;104500;79320;79330;79135;79142;16387
Si;5;20260306;105000;79140;79209;79135;79184;10053
Si;5;20260306;105500;79182;79187;79081;79165;23752
Si;5;20260306;110000;79166;79215;79121;79136;13198
Si;5;20260306;110500;79135;79168;79131;79142;10219
Si;5;20260306;111000;79141;79184;79105;79128;11516
Si;5;20260306;111500;79125;79142;79034;79141;20903
Si;5;20260306;112000;79141;79149;79079;79100;10466
Si;5;20260306;112500;79100;79230;79080;79190;12635
Si;5;20260306;113000;79188;79191;79075;79077;18950
Si;5;20260306;113500;79078;79078;78916;78931;37273
Si;5;20260306;114000;78932;78933;78868;78930;35635
Si;5;20260306;114500;78927;79038;78880;79038;27808
Si;5;20260306;115000;79034;79039;78927;78928;10166
Si;5;20260306;115500;78930;78934;78870;78910;32618
Si;5;20260306;120000;78909;78913;78784;78848;56089
Si;5;20260306;120500;78849;78968;78846;78941;15630
Si;5;20260306;121000;78941;78951;78862;78888;8781
Si;5;20260306;121500;78892;78991;78881;78969;7992
Si;5;20260306;122000;78969;79017;78954;78997;8040
Si;5;20260306;122500;78998;79097;78960;78979;15159
Si;5;20260306;123000;78979;78989;78785;78953;16566
Si;5;20260306;123500;78957;78966;78809;78897;11454
Si;5;20260306;124000;78894;78978;78871;78943;6358
Si;5;20260306;124500;78939;78989;78920;78942;6673
Si;5;20260306;125000;78940;78990;78924;78984;5966
Si;5;20260306;125500;78983;79000;78941;78985;5784
Si;5;20260306;130000;78986;79075;78980;79013;9178
Si;5;20260306;130500;79015;79015;78902;78909;8197
Si;5;20260306;131000;78912;78998;78872;78982;7356
Si;5;20260306;131500;78981;79074;78976;79049;5923
Si;5;20260306;132000;79050;79097;79026;79061;12080
Si;5;20260306;132500;79061;79081;79013;79043;6851
Si;5;20260306;133000;79041;79072;78950;79044;10219
Si;5;20260306;133500;79038;79095;78962;79068;11074
Si;5;20260306;134000;79067;79092;79040;79059;8247
Si;5;20260306;134500;79059;79070;78990;79015;7183
Si;5;20260306;135000;79013;79033;78955;78964;8878
Si;5;20260306;135500;78965;79023;78915;78975;16047
Si;5;20260306;140500;78976;79003;78941;78948;9616
Si;5;20260306;141000;78947;78976;78900;78943;8158
Si;5;20260306;141500;78942;78944;78761;78764;23923
Si;5;20260306;142000;78769;78850;78757;78834;21749
Si;5;20260306;142500;78834;78886;78810;78864;21051
Si;5;20260306;143000;78863;78865;78819;78851;18143
Si;5;20260306;143500;78851;78861;78811;78835;20203
Si;5;20260306;144000;78834;78837;78776;78819;25779
Si;5;20260306;144500;78816;78847;78787;78817;25719
Si;5;20260306;145000;78819;78925;78816;78902;13146
Si;5;20260306;145500;78902;78959;78893;78912;7502
Si;5;20260306;150000;78912;78939;78888;78912;4274
Si;5;20260306;150500;78910;78917;78776;78817;9154
Si;5;20260306;151000;78817;78947;78816;78932;6022
Si;5;20260306;151500;78932;78959;78906;78930;6311
Si;5;20260306;152000;78931;78980;78904;78954;7902
Si;5;20260306;152500;78952;79019;78951;79002;9787
Si;5;20260306;153000;79004;79044;78980;79007;10957
Si;5;20260306;153500;79001;79040;78980;78980;8153
Si;5;20260306;154000;78980;79034;78959;78980;17517
Si;5;20260306;154500;78978;78998;78961;78980;3898
Si;5;20260306;155000;78975;78980;78927;78935;5047
Si;5;20260306;155500;78932;78935;78885;78926;5931
Si;5;20260306;160000;78929;78967;78882;78966;11209
Si;5;20260306;160500;78966;79014;78960;78982;12307
Si;5;20260306;161000;78982;78982;78868;78883;9868
Si;5;20260306;161500;78884;78893;78831;78879;8712
Si;5;20260306;162000;78879;78896;78858;78884;4467
Si;5;20260306;162500;78884;78888;78810;78836;6768
Si;5;20260306;163000;78834;78868;78752;78757;16100
Si;5;20260306;163500;78758;78842;78709;78835;16101
Si;5;20260306;164000;78834;78893;78783;78869;10261
Si;5;20260306;164500;78871;78894;78849;78869;3946
Si;5;20260306;165000;78869;79019;78820;79001;17807
Si;5;20260306;165500;79002;79062;78929;78931;14683
Si;5;20260306;170000;78931;78977;78890;78958;10119
Si;5;20260306;170500;78958;78964;78890;78896;7678
Si;5;20260306;171000;78894;78904;78890;78891;7650
Si;5;20260306;171500;78891;78900;78890;78896;7072
Si;5;20260306;172000;78896;78918;78890;78892;7318
Si;5;20260306;172500;78894;78915;78890;78892;7194
Si;5;20260306;173000;78892;78927;78890;78922;4217
Si;5;20260306;173500;78925;79009;78923;78999;9681
Si;5;20260306;174000;78999;79001;78920;78947;7302
Si;5;20260306;174500;78950;78979;78934;78954;3093
Si;5;20260306;175000;78954;78954;78835;78885;5669
Si;5;20260306;175500;78887;78888;78793;78841;6536
Si;5;20260306;180000;78841;78859;78785;78826;9165
Si;5;20260306;180500;78825;78834;78747;78755;7763
Si;5;20260306;181000;78752;78764;78700;78728;11332
Si;5;20260306;181500;78728;78767;78693;78723;6538
Si;5;20260306;182000;78720;78731;78650;78650;9112
Si;5;20260306;182500;78651;78668;78534;78539;9688
Si;5;20260306;183000;78539;78576;78471;78476;13710
Si;5;20260306;183500;78475;78484;78378;78419;12005
Si;5;20260306;184000;78419;78550;78402;78544;13697
Si;5;20260306;184500;78544;78545;78430;78442;5698
Si;5;20260306;190500;78441;78512;78412;78422;3745
Si;5;20260306;191000;78422;78454;78422;78454;1965
Si;5;20260306;191500;78454;78480;78402;78403;2954
Si;5;20260306;192000;78403;78404;78377;78393;2137
Si;5;20260306;192500;78395;78395;78378;78389;1236
Si;5;20260306;193000;78383;78384;78371;78372;1281
Si;5;20260306;193500;78373;78506;78356;78457;4752
Si;5;20260306;194000;78459;78500;78458;78486;1449
Si;5;20260306;194500;78485;78492;78474;78474;635
Si;5;20260306;195000;78475;78489;78467;78473;742
Si;5;20260306;195500;78476;78479;78450;78472;599
Si;5;20260306;200000;78471;78473;78460;78473;223
Si;5;20260306;200500;78470;78494;78469;78483;701
Si;5;20260306;201000;78491;78495;78461;78466;659
Si;5;20260306;201500;78470;78500;78463;78500;944
Si;5;20260306;202000;78498;78512;78493;78499;947
Si;5;20260306;202500;78500;78500;78473;78492;1220
Si;5;20260306;203000;78493;78495;78470;78473;1117
Si;5;20260306;203500;78474;78500;78426;78464;2681
Si;5;20260306;204000;78467;78497;78444;78444;998
Si;5;20260306;204500;78447;78447;78421;78434;854
Si;5;20260306;205000;78435;78480;78434;78474;366
Si;5;20260306;205500;78474;78478;78452;78454;290
Si;5;20260306;210000;78453;78469;78438;78438;1123
Si;5;20260306;210500;78435;78441;78402;78412;943
Si;5;20260306;211000;78410;78435;78403;78435;1191
Si;5;20260306;211500;78431;78431;78400;78424;1649
Si;5;20260306;212000;78425;78434;78393;78401;1545
Si;5;20260306;212500;78399;78431;78396;78430;692
Si;5;20260306;213000;78428;78431;78404;78410;600
Si;5;20260306;213500;78416;78419;78376;78377;990
Si;5;20260306;214000;78377;78423;78376;78400;357
Si;5;20260306;214500;78401;78413;78394;78402;481
Si;5;20260306;215000;78407;78435;78407;78433;344
Si;5;20260306;215500;78435;78450;78433;78448;415
Si;5;20260306;220000;78448;78465;78448;78456;548
Si;5;20260306;220500;78455;78463;78445;78463;367
Si;5;20260306;221000;78463;78474;78460;78460;347
Si;5;20260306;221500;78460;78488;78460;78483;325
Si;5;20260306;222000;78483;78528;78483;78519;1815
Si;5;20260306;222500;78518;78521;78489;78499;304
Si;5;20260306;223000;78494;78545;78494;78540;904
Si;5;20260306;223500;78537;78546;78525;78540;1043
Si;5;20260306;224000;78535;78555;78523;78547;873
Si;5;20260306;224500;78550;78567;78545;78563;319
Si;5;20260306;225000;78564;78577;78540;78540;3659
Si;5;20260306;225500;78539;78550;78533;78534;361
Si;5;20260306;230000;78535;78566;78504;78561;1669
Si;5;20260306;230500;78561;78561;78543;78555;294
Si;5;20260306;231000;78557;78566;78490;78505;1544
Si;5;20260306;231500;78505;78564;78490;78555;1109
Si;5;20260306;232000;78556;78571;78516;78570;772
Si;5;20260306;232500;78571;78612;78566;78607;1225
Si;5;20260306;233000;78602;78680;78573;78655;1947
Si;5;20260306;233500;78662;78692;78650;78665;2015
Si;5;20260306;234000;78663;78700;78662;78677;1996
Si;5;20260306;234500;78676;78685;78629;78638;1285
Si;5;20260309;085500;78396;78396;78396;78396;900
Si;5;20260309;090000;78399;78600;78161;78178;25404
Si;5;20260309;090500;78181;78283;77933;78047;12613
Si;5;20260309;091000;78044;78189;78002;78133;8016
Si;5;20260309;091500;78133;78133;77910;77926;12232
Si;5;20260309;092000;77934;78062;77911;78052;6849
Si;5;20260309;092500;78052;78119;77974;77978;5432
Si;5;20260309;093000;77973;78086;77970;78055;3702
Si;5;20260309;093500;78058;78124;78044;78074;5742
Si;5;20260309;094000;78073;78125;78073;78122;1212
Si;5;20260309;094500;78120;78142;78095;78098;1698
Si;5;20260309;095000;78090;78105;78017;78087;4061
Si;5;20260309;095500;78086;78089;77936;78036;4607
Si;5;20260309;100000;78036;78212;77947;78196;16495
Si;5;20260309;100500;78194;78299;78192;78292;7042
Si;5;20260309;101000;78294;78403;78183;78211;8395
Si;5;20260309;101500;78207;78213;77975;78072;9143
Si;5;20260309;102000;78061;78169;78025;78148;4648
Si;5;20260309;102500;78143;78211;78102;78138;4517
Si;5;20260309;103000;78138;78290;78096;78227;7583
Si;5;20260309;103500;78229;78229;78172;78195;3309
Si;5;20260309;104000;78197;78287;78193;78245;2598
Si;5;20260309;104500;78248;78347;78248;78306;4417
Si;5;20260309;105000;78306;78345;78292;78306;3456
Si;5;20260309;105500;78304;78339;78196;78254;3552
Si;5;20260309;110000;78254;78265;78165;78221;4947
Si;5;20260309;110500;78218;78269;78212;78230;1829
Si;5;20260309;111000;78231;78253;78220;78222;1281
Si;5;20260309;111500;78228;78229;78117;78185;3208
Si;5;20260309;112000;78186;78186;78145;78146;1601
Si;5;20260309;112500;78142;78172;78108;78157;2936
Si;5;20260309;113000;78159;78160;78016;78052;7908
Si;5;20260309;113500;78052;78053;78019;78024;1389
Si;5;20260309;114000;78025;78063;77835;77862;18673
Si;5;20260309;114500;77866;77866;77621;77737;25732
Si;5;20260309;115000;77736;77736;77609;77624;11895
Si;5;20260309;115500;77628;77725;77541;77672;12614
Si;5;20260309;120000;77669;77711;77470;77647;32416
Si;5;20260309;120500;77649;77709;77567;77651;11221
Si;5;20260309;121000;77651;77747;77642;77664;8475
Si;5;20260309;121500;77664;77752;77654;77729;4661
Si;5;20260309;122000;77729;77742;77640;77651;4409
Si;5;20260309;122500;77650;77704;77601;77610;3081
Si;5;20260309;123000;77608;77690;77590;77680;5395
Si;5;20260309;123500;77681;77788;77591;77747;21407
Si;5;20260309;124000;77747;77747;77666;77716;3713
Si;5;20260309;124500;77717;77831;77707;77818;4774
Si;5;20260309;125000;77815;77840;77780;77790;4793
Si;5;20260309;125500;77794;77795;77733;77794;2285
Si;5;20260309;130000;77788;77834;77747;77782;4092
Si;5;20260309;130500;77781;77781;77703;77727;3235
Si;5;20260309;131000;77723;77757;77695;77728;2871
Si;5;20260309;131500;77728;77764;77700;77723;2333
Si;5;20260309;132000;77722;77722;77590;77626;8608
Si;5;20260309;132500;77627;77660;77592;77614;2875
Si;5;20260309;133000;77618;77630;77586;77630;3726
Si;5;20260309;133500;77630;77649;77593;77620;2943
Si;5;20260309;134000;77618;77637;77603;77615;2151
Si;5;20260309;134500;77613;77637;77606;77615;2949
Si;5;20260309;135000;77621;77621;77402;77548;19527
Si;5;20260309;135500;77557;77700;77521;77633;8140
Si;5;20260309;140500;77659;77758;77595;77758;7798
Si;5;20260309;141000;77758;77813;77732;77768;6779
Si;5;20260309;141500;77769;77799;77753;77797;1872
Si;5;20260309;142000;77796;77826;77758;77816;2191
Si;5;20260309;142500;77818;77877;77816;77876;4882
Si;5;20260309;143000;77877;77968;77876;77959;5225
Si;5;20260309;143500;77956;77959;77880;77886;2411
Si;5;20260309;144000;77884;77922;77877;77902;1678
Si;5;20260309;144500;77905;77906;77840;77852;1845
Si;5;20260309;145000;77853;77853;77804;77804;1342
Si;5;20260309;145500;77804;77848;77801;77845;1362
Si;5;20260309;150000;77838;77882;77816;77816;1165
Si;5;20260309;150500;77816;77866;77774;77774;1834
Si;5;20260309;151000;77781;77837;77735;77836;2825
Si;5;20260309;151500;77836;77913;77825;77911;2253
Si;5;20260309;152000;77911;77922;77863;77882;1292
Si;5;20260309;152500;77886;77898;77854;77881;1225
Si;5;20260309;153000;77883;77883;77801;77816;1400
Si;5;20260309;153500;77814;77828;77801;77811;751
Si;5;20260309;154000;77803;77829;77752;77791;1130
Si;5;20260309;154500;77791;77810;77761;77770;1087
Si;5;20260309;155000;77770;77777;77700;77723;2063
Si;5;20260309;155500;77722;77744;77688;77721;1445
Si;5;20260309;160000;77719;77797;77694;77756;1799
Si;5;20260309;160500;77756;77805;77716;77716;1242
Si;5;20260309;161000;77716;77716;77624;77679;3470
Si;5;20260309;161500;77671;77710;77660;77708;988
Si;5;20260309;162000;77707;77707;77670;77686;727
Si;5;20260309;162500;77686;77687;77629;77682;1671
Si;5;20260309;163000;77683;77702;77661;77682;1162
Si;5;20260309;163500;77685;77709;77677;77708;1287
Si;5;20260309;164000;77708;77775;77681;77743;2368
Si;5;20260309;164500;77742;77794;77742;77758;1230
Si;5;20260309;165000;77759;77802;77757;77801;1086
Si;5;20260309;165500;77801;77802;77714;77729;1603
Si;5;20260309;170000;77731;77795;77711;77790;1597
Si;5;20260309;170500;77790;77802;77737;77761;1256
Si;5;20260309;171000;77757;77842;77742;77797;2061
Si;5;20260309;171500;77795;77827;77742;77819;1501
Si;5;20260309;172000;77819;77819;77760;77787;871
Si;5;20260309;172500;77786;77789;77730;77772;1231
Si;5;20260309;173000;77767;77767;77692;77709;1374
Si;5;20260309;173500;77710;77763;77673;77741;1431
Si;5;20260309;174000;77732;77733;77653;77653;1027
Si;5;20260309;174500;77654;77746;77626;77674;2306
Si;5;20260309;175000;77671;77734;77664;77723;1218
Si;5;20260309;175500;77720;77721;77676;77695;814
Si;5;20260309;180000;77694;77695;77645;77645;1194
Si;5;20260309;180500;77641;77723;77631;77668;2033
Si;5;20260309;181000;77668;77668;77640;77640;1166
Si;5;20260309;181500;77640;77683;77632;77644;1453
Si;5;20260309;182000;77644;77724;77606;77723;4283
Si;5;20260309;182500;77724;77755;77715;77739;1295
Si;5;20260309;183000;77735;77735;77662;77673;1574
Si;5;20260309;183500;77677;77737;77673;77737;639
Si;5;20260309;184000;77738;77739;77700;77724;1200
Si;5;20260309;184500;77724;77735;77710;77718;1685
Si;5;20260309;190500;77723;77782;77690;77742;3117
Si;5;20260309;191000;77744;77760;77722;77749;1328
Si;5;20260309;191500;77750;77762;77736;77760;265
Si;5;20260309;192000;77759;77760;77665;77679;863
Si;5;20260309;192500;77679;77750;77679;77728;894
Si;5;20260309;193000;77733;77733;77687;77691;248
Si;5;20260309;193500;77689;77701;77680;77681;399
Si;5;20260309;194000;77680;77680;77639;77666;763
Si;5;20260309;194500;77673;77680;77648;77667;197
Si;5;20260309;195000;77673;77684;77609;77665;1400
Si;5;20260309;195500;77665;77718;77662;77696;828
Si;5;20260309;200000;77695;77711;77680;77704;191
Si;5;20260309;200500;77710;77744;77692;77743;533
Si;5;20260309;201000;77743;77748;77742;77745;200
Si;5;20260309;201500;77743;77750;77743;77750;285
Si;5;20260309;202000;77752;77774;77751;77771;289
Si;5;20260309;202500;77771;77777;77770;77776;166
Si;5;20260309;203000;77777;77799;77776;77794;538
Si;5;20260309;203500;77787;77798;77782;77791;330
Si;5;20260309;204000;77787;77795;77765;77765;237
Si;5;20260309;204500;77770;77777;77765;77774;164
Si;5;20260309;205000;77777;77798;77777;77791;187
Si;5;20260309;205500;77791;77822;77784;77789;788
Si;5;20260309;210000;77787;77816;77787;77810;190
Si;5;20260309;210500;77812;77838;77812;77836;713
Si;5;20260309;211000;77827;77859;77823;77841;1572
Si;5;20260309;211500;77841;77850;77836;77841;311
Si;5;20260309;212000;77840;77867;77831;77867;502
Si;5;20260309;212500;77868;77877;77841;77853;509
Si;5;20260309;213000;77851;77852;77807;77809;346
Si;5;20260309;213500;77809;77810;77790;77808;451
Si;5;20260309;214000;77800;77803;77785;77786;159
Si;5;20260309;214500;77786;77787;77781;77781;161
Si;5;20260309;215000;77780;77781;77752;77761;303
Si;5;20260309;215500;77761;77771;77755;77764;350
Si;5;20260309;220000;77768;77786;77759;77786;112
Si;5;20260309;220500;77786;77786;77777;77779;50
Si;5;20260309;221000;77779;77798;77778;77798;73
Si;5;20260309;221500;77797;77803;77778;77782;660
Si;5;20260309;222000;77782;77782;77741;77763;1596
Si;5;20260309;222500;77762;77792;77705;77710;2268
Si;5;20260309;223000;77713;77861;77703;77855;2579
Si;5;20260309;223500;77855;77906;77825;77906;3731
Si;5;20260309;224000;77906;78024;77905;77966;8037
Si;5;20260309;224500;77968;78011;77933;77971;2380
Si;5;20260309;225000;77969;78039;77959;77990;1723
Si;5;20260309;225500;77994;78040;77994;78027;1273
Si;5;20260309;230000;78027;78028;77982;77995;1671
Si;5;20260309;230500;77995;77996;77956;77994;869
Si;5;20260309;231000;77992;78027;77991;78020;506
Si;5;20260309;231500;78021;78054;77993;77993;830
Si;5;20260309;232000;77993;78025;77987;78025;673
Si;5;20260309;232500;78018;78025;77996;78025;496
Si;5;20260309;233000;78032;78049;78016;78048;537
Si;5;20260309;233500;78048;78111;78047;78105;2421
Si;5;20260309;234000;78105;78140;78047;78050;1712
Si;5;20260309;234500;78050;78133;78031;78090;1690
Si;5;20260310;085500;78032;78083;78032;78050;421
Si;5;20260310;090000;78050;78070;77867;77932;11473
Si;5;20260310;090500;77932;77950;77890;77950;2058
Si;5;20260310;091000;77954;77980;77906;77950;1462
Si;5;20260310;091500;77950;78172;77945;78117;6490
Si;5;20260310;092000;78120;78192;78100;78179;4789
Si;5;20260310;092500;78180;78330;78149;78321;11930
Si;5;20260310;093000;78322;78335;78285;78299;7829
Si;5;20260310;093500;78298;78325;78266;78267;3813
Si;5;20260310;094000;78268;78334;78266;78304;1958
Si;5;20260310;094500;78304;78313;78276;78284;2598
Si;5;20260310;095000;78285;78373;78284;78314;4360
Si;5;20260310;095500;78314;78340;78290;78307;3587
Si;5;20260310;100000;78305;78385;78200;78340;20616
Si;5;20260310;100500;78344;78518;78324;78466;22672
Si;5;20260310;101000;78465;78527;78330;78355;19882
Si;5;20260310;101500;78369;78420;78262;78420;20314
Si;5;20260310;102000;78419;78465;78366;78389;11638
Si;5;20260310;102500;78389;78572;78380;78551;14000
Si;5;20260310;103000;78551;78652;78544;78565;22891
Si;5;20260310;103500;78568;78590;78100;78472;36461
Si;5;20260310;104000;78471;78522;78456;78500;8846
Si;5;20260310;104500;78500;78520;78464;78520;11100
Si;5;20260310;105000;78520;78596;78501;78546;19524
Si;5;20260310;105500;78546;78567;78517;78548;13948
Si;5;20260310;110000;78548;78579;78440;78492;13942
Si;5;20260310;110500;78494;78571;78450;78459;12181
Si;5;20260310;111000;78460;78554;78450;78482;13338
Si;5;20260310;111500;78481;78569;78478;78530;10255
Si;5;20260310;112000;78529;78536;78482;78513;6276
Si;5;20260310;112500;78513;78532;78421;78437;8821
Si;5;20260310;113000;78434;78480;78401;78457;11185
Si;5;20260310;113500;78456;78488;78393;78457;27016
Si;5;20260310;114000;78453;78465;78370;78378;15579
Si;5;20260310;114500;78378;78545;78363;78431;25141
Si;5;20260310;115000;78430;78573;78424;78563;15259
Si;5;20260310;115500;78562;78714;78562;78702;23077
Si;5;20260310;120000;78700;78743;78666;78704;19015
Si;5;20260310;120500;78703;78719;78662;78687;20437
Si;5;20260310;121000;78686;78707;78650;78682;10039
Si;5;20260310;121500;78678;78758;78676;78697;20672
Si;5;20260310;122000;78697;78740;78696;78711;6804
Si;5;20260310;122500;78711;78723;78668;78675;8909
Si;5;20260310;123000;78675;78722;78638;78701;9871
Si;5;20260310;123500;78699;78719;78633;78647;11138
Si;5;20260310;124000;78648;78666;78554;78572;14663
Si;5;20260310;124500;78572;78588;78512;78583;20416
Si;5;20260310;125000;78584;78593;78518;78540;8550
Si;5;20260310;125500;78541;78566;78514;78524;14664
Si;5;20260310;130000;78523;78557;78510;78550;7061
Si;5;20260310;130500;78552;78587;78482;78583;10707
Si;5;20260310;131000;78579;78666;78573;78636;7985
Si;5;20260310;131500;78635;78680;78616;78649;7335
Si;5;20260310;132000;78649;78655;78604;78608;4829
Si;5;20260310;132500;78608;78625;78597;78625;4773
Si;5;20260310;133000;78625;78681;78620;78661;6527
Si;5;20260310;133500;78660;78725;78660;78723;11460
Si;5;20260310;134000;78724;78725;78629;78659;5631
Si;5;20260310;134500;78660;78667;78585;78614;5766
Si;5;20260310;135000;78614;78637;78600;78628;3633
Si;5;20260310;135500;78628;78629;78589;78597;4773
Si;5;20260310;140500;78595;78617;78561;78614;5587
Si;5;20260310;141000;78610;78615;78568;78599;3696
Si;5;20260310;141500;78597;78622;78595;78617;8564
Si;5;20260310;142000;78616;78627;78593;78613;3919
Si;5;20260310;142500;78612;78668;78599;78601;4800
Si;5;20260310;143000;78601;78617;78584;78616;5024
Si;5;20260310;143500;78613;78663;78600;78661;3757
Si;5;20260310;144000;78660;78717;78650;78716;5326
Si;5;20260310;144500;78716;78720;78670;78690;6348
Si;5;20260310;145000;78690;78699;78647;78665;3743
Si;5;20260310;145500;78665;78675;78632;78650;6894
Si;5;20260310;150000;78651;78722;78644;78717;5847
Si;5;20260310;150500;78716;78724;78700;78720;7608
Si;5;20260310;151000;78720;78721;78614;78631;9774
Si;5;20260310;151500;78630;78693;78554;78567;16029
Si;5;20260310;152000;78569;78681;78533;78675;16745
Si;5;20260310;152500;78673;78814;78672;78810;18954
Si;5;20260310;153000;78807;78828;78707;78747;12940
Si;5;20260310;153500;78747;78898;78739;78895;13343
Si;5;20260310;154000;78895;78920;78838;78915;16205
Si;5;20260310;154500;78915;78928;78839;78860;22475
Si;5;20260310;155000;78860;78860;78787;78800;14751
Si;5;20260310;155500;78800;78839;78778;78782;11876
Si;5;20260310;160000;78781;78884;78762;78778;24410
Si;5;20260310;160500;78779;78827;78737;78820;8710
Si;5;20260310;161000;78817;78875;78806;78842;6839
Si;5;20260310;161500;78840;78859;78812;78842;6406
Si;5;20260310;162000;78842;78850;78776;78780;8787
Si;5;20260310;162500;78780;78813;78777;78800;6971
Si;5;20260310;163000;78799;78827;78788;78810;8769
Si;5;20260310;163500;78809;78887;78795;78873;10211
Si;5;20260310;164000;78871;78898;78764;78769;17609
Si;5;20260310;164500;78775;78785;78718;78772;13687
Si;5;20260310;165000;78770;78864;78767;78850;14038
Si;5;20260310;165500;78845;78851;78800;78832;13439
Si;5;20260310;170000;78832;78887;78800;78820;8961
Si;5;20260310;170500;78812;78840;78779;78790;5859
Si;5;20260310;171000;78788;78792;78646;78695;13549
Si;5;20260310;171500;78693;78728;78668;78710;8079
Si;5;20260310;172000;78707;78713;78665;78665;13878
Si;5;20260310;172500;78666;78676;78569;78586;16626
Si;5;20260310;173000;78582;78675;78581;78666;7931
Si;5;20260310;173500;78667;78693;78642;78647;5454
Si;5;20260310;174000;78644;78668;78596;78657;8797
Si;5;20260310;174500;78657;78728;78655;78671;9467
Si;5;20260310;175000;78671;78679;78621;78630;5392
Si;5;20260310;175500;78630;78700;78620;78696;8262
Si;5;20260310;180000;78689;78750;78670;78736;5929
Si;5;20260310;180500;78735;78778;78704;78709;6437
Si;5;20260310;181000;78705;78712;78588;78597;11122
Si;5;20260310;181500;78595;78645;78593;78605;7518
Si;5;20260310;182000;78601;78608;78505;78551;11221
Si;5;20260310;182500;78552;78601;78451;78581;17345
Si;5;20260310;183000;78574;78613;78512;78603;11305
Si;5;20260310;183500;78603;78661;78566;78644;9770
Si;5;20260310;184000;78655;78775;78645;78769;19083
Si;5;20260310;184500;78769;78779;78664;78689;7141
Si;5;20260310;190500;78727;78749;78673;78734;2802
Si;5;20260310;191000;78736;78743;78673;78682;940
Si;5;20260310;191500;78680;78695;78663;78673;1384
Si;5;20260310;192000;78674;78674;78641;78670;1137
Si;5;20260310;192500;78671;78715;78671;78715;611
Si;5;20260310;193000;78716;78733;78716;78717;664
Si;5;20260310;193500;78720;78721;78698;78707;518
Si;5;20260310;194000;78709;78725;78708;78715;334
Si;5;20260310;194500;78714;78729;78697;78723;560
Si;5;20260310;195000;78724;78794;78721;78767;1561
Si;5;20260310;195500;78759;78759;78723;78723;908
Si;5;20260310;200000;78725;78731;78688;78713;1583
Si;5;20260310;200500;78716;78757;78716;78746;1630
Si;5;20260310;201000;78751;78793;78733;78738;1506
Si;5;20260310;201500;78739;78800;78714;78721;2522
Si;5;20260310;202000;78717;78720;78675;78706;1396
Si;5;20260310;202500;78708;78721;78620;78665;1677
Si;5;20260310;203000;78665;78706;78636;78698;1522
Si;5;20260310;203500;78699;78701;78644;78655;1440
Si;5;20260310;204000;78660;78683;78655;78656;962
Si;5;20260310;204500;78656;78687;78647;78671;716
Si;5;20260310;205000;78674;78684;78665;78684;525
Si;5;20260310;205500;78681;78684;78660;78683;288
Si;5;20260310;210000;78682;78705;78669;78696;566
Si;5;20260310;210500;78694;78694;78644;78667;893
Si;5;20260310;211000;78665;78694;78659;78680;728
Si;5;20260310;211500;78676;78676;78575;78647;4151
Si;5;20260310;212000;78643;78654;78551;78632;3376
Si;5;20260310;212500;78631;78662;78616;78657;1652
Si;5;20260310;213000;78657;78707;78657;78675;1433
Si;5;20260310;213500;78675;78675;78628;78629;345
Si;5;20260310;214000;78629;78661;78622;78639;1060
Si;5;20260310;214500;78636;78654;78594;78595;974
Si;5;20260310;215000;78595;78666;78573;78666;787
Si;5;20260310;215500;78660;78688;78659;78670;311
Si;5;20260310;220000;78670;78697;78655;78686;293
Si;5;20260310;220500;78685;78688;78632;78643;1085
Si;5;20260310;221000;78640;78647;78622;78643;309
Si;5;20260310;221500;78639;78642;78600;78615;587
Si;5;20260310;222000;78615;78630;78612;78612;471
Si;5;20260310;222500;78612;78613;78566;78576;1431
Si;5;20260310;223000;78576;78598;78567;78595;804
Si;5;20260310;223500;78595;78614;78592;78604;682
Si;5;20260310;224000;78605;78612;78595;78607;500
Si;5;20260310;224500;78603;78645;78591;78636;1212
Si;5;20260310;225000;78638;78671;78630;78639;727
Si;5;20260310;225500;78639;78649;78637;78644;189
Si;5;20260310;230000;78642;78648;78633;78633;170
Si;5;20260310;230500;78632;78632;78620;78620;213
Si;5;20260310;231000;78624;78662;78622;78662;217
Si;5;20260310;231500;78659;78661;78636;78640;131
Si;5;20260310;232000;78637;78644;78629;78640;176
Si;5;20260310;232500;78640;78644;78616;78622;188
Si;5;20260310;233000;78621;78626;78617;78619;314
Si;5;20260310;233500;78621;78657;78621;78649;435
Si;5;20260310;234000;78647;78652;78617;78630;770
Si;5;20260310;234500;78631;78649;78614;78647;778
Si;5;20260311;085500;78618;78618;78618;78618;321
Si;5;20260311;090000;78618;78777;78594;78762;7131
Si;5;20260311;090500;78762;78818;78716;78818;6138
Si;5;20260311;091000;78818;78880;78806;78866;4368
Si;5;20260311;091500;78866;78885;78808;78833;3913
Si;5;20260311;092000;78833;78833;78810;78811;1558
Si;5;20260311;092500;78811;78864;78793;78837;1990
Si;5;20260311;093000;78832;78855;78800;78846;1338
Si;5;20260311;093500;78847;78848;78793;78802;919
Si;5;20260311;094000;78801;78875;78784;78874;2647
Si;5;20260311;094500;78874;78960;78862;78949;9109
Si;5;20260311;095000;78948;78957;78855;78917;5137
Si;5;20260311;095500;78912;78945;78871;78918;2222
Si;5;20260311;100000;78920;78960;78745;78768;17638
Si;5;20260311;100500;78769;78837;78687;78710;22865
Si;5;20260311;101000;78714;78716;78541;78633;23706
Si;5;20260311;101500;78633;78633;78480;78576;18318
Si;5;20260311;102000;78574;78617;78541;78596;10005
Si;5;20260311;102500;78596;78672;78590;78626;8803
Si;5;20260311;103000;78622;78709;78586;78660;10998
Si;5;20260311;103500;78665;78674;78605;78619;7093
Si;5;20260311;104000;78619;78727;78605;78668;10117
Si;5;20260311;104500;78668;78719;78645;78701;10400
Si;5;20260311;105000;78701;78704;78647;78656;8845
Si;5;20260311;105500;78660;78680;78646;78679;6157
Si;5;20260311;110000;78679;78719;78667;78679;7462
Si;5;20260311;110500;78676;78710;78668;78702;6859
Si;5;20260311;111000;78702;78780;78651;78780;12019
Si;5;20260311;111500;78779;78855;78750;78850;18063
Si;5;20260311;112000;78850;78888;78839;78867;13061
Si;5;20260311;112500;78867;78948;78865;78892;16380
Si;5;20260311;113000;78905;78955;78893;78948;18784
Si;5;20260311;113500;78945;79012;78932;78948;18626
Si;5;20260311;114000;78947;79032;78942;79016;19194
Si;5;20260311;114500;79018;79040;78921;78948;14754
Si;5;20260311;115000;78949;78956;78914;78947;8002
Si;5;20260311;115500;78947;78953;78857;78887;10670
Si;5;20260311;120000;78888;78920;78827;78867;10004
Si;5;20260311;120500;78866;78899;78845;78876;8892
Si;5;20260311;121000;78879;78880;78820;78834;7535
Si;5;20260311;121500;78833;78856;78801;78850;8135
Si;5;20260311;122000;78848;78875;78829;78866;6693
Si;5;20260311;122500;78866;78867;78831;78850;6296
Si;5;20260311;123000;78849;78853;78776;78794;10817
Si;5;20260311;123500;78794;78845;78770;78841;8304
Si;5;20260311;124000;78838;78917;78837;78910;8228
Si;5;20260311;124500;78907;78954;78904;78940;8890
Si;5;20260311;125000;78937;78968;78929;78947;9072
Si;5;20260311;125500;78946;78968;78927;78959;11715
Si;5;20260311;130000;78956;79009;78955;78981;10237
Si;5;20260311;130500;78981;79001;78943;78952;6756
Si;5;20260311;131000;78951;78959;78894;78906;7228
Si;5;20260311;131500;78905;78919;78859;78878;6533
Si;5;20260311;132000;78876;78938;78860;78914;7635
Si;5;20260311;132500;78912;78930;78871;78926;7496
Si;5;20260311;133000;78925;78979;78905;78964;11947
Si;5;20260311;133500;78964;79109;78964;78993;23576
Si;5;20260311;134000;78995;79000;78910;78951;12187
Si;5;20260311;134500;78956;78979;78912;78966;7979
Si;5;20260311;135000;78964;78992;78946;78979;14438
Si;5;20260311;135500;78979;78999;78972;78987;7144
Si;5;20260311;140500;78981;79013;78961;79003;13876
Si;5;20260311;141000;79004;79070;79002;79053;12382
Si;5;20260311;141500;79054;79075;79037;79056;9961
Si;5;20260311;142000;79055;79069;79050;79061;7144
Si;5;20260311;142500;79063;79070;79050;79070;10966
Si;5;20260311;143000;79070;79100;79062;79089;9129
Si;5;20260311;143500;79088;79100;79077;79090;5037
Si;5;20260311;144000;79089;79095;79082;79088;4262
Si;5;20260311;144500;79088;79095;79059;79081;9897
Si;5;20260311;145000;79084;79090;79027;79080;9491
Si;5;20260311;145500;79079;79094;79057;79071;6075
Si;5;20260311;150000;79071;79082;79031;79045;6966
Si;5;20260311;150500;79045;79090;79015;79062;7944
Si;5;20260311;151000;79064;79087;79034;79038;6875
Si;5;20260311;151500;79039;79040;78952;78994;9054
Si;5;20260311;152000;78999;78999;78956;78993;5309
Si;5;20260311;152500;78996;79004;78965;78985;5782
Si;5;20260311;153000;78986;78989;78924;78954;11367
Si;5;20260311;153500;78955;78975;78924;78962;5664
Si;5;20260311;154000;78963;78978;78906;78934;7168
Si;5;20260311;154500;78938;78947;78926;78928;6076
Si;5;20260311;155000;78929;78948;78911;78930;6176
Si;5;20260311;155500;78930;78962;78905;78959;6411
Si;5;20260311;160000;78956;78975;78835;78853;10954
Si;5;20260311;160500;78855;78881;78828;78864;8533
Si;5;20260311;161000;78862;78886;78833;78870;5542
Si;5;20260311;161500;78872;78950;78857;78930;10416
Si;5;20260311;162000;78929;78932;78842;78842;4351
Si;5;20260311;162500;78842;78857;78790;78856;6219
Si;5;20260311;163000;78855;78870;78841;78868;4696
Si;5;20260311;163500;78868;78870;78833;78853;5063
Si;5;20260311;164000;78853;78870;78851;78867;3184
Si;5;20260311;164500;78870;78898;78862;78896;8401
Si;5;20260311;165000;78898;78979;78877;78974;13097
Si;5;20260311;165500;78974;78979;78922;78930;4587
Si;5;20260311;170000;78930;78940;78864;78912;7471
Si;5;20260311;170500;78913;78918;78902;78907;2312
Si;5;20260311;171000;78908;78918;78888;78907;2022
Si;5;20260311;171500;78907;78918;78901;78914;5174
Si;5;20260311;172000;78914;78914;78851;78880;4382
Si;5;20260311;172500;78881;78919;78868;78888;10023
Si;5;20260311;173000;78887;78901;78850;78853;3577
Si;5;20260311;173500;78852;78877;78821;78828;4809
Si;5;20260311;174000;78828;78850;78824;78850;3597
Si;5;20260311;174500;78850;78966;78849;78956;11907
Si;5;20260311;175000;78960;78975;78940;78961;4404
Si;5;20260311;175500;78963;78995;78945;78990;7822
Si;5;20260311;180000;78992;79028;78984;78984;7097
Si;5;20260311;180500;78982;78995;78916;78922;3469
Si;5;20260311;181000;78922;79030;78921;78966;4989
Si;5;20260311;181500;78964;79051;78957;79040;7395
Si;5;20260311;182000;79040;79046;79022;79031;3345
Si;5;20260311;182500;79032;79061;78979;79005;6781
Si;5;20260311;183000;79003;79055;78959;79046;5908
Si;5;20260311;183500;79046;79088;79046;79073;5677
Si;5;20260311;184000;79075;79095;79055;79064;3768
Si;5;20260311;184500;79064;79065;79018;79037;2322
Si;5;20260311;190500;79064;79064;78961;78971;1906
Si;5;20260311;191000;78971;78994;78969;78993;517
Si;5;20260311;191500;78994;78995;78977;78984;556
Si;5;20260311;192000;78982;78996;78943;78954;1540
Si;5;20260311;192500;78948;78969;78948;78960;501
Si;5;20260311;193000;78960;78989;78951;78968;782
Si;5;20260311;193500;78965;78989;78955;78967;658
Si;5;20260311;194000;78967;78987;78967;78984;178
Si;5;20260311;194500;78971;78979;78955;78956;249
Si;5;20260311;195000;78956;78977;78956;78971;310
Si;5;20260311;195500;78972;78977;78969;78975;425
Si;5;20260311;200000;78975;78975;78943;78949;1355
Si;5;20260311;200500;78949;78956;78923;78951;873
Si;5;20260311;201000;78952;78980;78951;78971;822
Si;5;20260311;201500;78971;78994;78961;78964;733
Si;5;20260311;202000;78964;78984;78964;78978;461
Si;5;20260311;202500;78978;78983;78969;78972;421
Si;5;20260311;203000;78975;78979;78972;78974;94
Si;5;20260311;203500;78974;78974;78934;78959;496
Si;5;20260311;204000;78957;78964;78945;78962;132
Si;5;20260311;204500;78961;78961;78868;78876;2177
Si;5;20260311;205000;78876;78880;78830;78879;3854
Si;5;20260311;205500;78879;78912;78845;78855;1777
Si;5;20260311;210000;78854;78896;78844;78889;915
Si;5;20260311;210500;78889;78891;78841;78860;698
Si;5;20260311;211000;78860;78862;78840;78857;792
Si;5;20260311;211500;78857;78861;78842;78848;511
Si;5;20260311;212000;78851;78869;78847;78847;906
Si;5;20260311;212500;78853;78864;78841;78856;828
Si;5;20260311;213000;78856;78875;78854;78873;230
Si;5;20260311;213500;78877;78893;78877;78891;142
Si;5;20260311;214000;78889;78889;78879;78881;101
Si;5;20260311;214500;78880;78883;78861;78875;122
Si;5;20260311;215000;78875;78885;78868;78869;186
Si;5;20260311;215500;78869;78870;78854;78868;97
Si;5;20260311;220000;78864;78869;78845;78850;243
Si;5;20260311;220500;78851;78861;78848;78850;466
Si;5;20260311;221000;78854;78854;78850;78853;88
Si;5;20260311;221500;78850;78870;78847;78854;241
Si;5;20260311;222000;78860;78862;78844;78844;224
Si;5;20260311;222500;78844;78871;78842;78867;374
Si;5;20260311;223000;78860;78866;78845;78855;330
Si;5;20260311;223500;78858;78903;78847;78894;516
Si;5;20260311;224000;78894;78900;78887;78897;117
Si;5;20260311;224500;78897;78906;78885;78904;189
Si;5;20260311;225000;78905;78905;78885;78890;263
Si;5;20260311;225500;78890;78905;78885;78896;238
Si;5;20260311;230000;78898;78918;78896;78904;350
Si;5;20260311;230500;78907;78915;78895;78903;139
Si;5;20260311;231000;78901;78915;78897;78902;311
Si;5;20260311;231500;78902;78916;78897;78914;229
Si;5;20260311;232000;78915;78921;78915;78919;150
Si;5;20260311;232500;78920;78920;78887;78893;275
Si;5;20260311;233000;78888;78908;78884;78891;272
Si;5;20260311;233500;78890;78907;78885;78886;301
Si;5;20260311;234000;78886;78910;78856;78877;699
Si;5;20260311;234500;78888;78896;78845;78866;1186
Si;5;20260312;085500;78797;78835;78797;78797;392
Si;5;20260312;090000;78797;78798;78649;78695;11165
Si;5;20260312;090500;78695;78751;78665;78731;8754
Si;5;20260312;091000;78726;78762;78711;78750;2866
Si;5;20260312;091500;78749;78755;78725;78725;1941
Si;5;20260312;092000;78727;78835;78720;78812;4063
Si;5;20260312;092500;78819;78878;78802;78802;3278
Si;5;20260312;093000;78802;78803;78780;78796;754
Si;5;20260312;093500;78793;78866;78789;78843;1218
Si;5;20260312;094000;78845;78873;78819;78832;1346
Si;5;20260312;094500;78831;78832;78802;78821;487
Si;5;20260312;095000;78821;78859;78803;78809;1996
Si;5;20260312;095500;78808;78856;78805;78833;1268
Si;5;20260312;100000;78836;78864;78760;78783;9656
Si;5;20260312;100500;78783;78900;78730;78855;17915
Si;5;20260312;101000;78855;78857;78718;78734;12046
Si;5;20260312;101500;78735;78826;78720;78792;11233
Si;5;20260312;102000;78795;78940;78789;78909;12192
Si;5;20260312;102500;78909;79008;78908;78973;11339
Si;5;20260312;103000;78970;79015;78936;78982;14563
Si;5;20260312;103500;78980;78999;78953;78959;10998
Si;5;20260312;104000;78959;78991;78860;78924;14513
Si;5;20260312;104500;78926;78932;78880;78928;8964
Si;5;20260312;105000;78929;78933;78884;78915;7101
Si;5;20260312;105500;78911;78917;78839;78862;9444
Si;5;20260312;110000;78859;78859;78730;78770;16576
Si;5;20260312;110500;78770;78788;78735;78785;11109
Si;5;20260312;111000;78785;78795;78720;78747;9068
Si;5;20260312;111500;78752;78815;78720;78770;13064
Si;5;20260312;112000;78770;78817;78750;78801;7484
Si;5;20260312;112500;78801;78872;78788;78862;9777
Si;5;20260312;113000;78864;78897;78782;78791;12729
Si;5;20260312;113500;78787;78798;78753;78798;9427
Si;5;20260312;114000;78796;78798;78710;78730;13156
Si;5;20260312;114500;78730;78765;78717;78745;8173
Si;5;20260312;115000;78749;78792;78727;78782;6077
Si;5;20260312;115500;78780;78800;78733;78755;6542
Si;5;20260312;120000;78755;78766;78736;78745;5210
Si;5;20260312;120500;78746;78802;78730;78786;7896
Si;5;20260312;121000;78785;78802;78753;78789;6565
Si;5;20260312;121500;78788;78788;78742;78775;6339
Si;5;20260312;122000;78774;78793;78760;78771;5282
Si;5;20260312;122500;78774;78776;78751;78768;4817
Si;5;20260312;123000;78767;78768;78732;78749;4456
Si;5;20260312;123500;78749;78766;78732;78748;5497
Si;5;20260312;124000;78749;78749;78687;78697;13869
Si;5;20260312;124500;78695;78725;78681;78699;9517
Si;5;20260312;125000;78695;78714;78656;78680;8747
Si;5;20260312;125500;78679;78702;78611;78647;12249
Si;5;20260312;130000;78646;78648;78600;78637;12494
Si;5;20260312;130500;78638;78658;78615;78621;8035
Si;5;20260312;131000;78625;78690;78580;78687;15952
Si;5;20260312;131500;78689;78777;78679;78771;10368
Si;5;20260312;132000;78771;78775;78737;78771;5821
Si;5;20260312;132500;78767;78810;78756;78783;8283
Si;5;20260312;133000;78782;78850;78775;78836;6716
Si;5;20260312;133500;78840;78860;78816;78847;8194
Si;5;20260312;134000;78847;78859;78816;78850;7509
Si;5;20260312;134500;78856;78875;78836;78859;6918
Si;5;20260312;135000;78859;78921;78853;78908;12064
Si;5;20260312;135500;78903;78952;78902;78910;12688
Si;5;20260312;140500;78910;78996;78910;78965;12282
Si;5;20260312;141000;78964;78994;78963;78982;6881
Si;5;20260312;141500;78985;78995;78936;78942;8783
Si;5;20260312;142000;78941;78980;78930;78951;8618
Si;5;20260312;142500;78952;78969;78937;78959;6198
Si;5;20260312;143000;78957;78968;78923;78942;10613
Si;5;20260312;143500;78946;78946;78902;78924;7729
Si;5;20260312;144000;78927;78946;78914;78927;4804
Si;5;20260312;144500;78927;78980;78923;78960;8175
Si;5;20260312;145000;78962;79079;78959;79048;25244
Si;5;20260312;145500;79049;79220;79049;79118;38794
Si;5;20260312;150000;79118;79149;79070;79083;16652
Si;5;20260312;150500;79088;79098;79027;79038;9946
Si;5;20260312;151000;79040;79076;79040;79070;6941
Si;5;20260312;151500;79070;79072;79031;79060;5836
Si;5;20260312;152000;79060;79061;78998;79036;6482
Si;5;20260312;152500;79037;79176;79032;79164;12074
Si;5;20260312;153000;79164;79219;79119;79190;12403
Si;5;20260312;153500;79192;79255;79150;79248;13541
Si;5;20260312;154000;79247;79273;79230;79261;12028
Si;5;20260312;154500;79263;79300;79230;79239;14468
Si;5;20260312;155000;79239;79298;79235;79258;9029
Si;5;20260312;155500;79258;79270;79210;79219;14357
Si;5;20260312;160000;79223;79285;79223;79250;13705
Si;5;20260312;160500;79250;79272;79206;79253;18305
Si;5;20260312;161000;79259;79370;79258;79359;26226
Si;5;20260312;161500;79361;79469;79345;79461;34850
Si;5;20260312;162000;79463;79527;79302;79413;32313
Si;5;20260312;162500;79414;79450;79391;79446;14890
Si;5;20260312;163000;79446;79449;79411;79443;8481
Si;5;20260312;163500;79445;79485;79429;79478;10684
Si;5;20260312;164000;79478;79544;79457;79476;17397
Si;5;20260312;164500;79477;79541;79468;79516;9970
Si;5;20260312;165000;79515;79516;79423;79513;16351
Si;5;20260312;165500;79512;79544;79502;79535;11002
Si;5;20260312;170000;79536;79590;79520;79575;22988
Si;5;20260312;170500;79576;79622;79570;79583;17160
Si;5;20260312;171000;79582;79613;79555;79573;9554
Si;5;20260312;171500;79575;79676;79527;79654;16743
Si;5;20260312;172000;79655;79663;79580;79584;5461
Si;5;20260312;172500;79585;79635;79559;79627;7752
Si;5;20260312;173000;79626;79692;79613;79649;12429
Si;5;20260312;173500;79650;79692;79640;79676;4779
Si;5;20260312;174000;79677;79694;79640;79652;7609
Si;5;20260312;174500;79652;79653;79591;79608;9851
Si;5;20260312;175000;79608;79645;79600;79615;5030
Si;5;20260312;175500;79614;79670;79614;79655;5316
Si;5;20260312;180000;79654;79750;79632;79644;11351
Si;5;20260312;180500;79642;79644;79500;79555;12898
Si;5;20260312;181000;79556;79595;79505;79567;3994
Si;5;20260312;181500;79566;79624;79538;79582;5110
Si;5;20260312;182000;79584;79637;79570;79606;3462
Si;5;20260312;182500;79607;79644;79567;79581;3832
Si;5;20260312;183000;79584;79585;79525;79546;4325
Si;5;20260312;183500;79546;79593;79543;79582;2653
Si;5;20260312;184000;79581;79597;79552;79555;2954
Si;5;20260312;184500;79567;79568;79524;79553;2506
Si;5;20260312;190500;79520;79595;79520;79584;2523
Si;5;20260312;191000;79584;79598;79568;79594;2439
Si;5;20260312;191500;79595;79598;79558;79571;2808
Si;5;20260312;192000;79572;79579;79543;79558;1534
Si;5;20260312;192500;79556;79573;79534;79569;888
Si;5;20260312;193000;79570;79575;79564;79575;800
Si;5;20260312;193500;79575;79616;79574;79604;1277
Si;5;20260312;194000;79601;79606;79555;79565;587
Si;5;20260312;194500;79564;79582;79543;79549;1313
Si;5;20260312;195000;79551;79585;79544;79585;953
Si;5;20260312;195500;79582;79590;79574;79574;460
Si;5;20260312;200000;79574;79604;79556;79586;2548
Si;5;20260312;200500;79586;79683;79586;79606;3751
Si;5;20260312;201000;79607;79621;79598;79621;2525
Si;5;20260312;201500;79621;79648;79612;79631;897
Si;5;20260312;202000;79630;79631;79622;79630;369
Si;5;20260312;202500;79627;79627;79608;79624;624
Si;5;20260312;203000;79625;79630;79620;79624;245
Si;5;20260312;203500;79624;79625;79612;79613;873
Si;5;20260312;204000;79614;79646;79613;79630;897
Si;5;20260312;204500;79631;79650;79630;79639;472
Si;5;20260312;205000;79639;79659;79631;79658;258
Si;5;20260312;205500;79660;79683;79659;79675;587
Si;5;20260312;210000;79676;79685;79676;79680;541
Si;5;20260312;210500;79683;79684;79672;79672;372
Si;5;20260312;211000;79672;79677;79655;79671;401
Si;5;20260312;211500;79673;79673;79652;79659;371
Si;5;20260312;212000;79659;79677;79645;79652;1215
Si;5;20260312;212500;79652;79679;79649;79668;415
Si;5;20260312;213000;79669;79669;79647;79651;312
Si;5;20260312;213500;79648;79669;79645;79661;204
Si;5;20260312;214000;79659;79659;79637;79641;368
Si;5;20260312;214500;79639;79648;79635;79646;237
Si;5;20260312;215000;79646;79668;79639;79661;967
Si;5;20260312;215500;79659;79685;79641;79678;1219
Si;5;20260312;220000;79680;79690;79664;79682;1036
Si;5;20260312;220500;79682;79700;79673;79677;1008
Si;5;20260312;221000;79675;79676;79649;79650;714
Si;5;20260312;221500;79645;79650;79640;79644;226
Si;5;20260312;222000;79647;79650;79644;79646;228
Si;5;20260312;222500;79649;79649;79643;79644;87
Si;5;20260312;223000;79646;79650;79645;79650;160
Si;5;20260312;223500;79650;79650;79646;79649;72
Si;5;20260312;224000;79649;79650;79646;79650;724
Si;5;20260312;224500;79651;79652;79649;79649;152
Si;5;20260312;225000;79649;79654;79641;79641;294
Si;5;20260312;225500;79641;79641;79633;79637;290
Si;5;20260312;230000;79634;79634;79613;79615;518
Si;5;20260312;230500;79616;79619;79600;79608;1409
Si;5;20260312;231000;79606;79608;79579;79590;831
Si;5;20260312;231500;79591;79622;79591;79610;337
Si;5;20260312;232000;79611;79648;79601;79641;427
Si;5;20260312;232500;79634;79642;79631;79639;193
Si;5;20260312;233000;79639;79641;79609;79609;474
Si;5;20260312;233500;79609;79612;79596;79607;248
Si;5;20260312;234000;79607;79640;79558;79572;1507
Si;5;20260312;234500;79565;79600;79562;79599;1047
Si;5;20260313;085500;79573;79600;79573;79573;1551
Si;5;20260313;090000;79572;79717;79545;79664;9117
Si;5;20260313;090500;79663;79790;79641;79760;5888
Si;5;20260313;091000;79760;79775;79704;79713;3366
Si;5;20260313;091500;79711;79783;79711;79749;2686
Si;5;20260313;092000;79758;79822;79742;79789;5306
Si;5;20260313;092500;79790;79792;79764;79774;1723
Si;5;20260313;093000;79772;79794;79765;79774;1698
Si;5;20260313;093500;79774;79835;79771;79833;2547
Si;5;20260313;094000;79830;79860;79803;79820;4482
Si;5;20260313;094500;79820;79824;79698;79754;9279
Si;5;20260313;095000;79754;79886;79746;79869;8085
Si;5;20260313;095500;79862;79890;79857;79864;4084
Si;5;20260313;100000;79864;79978;79860;79970;20137
Si;5;20260313;100500;79970;79971;79710;79720;23155
Si;5;20260313;101000;79720;79720;79596;79619;22901
Si;5;20260313;101500;79624;79730;79603;79720;16956
Si;5;20260313;102000;79721;79787;79682;79734;15023
Si;5;20260313;102500;79732;79776;79664;79766;20597
Si;5;20260313;103000;79764;79766;79653;79676;9473
Si;5;20260313;103500;79674;79792;79667;79730;11148
Si;5;20260313;104000;79730;79741;79694;79706;7877
Si;5;20260313;104500;79707;79734;79657;79730;10584
Si;5;20260313;105000;79730;79842;79723;79839;11207
Si;5;20260313;105500;79839;79842;79777;79799;6811
Si;5;20260313;110000;79797;79892;79787;79877;12249
Si;5;20260313;110500;79872;79949;79861;79914;13546
Si;5;20260313;111000;79918;79963;79916;79943;9230
Si;5;20260313;111500;79947;79966;79875;79886;11209
Si;5;20260313;112000;79885;79955;79860;79953;9131
Si;5;20260313;112500;79956;80025;79954;80015;18464
Si;5;20260313;113000;80017;80050;79967;79981;13731
Si;5;20260313;113500;79981;80031;79965;79987;8842
Si;5;20260313;114000;79987;80050;79940;80044;10340
Si;5;20260313;114500;80044;80066;80005;80010;8519
Si;5;20260313;115000;80012;80014;79913;79928;11780
Si;5;20260313;115500;79928;79955;79924;79945;5653
Si;5;20260313;120000;79945;79957;79865;79899;10410
Si;5;20260313;120500;79900;79911;79874;79909;6379
Si;5;20260313;121000;79905;79951;79894;79948;9770
Si;5;20260313;121500;79949;79982;79943;79972;8500
Si;5;20260313;122000;79973;79987;79918;79950;5696
Si;5;20260313;122500;79950;79969;79940;79956;5496
Si;5;20260313;123000;79956;79986;79931;79973;8381
Si;5;20260313;123500;79973;79977;79903;79958;8313
Si;5;20260313;124000;79954;79962;79820;79859;20703
Si;5;20260313;124500;79860;79897;79842;79895;8573
Si;5;20260313;125000;79891;79910;79880;79910;6393
Si;5;20260313;125500;79910;79954;79897;79954;5678
Si;5;20260313;130000;79954;79963;79898;79899;7118
Si;5;20260313;130500;79899;79934;79865;79910;6654
Si;5;20260313;131000;79906;79926;79855;79923;6598
Si;5;20260313;131500;79926;79990;79920;79987;5078
Si;5;20260313;132000;79990;80057;79922;80009;16150
Si;5;20260313;132500;80008;80028;79956;80023;6251
Si;5;20260313;133000;80021;80121;80020;80095;13110
Si;5;20260313;133500;80095;80149;80093;80148;11575
Si;5;20260313;134000;80148;80163;80113;80150;9264
Si;5;20260313;134500;80149;80160;80106;80130;7729
Si;5;20260313;135000;80133;80149;80101;80146;6250
Si;5;20260313;135500;80145;80193;80113;80113;10631
Si;5;20260313;140500;80133;80148;80062;80125;16580
Si;5;20260313;141000;80124;80200;80121;80198;7893
Si;5;20260313;141500;80197;80199;80150;80164;6953
Si;5;20260313;142000;80165;80167;80113;80124;5668
Si;5;20260313;142500;80124;80131;80091;80130;7608
Si;5;20260313;143000;80125;80145;80091;80120;5731
Si;5;20260313;143500;80118;80162;80109;80141;5883
Si;5;20260313;144000;80142;80152;80106;80128;5708
Si;5;20260313;144500;80129;80129;80071;80074;7245
Si;5;20260313;145000;80074;80158;80041;80157;11367
Si;5;20260313;145500;80158;80213;80153;80187;9504
Si;5;20260313;150000;80186;80197;80170;80181;5857
Si;5;20260313;150500;80181;80209;80120;80209;9027
Si;5;20260313;151000;80209;80230;80163;80180;9074
Si;5;20260313;151500;80182;80288;80170;80249;13009
Si;5;20260313;152000;80249;80300;80241;80300;10414
Si;5;20260313;152500;80300;80321;80099;80148;17831
Si;5;20260313;153000;80153;80190;80066;80163;17126
Si;5;20260313;153500;80163;80197;80127;80138;9482
Si;5;20260313;154000;80137;80179;80116;80164;10543
Si;5;20260313;154500;80164;80250;80161;80241;10603
Si;5;20260313;155000;80245;80315;80223;80264;11285
Si;5;20260313;155500;80263;80300;80244;80273;11835
Si;5;20260313;160000;80273;80290;80219;80228;9572
Si;5;20260313;160500;80227;80254;80194;80194;6172
Si;5;20260313;161000;80194;80202;80085;80096;10693
Si;5;20260313;161500;80099;80119;80042;80042;10040
Si;5;20260313;162000;80041;80083;80006;80073;8969
Si;5;20260313;162500;80073;80080;80044;80054;7666
Si;5;20260313;163000;80054;80066;80014;80022;6931
Si;5;20260313;163500;80023;80029;79979;80014;9204
Si;5;20260313;164000;80015;80074;80007;80051;9203
Si;5;20260313;164500;80053;80110;80000;80104;12574
Si;5;20260313;165000;80107;80120;80093;80098;6124
Si;5;20260313;165500;80097;80135;80086;80135;6521
Si;5;20260313;170000;80134;80201;80098;80177;8696
Si;5;20260313;170500;80179;80201;80080;80086;6561
Si;5;20260313;171000;80086;80089;80003;80014;8607
Si;5;20260313;171500;80015;80016;79911;79981;15713
Si;5;20260313;172000;79981;80062;79949;80059;8232
Si;5;20260313;172500;80057;80091;80022;80026;10350
Si;5;20260313;173000;80027;80045;79990;80012;4485
Si;5;20260313;173500;80012;80014;79893;79901;6816
Si;5;20260313;174000;79903;79954;79773;79778;14912
Si;5;20260313;174500;79774;79830;79740;79804;12499
Si;5;20260313;175000;79804;79880;79788;79836;5718
Si;5;20260313;175500;79834;79906;79830;79896;4933
Si;5;20260313;180000;79897;80000;79874;79931;6014
Si;5;20260313;180500;79930;79970;79889;79918;3676
Si;5;20260313;181000;79911;79950;79876;79942;3697
Si;5;20260313;181500;79947;80003;79932;79995;4703
Si;5;20260313;182000;79995;80025;79953;80025;3855
Si;5;20260313;182500;80026;80033;79986;79996;3807
Si;5;20260313;183000;79996;80015;79989;80014;1735
Si;5;20260313;183500;80012;80074;80001;80071;3496
Si;5;20260313;184000;80070;80147;80062;80137;4208
Si;5;20260313;184500;80133;80143;80093;80096;4211
Si;5;20260313;190500;80127;80149;80078;80096;2708
Si;5;20260313;191000;80097;80108;80044;80078;1629
Si;5;20260313;191500;80073;80074;80040;80067;845
Si;5;20260313;192000;80067;80083;80055;80067;644
Si;5;20260313;192500;80070;80108;80070;80108;512
Si;5;20260313;193000;80108;80133;80103;80127;733
Si;5;20260313;193500;80127;80159;80127;80137;726
Si;5;20260313;194000;80136;80158;80086;80086;887
Si;5;20260313;194500;80085;80095;80078;80080;242
Si;5;20260313;195000;80085;80085;80061;80061;353
Si;5;20260313;195500;80060;80080;80060;80080;339
Si;5;20260313;200000;80081;80098;80072;80095;418
Si;5;20260313;200500;80097;80149;80097;80134;591
Si;5;20260313;201000;80125;80173;80124;80157;755
Si;5;20260313;201500;80159;80183;80155;80170;660
Si;5;20260313;202000;80170;80170;80129;80153;917
Si;5;20260313;202500;80151;80163;80140;80140;393
Si;5;20260313;203000;80143;80176;80135;80148;361
Si;5;20260313;203500;80148;80159;80124;80134;419
Si;5;20260313;204000;80134;80134;80086;80103;600
Si;5;20260313;204500;80097;80110;80085;80094;229
Si;5;20260313;205000;80093;80101;80089;80094;149
Si;5;20260313;205500;80094;80100;80090;80099;183
Si;5;20260313;210000;80098;80136;80089;80136;364
Si;5;20260313;210500;80136;80148;80134;80148;225
Si;5;20260313;211000;80148;80155;80138;80138;339
Si;5;20260313;211500;80138;80175;80136;80165;747
Si;5;20260313;212000;80168;80168;80161;80162;195
Si;5;20260313;212500;80160;80165;80146;80150;271
Si;5;20260313;213000;80149;80150;80139;80139;253
Si;5;20260313;213500;80140;80148;80128;80140;316
Si;5;20260313;214000;80138;80148;80135;80146;200
Si;5;20260313;214500;80147;80149;80142;80145;179
Si;5;20260313;215000;80143;80149;80142;80149;121
Si;5;20260313;215500;80149;80160;80147;80152;613
Si;5;20260313;220000;80159;80162;80142;80153;284
Si;5;20260313;220500;80149;80166;80139;80153;448
Si;5;20260313;221000;80155;80162;80144;80145;315
Si;5;20260313;221500;80147;80151;80145;80150;192
Si;5;20260313;222000;80149;80151;80140;80140;241
Si;5;20260313;222500;80140;80140;80130;80131;513
Si;5;20260313;223000;80131;80145;80130;80145;368
Si;5;20260313;223500;80145;80146;80142;80146;211
Si;5;20260313;224000;80148;80162;80147;80160;402
Si;5;20260313;224500;80160;80162;80154;80157;364
Si;5;20260313;225000;80157;80167;80156;80166;206
Si;5;20260313;225500;80166;80183;80166;80183;277
Si;5;20260313;230000;80181;80194;80176;80190;603
Si;5;20260313;230500;80192;80194;80181;80182;351
Si;5;20260313;231000;80182;80182;80161;80163;379
Si;5;20260313;231500;80168;80170;80163;80165;39
Si;5;20260313;232000;80165;80169;80159;80164;274
Si;5;20260313;232500;80163;80184;80161;80179;296
Si;5;20260313;233000;80173;80181;80166;80181;257
Si;5;20260313;233500;80183;80189;80170;80185;302
Si;5;20260313;234000;80186;80198;80171;80186;546
Si;5;20260313;234500;80189;80200;80155;80160;1833
Si;5;20260316;085500;80126;80209;80126;80169;77
Si;5;20260316;090000;80164;80224;80110;80185;6888
Si;5;20260316;090500;80186;80309;80175;80253;9220
Si;5;20260316;091000;80253;80277;80220;80245;5088
Si;5;20260316;091500;80244;80249;80207;80221;2768
Si;5;20260316;092000;80225;80232;80212;80219;2677
Si;5;20260316;092500;80219;80223;80207;80217;2369
Si;5;20260316;093000;80215;80235;80207;80232;5343
Si;5;20260316;093500;80232;80330;80226;80282;5909
Si;5;20260316;094000;80283;80300;80230;80231;3060
Si;5;20260316;094500;80231;80242;80229;80231;1090
Si;5;20260316;095000;80229;80233;80170;80194;5919
Si;5;20260316;095500;80194;80194;80122;80132;5097
Si;5;20260316;100000;80134;80190;80073;80082;15844
Si;5;20260316;100500;80082;80082;79868;79877;14652
Si;5;20260316;101000;79875;79917;79819;79913;24801
Si;5;20260316;101500;79913;80000;79878;79994;21120
Si;5;20260316;102000;79994;80259;79990;80259;24692
Si;5;20260316;102500;80259;80378;80259;80352;21015
Si;5;20260316;103000;80352;80400;80308;80350;15584
Si;5;20260316;103500;80354;80483;80351;80483;16105
Si;5;20260316;104000;80480;80511;80423;80456;14973
Si;5;20260316;104500;80455;80547;80453;80477;13686
Si;5;20260316;105000;80472;80515;80460;80508;12746
Si;5;20260316;105500;80505;80515;80485;80500;10024
Si;5;20260316;110000;80500;80505;80439;80487;10442
Si;5;20260316;110500;80485;80515;80464;80469;11457
Si;5;20260316;111000;80465;80515;80450;80505;13002
Si;5;20260316;111500;80502;80510;80415;80430;11422
Si;5;20260316;112000;80432;80468;80387;80447;11599
Si;5;20260316;112500;80448;80495;80442;80494;6757
Si;5;20260316;113000;80492;80578;80491;80545;14411
Si;5;20260316;113500;80545;80578;80505;80529;8032
Si;5;20260316;114000;80532;80539;80497;80530;8008
Si;5;20260316;114500;80530;80530;80402;80467;16042
Si;5;20260316;115000;80464;80500;80455;80463;5374
Si;5;20260316;115500;80463;80509;80420;80500;5888
Si;5;20260316;120000;80500;80504;80446;80470;8006
Si;5;20260316;120500;80468;80520;80468;80490;9498
Si;5;20260316;121000;80489;80570;80487;80554;7461
Si;5;20260316;121500;80553;80620;80544;80620;11055
Si;5;20260316;122000;80620;80633;80568;80574;9164
Si;5;20260316;122500;80580;80620;80578;80596;8517
Si;5;20260316;123000;80594;80610;80548;80583;11155
Si;5;20260316;123500;80582;80655;80579;80644;11837
Si;5;20260316;124000;80644;80717;80640;80717;9261
Si;5;20260316;124500;80715;80739;80660;80664;12991
Si;5;20260316;125000;80662;80691;80621;80665;10160
Si;5;20260316;125500;80664;80704;80647;80662;8704
Si;5;20260316;130000;80663;80672;80561;80573;9133
Si;5;20260316;130500;80574;80664;80565;80651;7052
Si;5;20260316;131000;80649;80694;80641;80676;8079
Si;5;20260316;131500;80675;80693;80653;80693;7515
Si;5;20260316;132000;80693;80715;80658;80676;8648
Si;5;20260316;132500;80676;80715;80666;80710;6115
Si;5;20260316;133000;80710;80744;80703;80743;6864
Si;5;20260316;133500;80743;80750;80700;80710;12197
Si;5;20260316;134000;80711;80737;80705;80735;6476
Si;5;20260316;134500;80736;80760;80734;80749;9535
Si;5;20260316;135000;80748;80756;80708;80743;12084
Si;5;20260316;135500;80740;80800;80740;80784;9952
Si;5;20260316;140500;80784;80822;80699;80773;15702
Si;5;20260316;141000;80773;80815;80700;80767;21157
Si;5;20260316;141500;80769;80792;80684;80698;15431
Si;5;20260316;142000;80700;80746;80688;80712;11820
Si;5;20260316;142500;80712;80736;80651;80676;11008
Si;5;20260316;143000;80675;80750;80635;80750;12008
Si;5;20260316;143500;80746;80844;80745;80824;12406
Si;5;20260316;144000;80827;80840;80782;80803;8199
Si;5;20260316;144500;80803;80835;80802;80831;8750
Si;5;20260316;145000;80831;80890;80830;80880;6600
Si;5;20260316;145500;80880;80940;80879;80926;8509
Si;5;20260316;150000;80928;80946;80822;80835;11332
Si;5;20260316;150500;80839;80986;80824;80985;8700
Si;5;20260316;151000;80985;81086;80954;81032;13453
Si;5;20260316;151500;81033;81067;81001;81003;7913
Si;5;20260316;152000;81008;81035;80916;80982;8431
Si;5;20260316;152500;80977;80994;80940;80981;6025
Si;5;20260316;153000;80984;81018;80936;81015;6688
Si;5;20260316;153500;81016;81130;81015;81062;11583
Si;5;20260316;154000;81057;81175;81057;81170;8788
Si;5;20260316;154500;81171;81205;81115;81136;8559
Si;5;20260316;155000;81136;81199;81134;81170;6931
Si;5;20260316;155500;81169;81180;81097;81123;7365
Si;5;20260316;160000;81123;81141;80954;80982;11710
Si;5;20260316;160500;80982;81028;80936;80959;8531
Si;5;20260316;161000;80962;81048;80959;81041;6642
Si;5;20260316;161500;81041;81068;80992;81055;6089
Si;5;20260316;162000;81057;81094;81016;81078;9205
Si;5;20260316;162500;81073;81085;80981;80996;7344
Si;5;20260316;163000;80994;81040;80962;81030;7737
Si;5;20260316;163500;81029;81050;80956;80980;7480
Si;5;20260316;164000;80980;80985;80869;80875;9374
Si;5;20260316;164500;80871;80929;80788;80867;14732
Si;5;20260316;165000;80867;80902;80735;80747;15205
Si;5;20260316;165500;80746;80857;80725;80844;18611
Si;5;20260316;170000;80848;80855;80731;80767;12127
Si;5;20260316;170500;80764;80836;80763;80827;7833
Si;5;20260316;171000;80826;80843;80761;80806;9835
Si;5;20260316;171500;80806;80876;80802;80838;8421
Si;5;20260316;172000;80839;80931;80801;80823;12806
Si;5;20260316;172500;80823;80869;80737;80745;12437
Si;5;20260316;173000;80747;80808;80737;80768;23964
Si;5;20260316;173500;80768;80789;80733;80768;23988
Si;5;20260316;174000;80772;80920;80772;80920;14409
Si;5;20260316;174500;80920;80950;80905;80923;14039
Si;5;20260316;175000;80923;80963;80907;80963;10682
Si;5;20260316;175500;80963;80963;80940;80960;9591
Si;5;20260316;180000;80960;80990;80960;80990;10661
Si;5;20260316;180500;80990;81006;80924;80965;9017
Si;5;20260316;181000;80964;81080;80957;81080;7588
Si;5;20260316;181500;81080;81159;81064;81126;11588
Si;5;20260316;182000;81129;81148;81101;81137;7342
Si;5;20260316;182500;81132;81141;81080;81137;7344
Si;5;20260316;183000;81134;81150;81071;81150;7793
Si;5;20260316;183500;81149;81192;81143;81182;7138
Si;5;20260316;184000;81178;81190;81152;81188;6962
Si;5;20260316;184500;81188;81200;81156;81190;8262
Si;5;20260316;190500;81152;81294;81101;81290;9798
Si;5;20260316;191000;81290;81389;81282;81320;6065
Si;5;20260316;191500;81320;81320;81286;81312;3365
Si;5;20260316;192000;81310;81313;81249;81299;3721
Si;5;20260316;192500;81300;81370;81293;81364;1738
Si;5;20260316;193000;81363;81371;81347;81362;1683
Si;5;20260316;193500;81363;81378;81346;81370;1044
Si;5;20260316;194000;81372;81386;81360;81369;948
Si;5;20260316;194500;81365;81409;81362;81398;2254
Si;5;20260316;195000;81398;81425;81356;81363;2085
Si;5;20260316;195500;81362;81395;81356;81376;1426
Si;5;20260316;200000;81379;81380;81356;81366;1062
Si;5;20260316;200500;81359;81362;81320;81336;1729
Si;5;20260316;201000;81336;81350;81320;81338;1234
Si;5;20260316;201500;81338;81383;81323;81371;1490
Si;5;20260316;202000;81378;81429;81353;81419;1111
Si;5;20260316;202500;81419;81463;81417;81452;2633
Si;5;20260316;203000;81443;81478;81440;81464;1348
Si;5;20260316;203500;81465;81472;81395;81402;898
Si;5;20260316;204000;81402;81402;81349;81361;948
Si;5;20260316;204500;81368;81374;81349;81355;342
Si;5;20260316;205000;81355;81359;81263;81310;2415
Si;5;20260316;205500;81318;81349;81286;81328;1299
Si;5;20260316;210000;81330;81402;81325;81393;1189
Si;5;20260316;210500;81392;81424;81363;81373;1758
Si;5;20260316;211000;81375;81384;81356;81356;670
Si;5;20260316;211500;81355;81360;81336;81341;787
Si;5;20260316;212000;81344;81357;81335;81339;247
Si;5;20260316;212500;81339;81359;81328;81331;962
Si;5;20260316;213000;81333;81380;81319;81359;852
Si;5;20260316;213500;81355;81362;81347;81359;215
Si;5;20260316;214000;81354;81355;81253;81253;2264
Si;5;20260316;214500;81256;81256;81212;81215;2532
Si;5;20260316;215000;81215;81244;81205;81244;1181
Si;5;20260316;215500;81245;81270;81238;81264;1329
Si;5;20260316;220000;81263;81270;81211;81229;827
Si;5;20260316;220500;81227;81231;81180;81205;1618
Si;5;20260316;221000;81201;81251;81190;81240;1108
Si;5;20260316;221500;81242;81244;81209;81223;794
Si;5;20260316;222000;81230;81242;81216;81231;874
Si;5;20260316;222500;81237;81286;81228;81267;1193
Si;5;20260316;223000;81261;81277;81256;81259;1065
Si;5;20260316;223500;81260;81272;81241;81244;1448
Si;5;20260316;224000;81253;81263;81250;81258;303
Si;5;20260316;224500;81257;81264;81228;81235;947
Si;5;20260316;225000;81235;81236;81221;81225;515
Si;5;20260316;225500;81221;81269;81221;81265;1010
Si;5;20260316;230000;81265;81280;81250;81261;335
Si;5;20260316;230500;81262;81275;81262;81267;137
Si;5;20260316;231000;81267;81312;81267;81312;834
Si;5;20260316;231500;81311;81328;81310;81316;468
Si;5;20260316;232000;81319;81342;81302;81310;712
Si;5;20260316;232500;81310;81312;81221;81224;1027
Si;5;20260316;233000;81224;81268;81200;81248;1049
Si;5;20260316;233500;81246;81246;81234;81235;125
Si;5;20260316;234000;81241;81252;81195;81221;1068
Si;5;20260316;234500;81220;81255;81200;81255;468
Si;5;20260317;085500;81260;81260;81260;81260;6
Si;5;20260317;090000;81255;81349;81198;81347;3444
Si;5;20260317;090500;81347;81368;81281;81308;2103
Si;5;20260317;091000;81309;81384;81308;81346;1842
Si;5;20260317;091500;81348;81397;81335;81344;1496
Si;5;20260317;092000;81345;81357;81327;81337;1368
Si;5;20260317;092500;81339;81364;81263;81265;2398
Si;5;20260317;093000;81263;81309;81184;81228;5747
Si;5;20260317;093500;81227;81273;81170;81193;2946
Si;5;20260317;094000;81193;81261;81139;81240;4234
Si;5;20260317;094500;81238;81279;81207;81260;1780
Si;5;20260317;095000;81257;81264;81170;81193;2405
Si;5;20260317;095500;81192;81248;81166;81208;2818
Si;5;20260317;100000;81209;81346;81174;81300;16585
Si;5;20260317;100500;81298;81569;81238;81512;21211
Si;5;20260317;101000;81513;81575;81251;81334;27330
Si;5;20260317;101500;81332;81393;81227;81297;21349
Si;5;20260317;102000;81291;81326;81048;81078;28021
Si;5;20260317;102500;81080;81210;81052;81187;19072
Si;5;20260317;103000;81185;81237;81158;81177;13352
Si;5;20260317;103500;81180;81200;81145;81156;7835
Si;5;20260317;104000;81156;81231;81134;81224;13114
Si;5;20260317;104500;81227;81306;81223;81246;11293
Si;5;20260317;105000;81245;81348;81243;81340;14446
Si;5;20260317;105500;81340;81506;81338;81506;14446
Si;5;20260317;110000;81504;81530;81425;81446;19992
Si;5;20260317;110500;81444;81483;81357;81409;28950
Si;5;20260317;111000;81410;81482;81401;81475;13269
Si;5;20260317;111500;81475;81480;81432;81440;13083
Si;5;20260317;112000;81440;81477;81434;81466;17170
Si;5;20260317;112500;81468;81518;81444;81458;31499
Si;5;20260317;113000;81458;81605;81441;81564;25422
Si;5;20260317;113500;81566;81660;81533;81585;15551
Si;5;20260317;114000;81586;81635;81552;81635;11948
Si;5;20260317;114500;81635;81695;81600;81629;16597
Si;5;20260317;115000;81629;81681;81550;81667;14856
Si;5;20260317;115500;81667;81689;81605;81631;19728
Si;5;20260317;120000;81632;81750;81616;81685;21811
Si;5;20260317;120500;81684;81777;81674;81721;17922
Si;5;20260317;121000;81724;81773;81709;81738;17300
Si;5;20260317;121500;81738;81769;81706;81724;15984
Si;5;20260317;122000;81725;81725;81628;81661;16978
Si;5;20260317;122500;81661;81674;81626;81656;17307
Si;5;20260317;123000;81656;81700;81650;81699;8453
Si;5;20260317;123500;81700;81700;81641;81674;13145
Si;5;20260317;124000;81674;81709;81671;81695;12303
Si;5;20260317;124500;81698;81708;81650;81688;13157
Si;5;20260317;125000;81689;81717;81625;81671;13081
Si;5;20260317;125500;81671;81726;81651;81721;21063
Si;5;20260317;130000;81719;81755;81711;81741;12070
Si;5;20260317;130500;81741;81800;81720;81784;11942
Si;5;20260317;131000;81783;81790;81711;81765;9763
Si;5;20260317;131500;81764;81837;81751;81823;7895
Si;5;20260317;132000;81822;81826;81781;81812;10358
Si;5;20260317;132500;81812;81855;81811;81841;12007
Si;5;20260317;133000;81841;81859;81772;81825;11192
Si;5;20260317;133500;81827;81849;81821;81849;7969
Si;5;20260317;134000;81847;81856;81803;81825;8094
Si;5;20260317;134500;81825;81849;81808;81847;5172
Si;5;20260317;135000;81845;81878;81841;81872;6087
Si;5;20260317;135500;81872;81874;81849;81855;6796
Si;5;20260317;140500;81854;81868;81851;81865;5168
Si;5;20260317;141000;81865;81926;81850;81917;11681
Si;5;20260317;141500;81918;81936;81891;81919;8807
Si;5;20260317;142000;81917;81929;81871;81878;7793
Si;5;20260317;142500;81880;81887;81784;81790;7943
Si;5;20260317;143000;81792;81828;81740;81780;14628
Si;5;20260317;143500;81780;81792;81737;81739;8790
Si;5;20260317;144000;81740;81786;81725;81737;10572
Si;5;20260317;144500;81737;81748;81638;81664;13183
Si;5;20260317;145000;81661;81702;81654;81694;6780
Si;5;20260317;145500;81697;81795;81693;81767;9128
Si;5;20260317;150000;81768;81796;81764;81784;6763
Si;5;20260317;150500;81784;81795;81753;81774;5857
Si;5;20260317;151000;81773;81777;81754;81766;5512
Si;5;20260317;151500;81767;81789;81744;81786;8179
Si;5;20260317;152000;81789;81838;81771;81828;11309
Si;5;20260317;152500;81827;81987;81827;81983;12942
Si;5;20260317;153000;81981;82000;81960;81996;8934
Si;5;20260317;153500;81996;82067;81987;82059;11437
Si;5;20260317;154000;82059;82104;82041;82091;12216
Si;5;20260317;154500;82091;82132;82035;82073;11153
Si;5;20260317;155000;82073;82112;82072;82095;8692
Si;5;20260317;155500;82098;82108;82065;82106;8693
Si;5;20260317;160000;82107;82108;82015;82101;16172
Si;5;20260317;160500;82101;82127;82084;82101;14927
Si;5;20260317;161000;82104;82188;82063;82175;18520
Si;5;20260317;161500;82174;82176;82067;82069;10966
Si;5;20260317;162000;82070;82073;82009;82064;14903
Si;5;20260317;162500;82063;82089;82048;82072;10006
Si;5;20260317;163000;82072;82074;81997;81997;11872
Si;5;20260317;163500;81997;82127;81997;82116;20714
Si;5;20260317;164000;82111;82170;82091;82127;11781
Si;5;20260317;164500;82123;82126;82054;82059;7503
Si;5;20260317;165000;82058;82082;82028;82038;6783
Si;5;20260317;165500;82038;82150;82037;82129;8539
Si;5;20260317;170000;82129;82143;82106;82112;5198
Si;5;20260317;170500;82113;82119;82057;82101;7016
Si;5;20260317;171000;82101;82150;82097;82150;11285
Si;5;20260317;171500;82150;82150;82133;82144;6941
Si;5;20260317;172000;82144;82150;82108;82144;6452
Si;5;20260317;172500;82146;82188;82115;82175;12793
Si;5;20260317;173000;82172;82243;82136;82143;14021
Si;5;20260317;173500;82143;82235;82131;82235;8711
Si;5;20260317;174000;82235;82269;82169;82180;9711
Si;5;20260317;174500;82180;82248;82135;82248;9337
Si;5;20260317;175000;82248;82266;82194;82242;7383
Si;5;20260317;175500;82242;82253;82126;82159;11932
Si;5;20260317;180000;82158;82200;82071;82093;9371
Si;5;20260317;180500;82091;82222;82053;82219;6579
Si;5;20260317;181000;82215;82289;82182;82278;9017
Si;5;20260317;181500;82277;82333;82258;82272;9109
Si;5;20260317;182000;82272;82388;82270;82362;5008
Si;5;20260317;182500;82364;82393;82300;82349;8075
Si;5;20260317;183000;82345;82372;82325;82350;3652
Si;5;20260317;183500;82351;82351;82261;82300;5689
Si;5;20260317;184000;82301;82393;82290;82384;6444
Si;5;20260317;184500;82386;82422;82350;82364;7067
Si;5;20260317;190500;82402;82427;82323;82394;5029
Si;5;20260317;191000;82405;82434;82388;82391;1977
Si;5;20260317;191500;82391;82403;82364;82365;1276
Si;5;20260317;192000;82365;82365;82263;82277;2634
Si;5;20260317;192500;82278;82299;82242;82270;2949
Si;5;20260317;193000;82269;82375;82268;82371;2828
Si;5;20260317;193500;82373;82375;82289;82290;1861
Si;5;20260317;194000;82293;82310;82266;82266;1074
Si;5;20260317;194500;82272;82299;82259;82291;1379
Si;5;20260317;195000;82291;82291;82258;82260;757
Si;5;20260317;195500;82264;82299;82263;82297;1639
Si;5;20260317;200000;82293;82299;82272;82293;754
Si;5;20260317;200500;82295;82300;82283;82284;668
Si;5;20260317;201000;82286;82290;82277;82286;444
Si;5;20260317;201500;82284;82294;82280;82286;405
Si;5;20260317;202000;82286;82300;82284;82288;378
Si;5;20260317;202500;82284;82289;82272;82277;314
Si;5;20260317;203000;82275;82283;82255;82255;591
Si;5;20260317;203500;82255;82270;82247;82252;1006
Si;5;20260317;204000;82255;82300;82255;82281;546
Si;5;20260317;204500;82288;82296;82275;82285;489
Si;5;20260317;205000;82285;82291;82265;82270;622
Si;5;20260317;205500;82270;82270;82213;82213;2156
Si;5;20260317;210000;82217;82244;82207;82227;1096
Si;5;20260317;210500;82221;82230;82203;82220;533
Si;5;20260317;211000;82217;82224;82204;82214;269
Si;5;20260317;211500;82214;82232;82211;82232;249
Si;5;20260317;212000;82230;82259;82230;82259;427
Si;5;20260317;212500;82259;82301;82259;82301;1196
Si;5;20260317;213000;82301;82307;82296;82306;653
Si;5;20260317;213500;82303;82312;82302;82311;165
Si;5;20260317;214000;82313;82331;82311;82331;686
Si;5;20260317;214500;82331;82334;82325;82331;503
Si;5;20260317;215000;82331;82338;82323;82325;968
Si;5;20260317;215500;82324;82324;82307;82308;397
Si;5;20260317;220000;82307;82307;82300;82301;260
Si;5;20260317;220500;82301;82303;82275;82277;436
Si;5;20260317;221000;82277;82293;82267;82285;770
Si;5;20260317;221500;82285;82287;82278;82281;208
Si;5;20260317;222000;82280;82283;82262;82268;387
Si;5;20260317;222500;82270;82287;82260;82287;428
Si;5;20260317;223000;82286;82294;82280;82291;352
Si;5;20260317;223500;82290;82290;82277;82281;175
Si;5;20260317;224000;82282;82290;82280;82290;389
Si;5;20260317;224500;82290;82323;82290;82302;598
Si;5;20260317;225000;82304;82317;82304;82316;112
Si;5;20260317;225500;82313;82315;82304;82312;202
Si;5;20260317;230000;82312;82312;82293;82308;391
Si;5;20260317;230500;82308;82329;82303;82325;451
Si;5;20260317;231000;82324;82342;82321;82328;611
Si;5;20260317;231500;82328;82330;82325;82326;226
Si;5;20260317;232000;82325;82336;82319;82335;510
Si;5;20260317;232500;82333;82334;82323;82334;83
Si;5;20260317;233000;82333;82333;82307;82318;623
Si;5;20260317;233500;82318;82319;82270;82302;1092
Si;5;20260317;234000;82302;82321;82282;82319;967
Si;5;20260317;234500;82314;82385;82302;82321;2326
Si;5;20260318;085500;82698;82698;82659;82666;765
Si;5;20260318;090000;82616;82698;82585;82669;4341
Si;5;20260318;090500;82668;82767;82650;82741;5783
Si;5;20260318;091000;82741;82850;82740;82840;6479
Si;5;20260318;091500;82840;82851;82710;82721;6502
Si;5;20260318;092000;82721;82760;82685;82747;3134
Si;5;20260318;092500;82747;82747;82619;82644;4185
Si;5;20260318;093000;82639;82695;82635;82674;1763
Si;5;20260318;093500;82668;82722;82666;82674;2579
Si;5;20260318;094000;82668;82696;82648;82683;1888
Si;5;20260318;094500;82686;82770;82681;82768;2406
Si;5;20260318;095000;82767;82785;82746;82755;1594
Si;5;20260318;095500;82755;82755;82722;82744;1354
Si;5;20260318;100000;82740;82822;82668;82699;9118
Si;5;20260318;100500;82697;82872;82675;82870;13751
Si;5;20260318;101000;82870;83109;82854;83000;27405
Si;5;20260318;101500;83004;83230;83000;83149;29909
Si;5;20260318;102000;83150;83168;83078;83136;16563
Si;5;20260318;102500;83121;83122;82977;83046;22806
Si;5;20260318;103000;83038;83139;83003;83121;21851
Si;5;20260318;103500;83123;83178;83026;83058;31086
Si;5;20260318;104000;83059;83084;83021;83027;17963
Si;5;20260318;104500;83027;83101;83000;83100;25533
Si;5;20260318;105000;83101;83141;83072;83121;25398
Si;5;20260318;105500;83120;83123;83056;83090;11861
Si;5;20260318;110000;83095;83141;83092;83115;18509
Si;5;20260318;110500;83116;83123;82910;82941;22923
Si;5;20260318;111000;82940;82947;82800;82911;21576
Si;5;20260318;111500;82910;83032;82900;83009;13072
Si;5;20260318;112000;83010;83082;82990;83074;11935
Si;5;20260318;112500;83074;83155;83029;83133;19028
Si;5;20260318;113000;83134;83169;83120;83149;15642
Si;5;20260318;113500;83155;83169;82867;82868;21102
Si;5;20260318;114000;82872;82962;82816;82851;21631
Si;5;20260318;114500;82851;82911;82808;82905;20408
Si;5;20260318;115000;82905;83023;82901;82960;13208
Si;5;20260318;115500;82964;83044;82948;83028;8717
Si;5;20260318;120000;83028;83043;82916;82920;15126
Si;5;20260318;120500;82924;83024;82905;82911;14604
Si;5;20260318;121000;82911;82921;82855;82883;11292
Si;5;20260318;121500;82885;82957;82841;82914;17787
Si;5;20260318;122000;82918;82943;82900;82930;15477
Si;5;20260318;122500;82929;83000;82907;82959;17029
Si;5;20260318;123000;82960;82969;82901;82904;15953
Si;5;20260318;123500;82904;82942;82865;82884;15442
Si;5;20260318;124000;82887;82932;82865;82916;15179
Si;5;20260318;124500;82914;82914;82763;82763;17002
Si;5;20260318;125000;82767;82941;82701;82890;20405
Si;5;20260318;125500;82891;82891;82833;82855;10198
Si;5;20260318;130000;82856;82893;82807;82813;9541
Si;5;20260318;130500;82815;82816;82517;82587;39110
Si;5;20260318;131000;82589;82655;82539;82625;19921
Si;5;20260318;131500;82628;82648;82591;82635;10154
Si;5;20260318;132000;82637;82660;82538;82560;13877
Si;5;20260318;132500;82556;82600;82517;82533;16018
Si;5;20260318;133000;82531;82541;82291;82327;28169
Si;5;20260318;133500;82327;82447;82159;82415;34272
Si;5;20260318;134000;82415;82543;82364;82536;18793
Si;5;20260318;134500;82536;82543;82502;82531;12162
Si;5;20260318;135000;82534;82651;82510;82629;19431
Si;5;20260318;135500;82629;82720;82581;82720;22048
Si;5;20260318;140500;82720;82795;82676;82727;21221
Si;5;20260318;141000;82728;82730;82510;82580;20628
Si;5;20260318;141500;82580;82751;82573;82702;14588
Si;5;20260318;142000;82696;82706;82600;82636;13188
Si;5;20260318;142500;82636;82684;82617;82675;11937
Si;5;20260318;143000;82669;82720;82616;82715;10296
Si;5;20260318;143500;82716;82773;82714;82749;12299
Si;5;20260318;144000;82753;82886;82745;82864;13630
Si;5;20260318;144500;82867;82908;82811;82840;13272
Si;5;20260318;145000;82842;82908;82831;82900;10922
Si;5;20260318;145500;82899;82942;82899;82940;11838
Si;5;20260318;150000;82942;83000;82923;82925;20157
Si;5;20260318;150500;82924;83048;82920;83040;15271
Si;5;20260318;151000;83044;83085;82980;82981;15227
Si;5;20260318;151500;82986;83100;82974;83075;14055
Si;5;20260318;152000;83079;83200;83052;83168;16671
Si;5;20260318;152500;83162;83165;82970;82983;14031
Si;5;20260318;153000;82983;83135;82980;83105;15244
Si;5;20260318;153500;83107;83113;82980;82997;10883
Si;5;20260318;154000;83001;83058;82915;82933;12644
Si;5;20260318;154500;82930;83028;82923;83009;20017
Si;5;20260318;155000;83016;83073;83000;83051;14475
Si;5;20260318;155500;83051;83109;83007;83081;19433
Si;5;20260318;160000;83089;83096;83050;83073;12446
Si;5;20260318;160500;83068;83100;83033;83037;12721
Si;5;20260318;161000;83037;83098;83030;83081;10680
Si;5;20260318;161500;83081;83313;83067;83286;26699
Si;5;20260318;162000;83282;83315;83178;83192;15854
Si;5;20260318;162500;83194;83224;83156;83183;12284
Si;5;20260318;163000;83184;83226;83106;83117;12364
Si;5;20260318;163500;83118;83142;83063;83141;12781
Si;5;20260318;164000;83141;83189;83130;83163;11949
Si;5;20260318;164500;83165;83172;83110;83124;15816
Si;5;20260318;165000;83124;83218;83109;83218;8568
Si;5;20260318;165500;83217;83223;83025;83044;22613
Si;5;20260318;170000;83046;83046;82925;82950;13563
Si;5;20260318;170500;82950;82982;82929;82959;9163
Si;5;20260318;171000;82959;83027;82928;83007;11924
Si;5;20260318;171500;83007;83154;82953;83146;16282
Si;5;20260318;172000;83146;83215;83108;83189;11200
Si;5;20260318;172500;83189;83203;83144;83189;5995
Si;5;20260318;173000;83190;83243;83186;83199;12417
Si;5;20260318;173500;83207;83228;83172;83172;6547
Si;5;20260318;174000;83172;83252;83147;83250;6660
Si;5;20260318;174500;83249;83314;83242;83267;13039
Si;5;20260318;175000;83268;83289;83218;83260;6739
Si;5;20260318;175500;83260;83298;83144;83161;8937
Si;5;20260318;180000;83161;83189;83052;83058;5409
Si;5;20260318;180500;83058;83079;82998;83079;6149
Si;5;20260318;181000;83072;83085;83041;83076;3087
Si;5;20260318;181500;83075;83135;83063;83099;2803
Si;5;20260318;182000;83099;83142;83087;83126;2780
Si;5;20260318;182500;83124;83150;83100;83140;3133
Si;5;20260318;183000;83143;83184;83130;83145;2309
Si;5;20260318;183500;83136;83153;83108;83133;2815
Si;5;20260318;184000;83122;83147;83111;83124;3566
Si;5;20260318;184500;83126;83147;83111;83146;2339
Si;5;20260318;190500;83110;83193;83110;83173;1627
Si;5;20260318;191000;83173;83201;83143;83201;1565
Si;5;20260318;191500;83201;83239;83184;83184;1942
Si;5;20260318;192000;83184;83200;83167;83198;1896
Si;5;20260318;192500;83198;83199;83184;83190;1143
Si;5;20260318;193000;83185;83204;83184;83204;1477
Si;5;20260318;193500;83203;83227;83184;83184;3334
Si;5;20260318;194000;83186;83190;83149;83167;1334
Si;5;20260318;194500;83164;83178;83156;83170;1214
Si;5;20260318;195000;83170;83171;83150;83151;1656
Si;5;20260318;195500;83152;83160;83115;83139;1589
Si;5;20260318;200000;83140;83154;83121;83132;1092
Si;5;20260318;200500;83133;83182;83128;83181;955
Si;5;20260318;201000;83173;83190;83165;83186;1231
Si;5;20260318;201500;83185;83188;83166;83178;748
Si;5;20260318;202000;83183;83185;83159;83170;1317
Si;5;20260318;202500;83171;83195;83170;83195;1264
Si;5;20260318;203000;83195;83195;83172;83182;641
Si;5;20260318;203500;83182;83182;83174;83177;1176
Si;5;20260318;204000;83179;83195;83171;83184;1063
Si;5;20260318;204500;83183;83195;83175;83187;582
Si;5;20260318;205000;83185;83196;83185;83196;712
Si;5;20260318;205500;83193;83196;83142;83142;569
Si;5;20260318;210000;83141;83159;83110;83135;1363
Si;5;20260318;210500;83137;83157;83120;83144;461
Si;5;20260318;211000;83144;83152;83131;83135;603
Si;5;20260318;211500;83134;83164;83133;83158;415
Si;5;20260318;212000;83160;83190;83156;83171;748
Si;5;20260318;212500;83168;83215;83168;83215;2207
Si;5;20260318;213000;83207;83225;83190;83220;805
Si;5;20260318;213500;83221;83238;83199;83215;966
Si;5;20260318;214000;83214;83237;83206;83221;1324
Si;5;20260318;214500;83217;83232;83210;83230;1221
Si;5;20260318;215000;83230;83235;83215;83235;883
Si;5;20260318;215500;83233;83264;83233;83252;1117
Si;5;20260318;220000;83252;83279;83243;83260;1022
Si;5;20260318;220500;83258;83260;83225;83231;1434
Si;5;20260318;221000;83231;83314;83228;83307;3625
Si;5;20260318;221500;83307;83346;83306;83313;2233
Si;5;20260318;222000;83312;83315;83251;83268;1712
Si;5;20260318;222500;83270;83312;83270;83305;772
Si;5;20260318;223000;83305;83332;83303;83304;1139
Si;5;20260318;223500;83304;83350;83289;83325;1989
Si;5;20260318;224000;83325;83351;83263;83330;1797
Si;5;20260318;224500;83338;83346;83330;83342;542
Si;5;20260318;225000;83340;83355;83329;83330;1039
Si;5;20260318;225500;83328;83338;83328;83331;483
Si;5;20260318;230000;83335;83347;83303;83343;1001
Si;5;20260318;230500;83343;83350;83322;83344;583
Si;5;20260318;231000;83350;83385;83343;83384;1412
Si;5;20260318;231500;83384;83400;83370;83370;1566
Si;5;20260318;232000;83363;83374;83352;83368;1298
Si;5;20260318;232500;83366;83393;83353;83393;1205
Si;5;20260318;233000;83374;83395;83366;83377;475
Si;5;20260318;233500;83370;83392;83352;83362;1306
Si;5;20260318;234000;83370;83378;83341;83342;1051
Si;5;20260318;234500;83343;83385;83331;83331;1098
Si;5;20260319;085500;83350;83350;83350;83350;68
Si;5;20260319;090000;83354;83571;83325;83558;11212
Si;5;20260319;090500;83558;83640;83518;83628;10346
Si;5;20260319;091000;83628;83675;83514;83535;5862
Si;5;20260319;091500;83534;83593;83490;83593;6484
Si;5;20260319;092000;83591;83697;83588;83649;6374
Si;5;20260319;092500;83646;83650;83552;83589;5182
Si;5;20260319;093000;83590;83595;83460;83486;6220
Si;5;20260319;093500;83486;83531;83460;83509;3417
Si;5;20260319;094000;83504;83587;83498;83521;2956
Si;5;20260319;094500;83534;83556;83466;83479;4825
Si;5;20260319;095000;83482;83482;83358;83413;5195
Si;5;20260319;095500;83413;83488;83367;83371;7451
Si;5;20260319;100000;83371;83723;83371;83710;23426
Si;5;20260319;100500;83702;83811;83529;83608;27387
Si;5;20260319;101000;83609;83778;83571;83676;16393
Si;5;20260319;101500;83677;83693;83450;83476;22544
Si;5;20260319;102000;83470;83490;83210;83377;30653
Si;5;20260319;102500;83374;83468;83280;83439;21822
Si;5;20260319;103000;83440;83487;83370;83481;19805
Si;5;20260319;103500;83485;83570;83450;83564;13949
Si;5;20260319;104000;83559;83740;83559;83738;19876
Si;5;20260319;104500;83738;83850;83659;83832;29655
Si;5;20260319;105000;83832;83920;83820;83910;18672
Si;5;20260319;105500;83911;83989;83910;83945;24520
Si;5;20260319;110000;83946;84000;83917;83945;23579
Si;5;20260319;110500;83953;84024;83945;83997;19002
Si;5;20260319;111000;83996;84002;83910;83954;22920
Si;5;20260319;111500;83954;83990;83940;83954;20645
Si;5;20260319;112000;83953;84090;83951;84050;22805
Si;5;20260319;112500;84049;84062;83946;84046;19689
Si;5;20260319;113000;84043;84123;83980;84080;17680
Si;5;20260319;113500;84088;84109;84013;84105;19258
Si;5;20260319;114000;84108;84165;84032;84111;22318
Si;5;20260319;114500;84114;84274;84089;84212;28503
Si;5;20260319;115000;84215;84360;84214;84319;26721
Si;5;20260319;115500;84324;84480;84210;84235;43489
Si;5;20260319;120000;84240;84480;84208;84285;56984
Si;5;20260319;120500;84285;84494;84230;84460;27735
Si;5;20260319;121000;84459;84525;84064;84123;43123
Si;5;20260319;121500;84126;84195;83710;83849;63175
Si;5;20260319;122000;83848;84039;83721;84019;54349
Si;5;20260319;122500;84019;84110;83929;84024;26718
Si;5;20260319;123000;84024;84207;84017;84060;22205
Si;5;20260319;123500;84059;84112;83934;84084;22217
Si;5;20260319;124000;84087;84209;84068;84167;23632
Si;5;20260319;124500;84168;84190;84004;84150;34458
Si;5;20260319;125000;84151;84199;84056;84090;30031
Si;5;20260319;125500;84091;84106;83856;83881;23365
Si;5;20260319;130000;83877;83884;83601;83611;38177
Si;5;20260319;130500;83617;83930;83559;83667;33403
Si;5;20260319;131000;83665;83679;83442;83590;46695
Si;5;20260319;131500;83590;83685;83542;83653;18573
Si;5;20260319;132000;83653;83789;83603;83771;15170
Si;5;20260319;132500;83771;83780;83678;83689;10571
Si;5;20260319;133000;83688;83710;83568;83584;11574
Si;5;20260319;133500;83580;83830;83545;83826;14147
Si;5;20260319;134000;83827;83872;83680;83844;15531
Si;5;20260319;134500;83843;83979;83818;83915;11088
Si;5;20260319;135000;83912;84362;83872;84165;55428
Si;5;20260319;135500;84160;84209;84029;84037;12970
Si;5;20260319;140500;84044;84115;83850;83866;16488
Si;5;20260319;141000;83867;84020;83866;83955;9315
Si;5;20260319;141500;83953;83963;83720;83846;19120
Si;5;20260319;142000;83851;84006;83826;83941;11819
Si;5;20260319;142500;83941;83950;83829;83899;11937
Si;5;20260319;143000;83900;83916;83813;83823;8384
Si;5;20260319;143500;83826;83852;83784;83788;9073
Si;5;20260319;144000;83789;83876;83777;83849;9465
Si;5;20260319;144500;83848;83862;83756;83784;10421
Si;5;20260319;145000;83789;83833;83702;83822;12513
Si;5;20260319;145500;83816;83890;83800;83817;14533
Si;5;20260319;150000;83816;83990;83800;83969;14213
Si;5;20260319;150500;83972;83982;83780;83812;18022
Si;5;20260319;151000;83813;83849;83760;83841;12219
Si;5;20260319;151500;83843;83849;83713;83733;11203
Si;5;20260319;152000;83733;83875;83714;83859;22504
Si;5;20260319;152500;83860;83874;83308;83354;60331
Si;5;20260319;153000;83355;83400;83057;83231;62158
Si;5;20260319;153500;83231;83395;83170;83365;27367
Si;5;20260319;154000;83359;83490;83308;83414;22089
Si;5;20260319;154500;83418;83498;83400;83409;12124
Si;5;20260319;155000;83413;83414;83253;83347;23955
Si;5;20260319;155500;83347;83454;83318;83402;11163
Si;5;20260319;160000;83403;83473;83399;83410;8557
Si;5;20260319;160500;83410;83591;83321;83572;15764
Si;5;20260319;161000;83571;83710;83540;83710;12341
Si;5;20260319;161500;83710;83787;83554;83580;16081
Si;5;20260319;162000;83579;83775;83579;83767;7432
Si;5;20260319;162500;83768;83818;83684;83818;7644
Si;5;20260319;163000;83818;83830;83771;83795;8466
Si;5;20260319;163500;83797;83837;83734;83763;12036
Si;5;20260319;164000;83765;83836;83682;83727;10577
Si;5;20260319;164500;83732;83754;83504;83581;15720
Si;5;20260319;165000;83576;83766;83558;83734;11117
Si;5;20260319;165500;83735;83755;83641;83734;6402
Si;5;20260319;170000;83737;83749;83532;83697;8749
Si;5;20260319;170500;83698;83739;83610;83689;5153
Si;5;20260319;171000;83693;83834;83692;83810;10591
Si;5;20260319;171500;83808;83818;83717;83774;5024
Si;5;20260319;172000;83770;83804;83661;83719;5888
Si;5;20260319;172500;83722;83762;83653;83720;4811
Si;5;20260319;173000;83719;83737;83620;83700;6552
Si;5;20260319;173500;83698;83780;83640;83678;6067
Si;5;20260319;174000;83672;83726;83559;83580;5508
Si;5;20260319;174500;83580;83606;83451;83578;7731
Si;5;20260319;175000;83582;83637;83500;83622;4006
Si;5;20260319;175500;83624;83669;83544;83561;5954
Si;5;20260319;180000;83569;83620;83514;83527;7397
Si;5;20260319;180500;83527;83558;83410;83445;9104
Si;5;20260319;181000;83437;83499;83402;83451;7395
Si;5;20260319;181500;83453;83458;83224;83310;21342
Si;5;20260319;182000;83305;83394;83235;83356;8739
Si;5;20260319;182500;83354;83404;83348;83404;5459
Si;5;20260319;183000;83401;83485;83370;83416;8271
Si;5;20260319;183500;83410;83449;83358;83360;4758
Si;5;20260319;184000;83360;83500;83346;83493;7731
Si;5;20260319;184500;83493;83524;83449;83494;6433
Si;5;20260319;190500;83472;83523;83318;83409;9902
Si;5;20260319;191000;83409;83420;83370;83411;5440
Si;5;20260319;191500;83406;83500;83400;83500;4787
Si;5;20260319;192000;83500;83500;83441;83442;3223
Si;5;20260319;192500;83445;83504;83441;83460;2576
Si;5;20260319;193000;83463;83524;83451;83519;1256
Si;5;20260319;193500;83519;83540;83492;83505;2242
Si;5;20260319;194000;83504;83511;83477;83487;1910
Si;5;20260319;194500;83486;83492;83463;83470;3304
Si;5;20260319;195000;83471;83538;83469;83529;2405
Si;5;20260319;195500;83521;83529;83460;83470;3636
Si;5;20260319;200000;83471;83471;83370;83393;3633
Si;5;20260319;200500;83393;83395;83241;83252;8569
Si;5;20260319;201000;83259;83278;83150;83154;6590
Si;5;20260319;201500;83155;83296;83102;83183;5867
Si;5;20260319;202000;83182;83244;83180;83186;3308
Si;5;20260319;202500;83187;83208;83166;83201;1300
Si;5;20260319;203000;83205;83205;83059;83061;5108
Si;5;20260319;203500;83064;83064;82820;82906;19636
Si;5;20260319;204000;82904;83000;82883;82942;6354
Si;5;20260319;204500;82942;82942;82852;82937;3204
Si;5;20260319;205000;82936;82953;82755;82772;8056
Si;5;20260319;205500;82776;82871;82750;82797;5429
Si;5;20260319;210000;82795;82827;82730;82768;7527
Si;5;20260319;210500;82773;82975;82752;82943;4928
Si;5;20260319;211000;82942;83044;82935;83008;4600
Si;5;20260319;211500;83009;83016;82926;82930;1843
Si;5;20260319;212000;82933;82972;82901;82956;1519
Si;5;20260319;212500;82954;83023;82952;83020;1354
Si;5;20260319;213000;83020;83033;82989;83013;1826
Si;5;20260319;213500;83018;83027;82953;82965;1186
Si;5;20260319;214000;82967;82989;82933;82989;1248
Si;5;20260319;214500;82990;83001;82951;82960;1144
Si;5;20260319;215000;82961;82970;82885;82885;1408
Si;5;20260319;215500;82896;82901;82814;82832;1904
Si;5;20260319;220000;82840;82888;82811;82818;1547
Si;5;20260319;220500;82818;82844;82761;82767;2703
Si;5;20260319;221000;82772;82868;82763;82840;2134
Si;5;20260319;221500;82842;82850;82803;82803;1586
Si;5;20260319;222000;82807;82876;82800;82868;586
Si;5;20260319;222500;82868;82940;82852;82927;1396
Si;5;20260319;223000;82927;82949;82927;82929;627
Si;5;20260319;223500;82931;82958;82930;82948;356
Si;5;20260319;224000;82949;82984;82946;82982;604
Si;5;20260319;224500;82982;82988;82968;82988;548
Si;5;20260319;225000;82987;82988;82921;82925;851
Si;5;20260319;225500;82925;82925;82865;82887;693
Si;5;20260319;230000;82882;82909;82875;82894;678
Si;5;20260319;230500;82894;82944;82884;82942;397
Si;5;20260319;231000;82941;82946;82878;82940;842
Si;5;20260319;231500;82946;82971;82926;82941;801
Si;5;20260319;232000;82941;82960;82940;82957;405
Si;5;20260319;232500;82956;82998;82950;82960;637
Si;5;20260319;233000;82957;82979;82948;82948;609
Si;5;20260319;233500;82955;83020;82941;83009;1371
Si;5;20260319;234000;83008;83044;83006;83030;1157
Si;5;20260319;234500;83030;83097;83000;83067;1749
Si;5;20260320;085500;83301;83301;83157;83261;1203
Si;5;20260320;090000;83301;83350;83054;83105;15124
Si;5;20260320;090500;83105;83340;83100;83339;6855
Si;5;20260320;091000;83334;83388;83238;83249;7111
Si;5;20260320;091500;83243;83360;83240;83336;4231
Si;5;20260320;092000;83329;83353;83190;83205;4122
Si;5;20260320;092500;83203;83250;83148;83246;3851
Si;5;20260320;093000;83244;83320;83203;83300;3300
Si;5;20260320;093500;83300;83318;83195;83218;2535
Si;5;20260320;094000;83220;83256;83150;83200;2677
Si;5;20260320;094500;83202;83289;83179;83262;1804
Si;5;20260320;095000;83259;83299;83230;83268;1963
Si;5;20260320;095500;83263;83280;83206;83265;3369
Si;5;20260320;100000;83264;83333;82937;83079;34253
Si;5;20260320;100500;83079;83243;82645;82714;32806
Si;5;20260320;101000;82714;82842;82447;82489;43397
Si;5;20260320;101500;82491;82670;82177;82645;66153
Si;5;20260320;102000;82644;82820;82641;82761;29038
Si;5;20260320;102500;82763;82840;82500;82683;24101
Si;5;20260320;103000;82688;83030;82628;82947;34566
Si;5;20260320;103500;82952;83164;82949;83137;23247
Si;5;20260320;104000;83143;83249;83119;83149;27003
Si;5;20260320;104500;83149;83460;83143;83304;50526
Si;5;20260320;105000;83307;83470;83227;83439;28687
Si;5;20260320;105500;83442;83489;83240;83326;25612
Si;5;20260320;110000;83331;83436;83262;83423;18413
Si;5;20260320;110500;83424;83480;83271;83286;29358
Si;5;20260320;111000;83286;83425;83149;83422;26656
Si;5;20260320;111500;83423;83539;83350;83394;38727
Si;5;20260320;112000;83394;83464;83320;83320;26485
Si;5;20260320;112500;83321;83394;83214;83372;28593
Si;5;20260320;113000;83372;83402;83253;83301;21090
Si;5;20260320;113500;83301;83351;83270;83350;27213
Si;5;20260320;114000;83350;83378;83170;83232;25144
Si;5;20260320;114500;83232;83384;83212;83363;18798
Si;5;20260320;115000;83363;83422;83325;83387;18160
Si;5;20260320;115500;83384;83401;83308;83376;14833
Si;5;20260320;120000;83376;83398;83318;83356;10196
Si;5;20260320;120500;83352;83366;83222;83228;15043
Si;5;20260320;121000;83228;83280;83136;83269;14135
Si;5;20260320;121500;83269;83284;83250;83282;9685
Si;5;20260320;122000;83282;83359;83264;83359;12106
Si;5;20260320;122500;83358;83386;83340;83360;14371
Si;5;20260320;123000;83362;83425;83342;83420;13542
Si;5;20260320;123500;83420;83428;83212;83221;13713
Si;5;20260320;124000;83221;83251;83060;83184;20650
Si;5;20260320;124500;83187;83192;83022;83030;15942
Si;5;20260320;125000;83032;83078;82900;82986;34525
Si;5;20260320;125500;82986;83154;82970;83082;20136
Si;5;20260320;130000;83088;83110;83018;83108;12229
Si;5;20260320;130500;83108;83147;83064;83101;9999
Si;5;20260320;131000;83101;83120;82890;82905;16165
Si;5;20260320;131500;82908;82946;82800;82908;15902
Si;5;20260320;132000;82908;83067;82890;83051;14790
Si;5;20260320;132500;83052;83220;83040;83218;15403
Si;5;20260320;133000;83218;83349;83021;83270;27040
Si;5;20260320;133500;83268;83277;82959;83020;20836
Si;5;20260320;134000;83025;83227;83004;83217;14593
Si;5;20260320;134500;83217;83350;83170;83350;23691
Si;5;20260320;135000;83350;83450;83337;83428;25486
Si;5;20260320;135500;83427;83490;83409;83422;12961
Si;5;20260320;140500;83421;83440;83300;83359;14944
Si;5;20260320;141000;83359;83390;83345;83389;10735
Si;5;20260320;141500;83386;83490;83322;83490;9926
Si;5;20260320;142000;83491;83740;83479;83537;63718
Si;5;20260320;142500;83538;83544;83368;83452;19265
Si;5;20260320;143000;83452;83459;83260;83434;16302
Si;5;20260320;143500;83432;83629;83406;83548;14937
Si;5;20260320;144000;83550;83600;83460;83571;19591
Si;5;20260320;144500;83573;83648;83563;83641;17272
Si;5;20260320;145000;83640;83771;83632;83742;30078
Si;5;20260320;145500;83742;83790;83677;83787;17765
Si;5;20260320;150000;83785;83821;83706;83729;24282
Si;5;20260320;150500;83729;83742;83630;83675;15377
Si;5;20260320;151000;83675;83900;83630;83890;22212
Si;5;20260320;151500;83889;83970;83844;83929;29098
Si;5;20260320;152000;83931;83970;83767;83789;25061
Si;5;20260320;152500;83789;83885;83727;83862;17247
Si;5;20260320;153000;83862;83939;83860;83884;13686
Si;5;20260320;153500;83888;83940;83878;83939;8501
Si;5;20260320;154000;83938;84000;83890;83902;15567
Si;5;20260320;154500;83902;83932;83802;83869;15254
Si;5;20260320;155000;83869;83876;83764;83817;12117
Si;5;20260320;155500;83818;83818;83650;83725;21419
Si;5;20260320;160000;83724;83744;83558;83567;24607
Si;5;20260320;160500;83569;83679;83524;83611;19340
Si;5;20260320;161000;83612;83680;83547;83580;10994
Si;5;20260320;161500;83585;83590;83361;83439;20055
Si;5;20260320;162000;83438;83440;83316;83398;19890
Si;5;20260320;162500;83398;83510;83379;83406;19626
Si;5;20260320;163000;83405;83456;83331;83385;11671
Si;5;20260320;163500;83383;83435;83262;83350;12470
Si;5;20260320;164000;83350;83356;83150;83150;20862
Si;5;20260320;164500;83150;83166;83033;83092;21612
Si;5;20260320;165000;83092;83099;82952;83037;24498
Si;5;20260320;165500;83036;83037;82843;82935;23939
Si;5;20260320;170000;82942;82950;82841;82887;17070
Si;5;20260320;170500;82886;82978;82739;82978;23706
Si;5;20260320;171000;82977;83092;82909;83024;21484
Si;5;20260320;171500;83024;83120;82971;83074;20622
Si;5;20260320;172000;83073;83117;82923;82945;13162
Si;5;20260320;172500;82941;82974;82759;82779;19695
Si;5;20260320;173000;82779;82826;82700;82703;15678
Si;5;20260320;173500;82712;82879;82670;82717;13965
Si;5;20260320;174000;82721;82721;82604;82688;18018
Si;5;20260320;174500;82683;82731;82617;82660;14291
Si;5;20260320;175000;82654;82844;82650;82832;14048
Si;5;20260320;175500;82833;82938;82769;82938;14340
Si;5;20260320;180000;82938;82965;82815;82954;13482
Si;5;20260320;180500;82954;82979;82901;82966;14409
Si;5;20260320;181000;82966;82971;82866;82928;9254
Si;5;20260320;181500;82928;82959;82833;82956;11698
Si;5;20260320;182000;82955;83050;82901;82947;8300
Si;5;20260320;182500;82947;82977;82901;82964;7313
Si;5;20260320;183000;82955;82972;82902;82919;10854
Si;5;20260320;183500;82918;82991;82915;82974;8754
Si;5;20260320;184000;82972;82985;82865;82906;9013
Si;5;20260320;184500;82909;82940;82900;82929;4838
Si;5;20260323;085500;83001;83001;83001;83001;187
Si;5;20260323;090000;83002;83048;82336;82534;19513
Si;5;20260323;090500;82544;82591;82348;82543;14453
Si;5;20260323;091000;82546;82648;82485;82645;6211
Si;5;20260323;091500;82645;82747;82585;82672;7710
Si;5;20260323;092000;82665;82779;82658;82756;6276
Si;5;20260323;092500;82758;82771;82724;82735;4005
Si;5;20260323;093000;82731;82741;82700;82700;2620
Si;5;20260323;093500;82700;82735;82632;82669;8222
Si;5;20260323;094000;82669;82819;82657;82806;5476
Si;5;20260323;094500;82810;82950;82810;82870;5566
Si;5;20260323;095000;82871;82949;82780;82847;5418
Si;5;20260323;095500;82849;83007;82832;82939;7854
Si;5;20260323;100000;82940;83092;82762;82979;28601
Si;5;20260323;100500;82978;83300;82977;83261;29455
Si;5;20260323;101000;83267;83443;83226;83326;32002
Si;5;20260323;101500;83329;83483;83328;83355;25592
Si;5;20260323;102000;83357;83400;83232;83236;24089
Si;5;20260323;102500;83236;83350;83218;83350;16723
Si;5;20260323;103000;83349;83391;83213;83270;22010
Si;5;20260323;103500;83268;83293;83174;83190;22446
Si;5;20260323;104000;83190;83214;83022;83117;28955
Si;5;20260323;104500;83117;83139;82922;82934;24851
Si;5;20260323;105000;82933;82933;82803;82862;29914
Si;5;20260323;105500;82867;82875;82700;82711;20361
Si;5;20260323;110000;82711;82714;82421;82545;38751
Si;5;20260323;110500;82539;82540;82433;82471;26593
Si;5;20260323;111000;82467;82479;82234;82255;28735
Si;5;20260323;111500;82257;82325;82221;82315;37143
Si;5;20260323;112000;82315;82345;82102;82128;31526
Si;5;20260323;112500;82130;82274;82062;82270;26495
Si;5;20260323;113000;82263;82290;82186;82235;20913
Si;5;20260323;113500;82230;82355;82168;82354;19133
Si;5;20260323;114000;82355;82380;82235;82305;19379
Si;5;20260323;114500;82304;82380;82130;82329;43011
Si;5;20260323;115000;82330;82346;82183;82252;26653
Si;5;20260323;115500;82244;82300;82212;82294;17446
Si;5;20260323;120000;82289;82300;82207;82235;16965
Si;5;20260323;120500;82233;82272;82222;82231;14261
Si;5;20260323;121000;82235;82275;82225;82274;13734
Si;5;20260323;121500;82274;82300;82265;82299;23088
Si;5;20260323;122000;82300;82300;82233;82295;30312
Si;5;20260323;122500;82287;82300;82251;82280;16461
Si;5;20260323;123000;82277;82280;82158;82244;20185
Si;5;20260323;123500;82244;82300;82235;82299;23005
Si;5;20260323;124000;82299;82300;82266;82298;24471
Si;5;20260323;124500;82298;82300;82257;82293;17139
Si;5;20260323;125000;82288;82300;82276;82295;20272
Si;5;20260323;125500;82291;82300;82273;82285;18269
Si;5;20260323;130000;82283;82300;82260;82300;13293
Si;5;20260323;130500;82299;82300;82275;82299;16422
Si;5;20260323;131000;82298;82424;82289;82369;25140
Si;5;20260323;131500;82371;82412;82350;82373;17780
Si;5;20260323;132000;82372;82401;82214;82238;17184
Si;5;20260323;132500;82238;82376;82184;82319;15243
Si;5;20260323;133000;82321;82487;82232;82240;17552
Si;5;20260323;133500;82238;82393;82205;82348;12160
Si;5;20260323;134000;82348;82460;82300;82421;13090
Si;5;20260323;134500;82422;82490;82418;82465;12279
Si;5;20260323;135000;82463;82478;82399;82426;11930
Si;5;20260323;135500;82426;82493;82365;82374;11782
Si;5;20260323;140000;82374;82495;82374;82490;9988
Si;5;20260323;140500;82490;82495;82164;82381;28260
Si;5;20260323;141000;82381;82584;82380;82576;26231
Si;5;20260323;141500;82576;82643;82567;82582;23478
Si;5;20260323;142000;82582;82658;82551;82594;21857
Si;5;20260323;142500;82594;82597;82469;82508;17127
Si;5;20260323;143000;82508;82522;82390;82400;13797
Si;5;20260323;143500;82400;82486;82327;82486;14533
Si;5;20260323;144000;82479;82527;82444;82527;8905
Si;5;20260323;144500;82523;82581;82485;82554;10125
Si;5;20260323;145000;82557;82609;82507;82528;9643
Si;5;20260323;145500;82526;82593;82517;82561;11923
Si;5;20260323;150000;82560;82599;82486;82490;14771
Si;5;20260323;150500;82489;82589;82479;82510;12210
Si;5;20260323;151000;82509;82554;82456;82535;9255
Si;5;20260323;151500;82535;82568;82419;82449;12305
Si;5;20260323;152000;82450;82483;82372;82453;12564
Si;5;20260323;152500;82450;82492;82409;82482;9177
Si;5;20260323;153000;82478;82545;82436;82516;9935
Si;5;20260323;153500;82511;82596;82468;82591;11666
Si;5;20260323;154000;82592;82698;82548;82687;16785
Si;5;20260323;154500;82686;82758;82558;82565;15123
Si;5;20260323;155000;82565;82597;82469;82593;13711
Si;5;20260323;155500;82593;82682;82547;82670;12414
Si;5;20260323;160000;82673;82689;82592;82598;12190
Si;5;20260323;160500;82597;82597;82507;82549;10079
Si;5;20260323;161000;82549;82559;82440;82465;7575
Si;5;20260323;161500;82465;82515;82427;82515;4207
Si;5;20260323;162000;82514;82541;82498;82541;8620
Si;5;20260323;162500;82541;82560;82522;82537;4279
Si;5;20260323;163000;82537;82575;82522;82526;6840
Si;5;20260323;163500;82528;82559;82500;82519;8336
Si;5;20260323;164000;82523;82524;82400;82440;6327
Si;5;20260323;164500;82441;82473;82422;82446;10397
Si;5;20260323;165000;82446;82495;82427;82455;20489
Si;5;20260323;165500;82454;82495;82439;82491;15330
Si;5;20260323;170000;82489;82496;82440;82476;18752
Si;5;20260323;170500;82475;82481;82315;82368;23923
Si;5;20260323;171000;82364;82414;82336;82362;25848
Si;5;20260323;171500;82364;82368;82288;82295;21986
Si;5;20260323;172000;82295;82300;82185;82246;21491
Si;5;20260323;172500;82246;82268;82165;82184;20132
Si;5;20260323;173000;82183;82219;82102;82148;28254
Si;5;20260323;173500;82151;82266;82145;82256;21310
Si;5;20260323;174000;82256;82329;82229;82229;14496
Si;5;20260323;174500;82232;82267;82200;82256;12644
Si;5;20260323;175000;82265;82293;82234;82290;11354
Si;5;20260323;175500;82293;82344;82281;82305;13070
Si;5;20260323;180000;82305;82324;82168;82186;12036
Si;5;20260323;180500;82185;82276;82170;82270;7486
Si;5;20260323;181000;82271;82346;82262;82332;4898
Si;5;20260323;181500;82330;82460;82312;82440;7001
Si;5;20260323;182000;82440;82468;82412;82412;3380
Si;5;20260323;182500;82414;82468;82403;82460;2629
Si;5;20260323;183000;82461;82570;82452;82569;6828
Si;5;20260323;183500;82568;82570;82438;82447;5892
Si;5;20260323;184000;82449;82481;82322;82330;9598
Si;5;20260323;184500;82330;82372;82299;82362;4066
Si;5;20260323;185000;82364;82432;82363;82368;1609
Si;5;20260323;185500;82384;82416;82375;82400;1197
Si;5;20260323;190000;82397;82482;82392;82411;2228
Si;5;20260323;190500;82409;82420;82376;82402;1300
Si;5;20260323;191000;82407;82486;82402;82424;1899
Si;5;20260323;191500;82424;82465;82418;82462;707
Si;5;20260323;192000;82460;82467;82439;82449;615
Si;5;20260323;192500;82449;82456;82391;82400;745
Si;5;20260323;193000;82403;82406;82376;82376;491
Si;5;20260323;193500;82376;82380;82336;82336;1038
Si;5;20260323;194000;82336;82388;82336;82388;1642
Si;5;20260323;194500;82388;82388;82300;82302;1710
Si;5;20260323;195000;82300;82305;82278;82289;1907
Si;5;20260323;195500;82286;82290;82257;82270;935
Si;5;20260323;200000;82269;82297;82264;82272;1920
Si;5;20260323;200500;82273;82275;82270;82273;424
Si;5;20260323;201000;82272;82278;82237;82253;2045
Si;5;20260323;201500;82250;82253;82238;82249;986
Si;5;20260323;202000;82250;82279;82243;82278;1799
Si;5;20260323;202500;82279;82328;82278;82320;502
Si;5;20260323;203000;82317;82319;82299;82302;366
Si;5;20260323;203500;82302;82305;82235;82235;1806
Si;5;20260323;204000;82231;82233;82186;82195;1882
Si;5;20260323;204500;82195;82200;82103;82124;3512
Si;5;20260323;205000;82123;82138;82077;82117;3308
Si;5;20260323;205500;82115;82120;82094;82116;1634
Si;5;20260323;210000;82117;82150;82116;82149;857
Si;5;20260323;210500;82150;82195;82150;82194;1480
Si;5;20260323;211000;82194;82205;82192;82195;1120
Si;5;20260323;211500;82195;82196;81708;81926;33171
Si;5;20260323;212000;81931;81931;81730;81801;6962
Si;5;20260323;212500;81802;81888;81706;81712;6562
Si;5;20260323;213000;81712;81787;81624;81762;11504
Si;5;20260323;213500;81762;81925;81745;81853;9627
Si;5;20260323;214000;81853;81872;81668;81668;6205
Si;5;20260323;214500;81670;81750;81666;81707;6022
Si;5;20260323;215000;81707;81772;81671;81675;5116
Si;5;20260323;215500;81675;81737;81672;81733;1639
Si;5;20260323;220000;81734;81734;81612;81627;4759
Si;5;20260323;220500;81632;81632;81541;81568;9063
Si;5;20260323;221000;81568;81581;81433;81446;10604
Si;5;20260323;221500;81447;81485;81389;81460;8460
Si;5;20260323;222000;81460;81500;81456;81496;3265
Si;5;20260323;222500;81497;81499;81468;81486;2084
Si;5;20260323;223000;81481;81484;81446;81447;1400
Si;5;20260323;223500;81449;81467;81395;81421;3349
Si;5;20260323;224000;81421;81425;81371;81385;3860
Si;5;20260323;224500;81385;81385;81341;81351;3296
Si;5;20260323;225000;81346;81392;81321;81361;3521
Si;5;20260323;225500;81359;81383;81346;81376;1954
Si;5;20260323;230000;81378;81484;81377;81482;3829
Si;5;20260323;230500;81481;81497;81467;81477;2361
Si;5;20260323;231000;81482;81492;81460;81475;990
Si;5;20260323;231500;81475;81488;81459;81478;1037
Si;5;20260323;232000;81477;81490;81437;81469;1830
Si;5;20260323;232500;81471;81484;81457;81470;824
Si;5;20260323;233000;81469;81489;81401;81420;1886
Si;5;20260323;233500;81420;81449;81414;81449;613
Si;5;20260323;234000;81439;81471;81410;81450;1227
Si;5;20260323;234500;81451;81453;81400;81400;1535
Si;5;20260324;085500;81400;81400;81400;81400;93
Si;5;20260324;090000;81450;81544;81232;81436;16744
Si;5;20260324;090500;81434;81600;81419;81573;9036
Si;5;20260324;091000;81573;81573;81382;81423;5337
Si;5;20260324;091500;81414;81442;81221;81275;8696
Si;5;20260324;092000;81279;81375;81236;81285;6402
Si;5;20260324;092500;81285;81369;81260;81311;4785
Si;5;20260324;093000;81313;81398;81237;81237;4945
Si;5;20260324;093500;81237;81237;81026;81078;16642
Si;5;20260324;094000;81078;81110;81018;81064;9031
Si;5;20260324;094500;81064;81127;80960;81015;14032
Si;5;20260324;095000;81018;81047;80900;80991;13549
Si;5;20260324;095500;80994;81122;80899;81109;21091
Si;5;20260324;100000;81110;81224;80826;81100;48586
Si;5;20260324;100500;81105;81176;81035;81162;14685
Si;5;20260324;101000;81163;81246;81123;81170;21225
Si;5;20260324;101500;81170;81358;81170;81310;24133
Si;5;20260324;102000;81307;81330;81234;81307;14955
Si;5;20260324;102500;81308;81377;81220;81311;14656
Si;5;20260324;103000;81310;81328;81150;81277;14671
Si;5;20260324;103500;81271;81321;81245;81290;11561
Si;5;20260324;104000;81295;81474;81288;81416;20736
Si;5;20260324;104500;81418;81488;81385;81476;12042
Si;5;20260324;105000;81477;81498;81414;81495;8788
Si;5;20260324;105500;81494;81499;81454;81486;8818
Si;5;20260324;110000;81482;81492;81415;81439;10328
Si;5;20260324;110500;81442;81455;81333;81350;13994
Si;5;20260324;111000;81350;81400;81322;81340;9609
Si;5;20260324;111500;81344;81384;81315;81378;8677
Si;5;20260324;112000;81376;81399;81306;81341;6753
Si;5;20260324;112500;81341;81381;81258;81278;12453
Si;5;20260324;113000;81280;81289;81234;81255;26817
Si;5;20260324;113500;81256;81260;81220;81240;5947
Si;5;20260324;114000;81240;81350;81220;81341;17937
Si;5;20260324;114500;81343;81344;81257;81284;3441
Si;5;20260324;115000;81284;81290;81186;81188;5457
Si;5;20260324;115500;81189;81245;81128;81225;6668
Si;5;20260324;120000;81227;81239;80951;80966;30397
Si;5;20260324;120500;80967;80969;80865;80867;29511
Si;5;20260324;121000;80870;80870;80642;80649;39735
Si;5;20260324;121500;80647;80708;80624;80673;34422
Si;5;20260324;122000;80671;80739;80608;80627;19843
Si;5;20260324;122500;80628;80694;80584;80684;20839
Si;5;20260324;123000;80684;80689;80627;80628;9131
Si;5;20260324;123500;80628;80716;80625;80694;17477
Si;5;20260324;124000;80695;80700;80681;80700;8974
Si;5;20260324;124500;80700;80725;80552;80600;17404
Si;5;20260324;125000;80600;80600;80333;80352;31412
Si;5;20260324;125500;80357;80393;80270;80335;24850
Si;5;20260324;130000;80334;80338;80164;80186;25470
Si;5;20260324;130500;80184;80273;80156;80234;18320
Si;5;20260324;131000;80230;80269;80180;80234;18493
Si;5;20260324;131500;80234;80254;80162;80225;22282
Si;5;20260324;132000;80226;80357;80204;80347;15757
Si;5;20260324;132500;80348;80451;80321;80445;17469
Si;5;20260324;133000;80444;80540;80435;80540;11170
Si;5;20260324;133500;80537;80563;80464;80467;13908
Si;5;20260324;134000;80466;80505;80424;80460;18532
Si;5;20260324;134500;80460;80505;80414;80464;13586
Si;5;20260324;135000;80462;80471;80407;80456;7196
Si;5;20260324;135500;80454;80485;80354;80356;19588
Si;5;20260324;140000;80363;80430;80340;80358;7089
Si;5;20260324;140500;80358;80465;80337;80455;6341
Si;5;20260324;141000;80453;80543;80447;80495;7790
Si;5;20260324;141500;80497;80659;80495;80638;13158
Si;5;20260324;142000;80635;80712;80580;80667;13902
Si;5;20260324;142500;80672;80684;80594;80646;7225
Si;5;20260324;143000;80645;80666;80561;80582;10521
Si;5;20260324;143500;80584;80698;80584;80672;4555
Si;5;20260324;144000;80672;80693;80611;80651;6720
Si;5;20260324;144500;80655;80658;80605;80623;3229
Si;5;20260324;145000;80625;80745;80623;80686;6737
Si;5;20260324;145500;80687;80779;80666;80740;11460
Si;5;20260324;150000;80741;80744;80630;80644;3841
Si;5;20260324;150500;80644;80662;80605;80619;3409
Si;5;20260324;151000;80615;80649;80591;80607;5934
Si;5;20260324;151500;80605;80655;80512;80622;7430
Si;5;20260324;152000;80623;80673;80513;80559;8897
Si;5;20260324;152500;80557;80561;80517;80528;7999
Si;5;20260324;153000;80528;80530;80410;80447;6701
Si;5;20260324;153500;80442;80521;80412;80508;9886
Si;5;20260324;154000;80502;80538;80456;80498;2898
Si;5;20260324;154500;80496;80500;80434;80440;2351
Si;5;20260324;155000;80439;80477;80384;80392;3638
Si;5;20260324;155500;80398;80505;80313;80448;13980
Si;5;20260324;160000;80447;80600;80440;80591;13046
Si;5;20260324;160500;80587;80622;80554;80591;9283
Si;5;20260324;161000;80590;80591;80432;80435;6191
Si;5;20260324;161500;80442;80500;80430;80498;1959
Si;5;20260324;162000;80497;80579;80496;80552;5090
Si;5;20260324;162500;80550;80662;80550;80619;6455
Si;5;20260324;163000;80615;80744;80423;80669;27082
Si;5;20260324;163500;80664;80712;80621;80698;6211
Si;5;20260324;164000;80689;80735;80636;80643;6649
Si;5;20260324;164500;80644;80686;80511;80600;7099
Si;5;20260324;165000;80606;80606;80489;80497;2755
Si;5;20260324;165500;80503;80574;80473;80521;3400
Si;5;20260324;170000;80522;80524;80430;80493;6188
Si;5;20260324;170500;80493;80568;80472;80520;2619
Si;5;20260324;171000;80516;80560;80495;80521;2324
Si;5;20260324;171500;80522;80527;80500;80525;10675
Si;5;20260324;172000;80521;80526;80442;80488;17194
Si;5;20260324;172500;80487;80501;80451;80493;3995
Si;5;20260324;173000;80493;80518;80362;80373;7014
Si;5;20260324;173500;80370;80375;80210;80210;13029
Si;5;20260324;174000;80212;80250;80127;80130;13185
Si;5;20260324;174500;80132;80225;80125;80225;9834
Si;5;20260324;175000;80224;80244;80173;80188;6487
Si;5;20260324;175500;80188;80217;80132;80163;5555
Si;5;20260324;180000;80162;80221;80138;80179;5091
Si;5;20260324;180500;80179;80219;80130;80152;5460
Si;5;20260324;181000;80152;80224;80152;80183;3940
Si;5;20260324;181500;80183;80249;80153;80224;4642
Si;5;20260324;182000;80218;80279;80209;80229;5110
Si;5;20260324;182500;80235;80288;80229;80264;4429
Si;5;20260324;183000;80261;80276;80179;80196;2570
Si;5;20260324;183500;80204;80205;80150;80187;2276
Si;5;20260324;184000;80189;80202;80150;80165;1759
Si;5;20260324;184500;80165;80195;80088;80166;6693
Si;5;20260324;185000;80164;80198;80153;80177;880
Si;5;20260324;185500;80179;80191;80136;80146;813
Si;5;20260324;190000;80146;80215;80145;80190;1190
Si;5;20260324;190500;80189;80350;80187;80339;3877
Si;5;20260324;191000;80332;80385;80324;80338;2858
Si;5;20260324;191500;80343;80345;80275;80329;2095
Si;5;20260324;192000;80322;80348;80272;80280;1428
Si;5;20260324;192500;80280;80280;80218;80235;775
Si;5;20260324;193000;80235;80263;80230;80256;355
Si;5;20260324;193500;80256;80258;80216;80221;721
Si;5;20260324;194000;80221;80227;80210;80225;434
Si;5;20260324;194500;80224;80241;80223;80241;306
Si;5;20260324;195000;80241;80252;80234;80250;344
Si;5;20260324;195500;80249;80249;80220;80221;345
Si;5;20260324;200000;80221;80232;80179;80232;1526
Si;5;20260324;200500;80230;80319;80227;80292;1137
Si;5;20260324;201000;80290;80315;80267;80271;950
Si;5;20260324;201500;80271;80277;80226;80242;572
Si;5;20260324;202000;80242;80282;80242;80265;336
Si;5;20260324;202500;80265;80286;80262;80279;288
Si;5;20260324;203000;80279;80283;80234;80279;568
Si;5;20260324;203500;80278;80332;80276;80332;1075
Si;5;20260324;204000;80323;80325;80296;80308;558
Si;5;20260324;204500;80306;80309;80196;80214;1161
Si;5;20260324;205000;80211;80270;80211;80252;457
Si;5;20260324;205500;80250;80300;80248;80280;1062
Si;5;20260324;210000;80280;80291;80274;80274;228
Si;5;20260324;210500;80274;80278;80255;80256;416
Si;5;20260324;211000;80255;80260;80206;80215;617
Si;5;20260324;211500;80215;80228;80200;80212;298
Si;5;20260324;212000;80211;80235;80200;80210;300
Si;5;20260324;212500;80208;80226;80203;80212;249
Si;5;20260324;213000;80212;80231;80163;80170;716
Si;5;20260324;213500;80176;80228;80176;80220;412
Si;5;20260324;214000;80226;80250;80225;80239;557
Si;5;20260324;214500;80245;80268;80235;80236;842
Si;5;20260324;215000;80236;80257;80233;80257;290
Si;5;20260324;215500;80260;80267;80250;80260;177
Si;5;20260324;220000;80267;80293;80267;80281;361
Si;5;20260324;220500;80283;80310;80281;80307;462
Si;5;20260324;221000;80301;80314;80299;80309;535
Si;5;20260324;221500;80309;80345;80309;80339;749
Si;5;20260324;222000;80339;80363;80339;80356;541
Si;5;20260324;222500;80357;80367;80355;80367;454
Si;5;20260324;223000;80367;80385;80328;80336;1953
Si;5;20260324;223500;80334;80345;80318;80327;489
Si;5;20260324;224000;80327;80358;80317;80341;889
Si;5;20260324;224500;80340;80351;80335;80351;121
Si;5;20260324;225000;80346;80397;80329;80389;949
Si;5;20260324;225500;80392;80404;80392;80402;935
Si;5;20260324;230000;80402;80404;80386;80394;553
Si;5;20260324;230500;80394;80399;80377;80378;182
Si;5;20260324;231000;80377;80379;80344;80349;286
Si;5;20260324;231500;80348;80348;80319;80319;625
Si;5;20260324;232000;80325;80350;80263;80268;2614
Si;5;20260324;232500;80273;80348;80233;80348;1788
Si;5;20260324;233000;80348;80369;80255;80265;1357
Si;5;20260324;233500;80279;80327;80275;80310;1606
Si;5;20260324;234000;80317;80361;80310;80335;1333
Si;5;20260324;234500;80328;80400;80328;80361;860
Si;5;20260325;085500;80385;80385;80385;80385;34
Si;5;20260325;090000;80385;80500;80244;80385;9376
Si;5;20260325;090500;80382;80428;80289;80359;4111
Si;5;20260325;091000;80355;80381;80292;80370;3414
Si;5;20260325;091500;80370;80438;80311;80432;2909
Si;5;20260325;092000;80427;80483;80398;80471;4531
Si;5;20260325;092500;80471;80490;80413;80437;3691
Si;5;20260325;093000;80433;80484;80415;80466;3260
Si;5;20260325;093500;80469;80519;80446;80446;3080
Si;5;20260325;094000;80447;80470;80374;80419;2735
Si;5;20260325;094500;80420;80514;80419;80432;3060
Si;5;20260325;095000;80438;80439;80328;80356;5890
Si;5;20260325;095500;80353;80476;80353;80466;4315
Si;5;20260325;100000;80473;80640;80221;80261;27968
Si;5;20260325;100500;80257;80505;80217;80505;10618
Si;5;20260325;101000;80504;80759;80496;80729;30773
Si;5;20260325;101500;80731;80885;80724;80793;24909
Si;5;20260325;102000;80793;80840;80612;80674;15578
Si;5;20260325;102500;80674;80733;80575;80620;11735
Si;5;20260325;103000;80626;80770;80622;80745;9389
Si;5;20260325;103500;80745;80760;80623;80701;6965
Si;5;20260325;104000;80703;80816;80702;80710;7471
Si;5;20260325;104500;80709;80721;80515;80520;13543
Si;5;20260325;105000;80520;80635;80483;80628;11212
Si;5;20260325;105500;80628;80818;80610;80817;11490
Si;5;20260325;110000;80814;80853;80730;80770;10834
Si;5;20260325;110500;80771;80832;80710;80776;10660
Si;5;20260325;111000;80777;80791;80645;80711;11241
Si;5;20260325;111500;80711;80722;80666;80678;6538
Si;5;20260325;112000;80677;80700;80673;80682;6349
Si;5;20260325;112500;80682;80724;80675;80724;5851
Si;5;20260325;113000;80724;80750;80620;80665;19516
Si;5;20260325;113500;80665;80676;80534;80580;8636
Si;5;20260325;114000;80578;80600;80510;80587;4956
Si;5;20260325;114500;80589;80639;80585;80626;8788
Si;5;20260325;115000;80627;80668;80512;80568;6562
Si;5;20260325;115500;80567;80663;80567;80630;4154
Si;5;20260325;120000;80630;80644;80400;80514;10290
Si;5;20260325;120500;80513;80594;80457;80594;6270
Si;5;20260325;121000;80594;80700;80584;80613;8234
Si;5;20260325;121500;80615;80701;80575;80673;7276
Si;5;20260325;122000;80676;80750;80663;80750;8043
Si;5;20260325;122500;80750;80796;80700;80762;8221
Si;5;20260325;123000;80768;80800;80738;80770;8826
Si;5;20260325;123500;80770;80870;80693;80708;17842
Si;5;20260325;124000;80707;80783;80622;80678;5952
Si;5;20260325;124500;80679;80739;80673;80720;5538
Si;5;20260325;125000;80716;80800;80714;80766;7111
Si;5;20260325;125500;80770;80781;80722;80758;6231
Si;5;20260325;130000;80753;80787;80690;80778;8611
Si;5;20260325;130500;80779;80837;80732;80747;7362
Si;5;20260325;131000;80742;80773;80696;80729;6669
Si;5;20260325;131500;80730;80761;80642;80667;6470
Si;5;20260325;132000;80671;80727;80657;80727;4631
Si;5;20260325;132500;80727;80756;80701;80715;5638
Si;5;20260325;133000;80715;80731;80678;80689;9038
Si;5;20260325;133500;80690;80770;80690;80763;7477
Si;5;20260325;134000;80763;80830;80757;80789;9464
Si;5;20260325;134500;80788;80797;80710;80730;6164
Si;5;20260325;135000;80729;80810;80729;80764;6265
Si;5;20260325;135500;80764;80831;80751;80751;6973
Si;5;20260325;140000;80752;80754;80659;80681;5493
Si;5;20260325;140500;80678;80722;80636;80700;5780
Si;5;20260325;141000;80700;80748;80679;80706;4173
Si;5;20260325;141500;80706;80733;80658;80680;5073
Si;5;20260325;142000;80680;80710;80610;80618;5356
Si;5;20260325;142500;80619;80653;80606;80606;4787
Si;5;20260325;143000;80607;80608;80530;80556;8570
Si;5;20260325;143500;80557;80598;80527;80572;4968
Si;5;20260325;144000;80571;80618;80546;80601;4465
Si;5;20260325;144500;80599;80637;80575;80622;4545
Si;5;20260325;145000;80623;80642;80595;80612;3415
Si;5;20260325;145500;80611;80616;80574;80587;4393
Si;5;20260325;150000;80582;80682;80578;80602;6335
Si;5;20260325;150500;80602;80635;80572;80573;4244
Si;5;20260325;151000;80575;80675;80573;80668;4439
Si;5;20260325;151500;80668;80758;80664;80716;8223
Si;5;20260325;152000;80715;80720;80654;80693;3860
Si;5;20260325;152500;80693;80710;80651;80683;5431
Si;5;20260325;153000;80683;80708;80663;80693;5616
Si;5;20260325;153500;80691;80739;80664;80733;3517
Si;5;20260325;154000;80732;80796;80727;80768;6282
Si;5;20260325;154500;80766;80820;80747;80762;4821
Si;5;20260325;155000;80766;80960;80757;80878;19554
Si;5;20260325;155500;80878;80897;80817;80892;8956
Si;5;20260325;160000;80893;80996;80892;80929;14042
Si;5;20260325;160500;80930;80949;80825;80908;12482
Si;5;20260325;161000;80909;80982;80909;80982;6376
Si;5;20260325;161500;80982;81049;80969;81047;7864
Si;5;20260325;162000;81045;81048;80954;80959;7591
Si;5;20260325;162500;80959;81000;80930;80976;5826
Si;5;20260325;163000;80976;80995;80935;80946;6292
Si;5;20260325;163500;80942;80957;80877;80915;9797
Si;5;20260325;164000;80912;80920;80864;80899;3402
Si;5;20260325;164500;80900;80910;80821;80869;5517
Si;5;20260325;165000;80866;80913;80838;80910;4233
Si;5;20260325;165500;80910;80958;80909;80945;4783
Si;5;20260325;170000;80945;80973;80912;80938;4951
Si;5;20260325;170500;80938;80950;80892;80922;4557
Si;5;20260325;171000;80922;81014;80904;81005;4932
Si;5;20260325;171500;81004;81040;80996;81040;6577
Si;5;20260325;172000;81040;81070;80920;80947;9801
Si;5;20260325;172500;80948;81006;80934;81005;4887
Si;5;20260325;173000;81005;81119;81005;81081;10510
Si;5;20260325;173500;81081;81160;81055;81100;11242
Si;5;20260325;174000;81100;81134;81073;81130;5444
Si;5;20260325;174500;81130;81159;81097;81158;6382
Si;5;20260325;175000;81156;81158;81071;81100;5461
Si;5;20260325;175500;81100;81157;81050;81140;8642
Si;5;20260325;180000;81139;81249;81115;81179;17327
Si;5;20260325;180500;81176;81245;81176;81242;7150
Si;5;20260325;181000;81240;81362;81235;81357;11203
Si;5;20260325;181500;81354;81432;81306;81357;11179
Si;5;20260325;182000;81355;81392;81236;81249;10358
Si;5;20260325;182500;81249;81301;81229;81273;11407
Si;5;20260325;183000;81272;81293;81195;81213;4854
Si;5;20260325;183500;81215;81303;81207;81302;1648
Si;5;20260325;184000;81304;81389;81284;81352;6065
Si;5;20260325;184500;81354;81412;81301;81396;5192
Si;5;20260325;185000;81399;81454;81348;81447;7771
Si;5;20260325;185500;81452;81457;81364;81428;5960
Si;5;20260325;190000;81427;81469;81355;81408;5176
Si;5;20260325;190500;81416;81548;81416;81495;10204
Si;5;20260325;191000;81500;81570;81470;81477;5868
Si;5;20260325;191500;81478;81479;81412;81469;2456
Si;5;20260325;192000;81467;81559;81467;81491;2281
Si;5;20260325;192500;81491;81545;81453;81525;2023
Si;5;20260325;193000;81523;81554;81484;81544;1889
Si;5;20260325;193500;81547;81632;81537;81623;6393
Si;5;20260325;194000;81623;81689;81542;81599;7412
Si;5;20260325;194500;81599;81622;81500;81517;4234
Si;5;20260325;195000;81515;81565;81509;81530;1911
Si;5;20260325;195500;81528;81532;81428;81437;3731
Si;5;20260325;200000;81437;81485;81433;81474;1652
Si;5;20260325;200500;81474;81589;81472;81517;4329
Si;5;20260325;201000;81517;81599;81501;81517;2016
Si;5;20260325;201500;81517;81576;81501;81548;1162
Si;5;20260325;202000;81545;81550;81462;81473;793
Si;5;20260325;202500;81475;81545;81472;81524;2091
Si;5;20260325;203000;81527;81530;81490;81497;427
Si;5;20260325;203500;81497;81497;81475;81481;591
Si;5;20260325;204000;81481;81500;81466;81469;720
Si;5;20260325;204500;81468;81489;81468;81476;394
Si;5;20260325;205000;81476;81480;81353;81357;3254
Si;5;20260325;205500;81357;81439;81357;81434;2303
Si;5;20260325;210000;81438;81532;81423;81510;2477
Si;5;20260325;210500;81507;81540;81468;81530;1159
Si;5;20260325;211000;81530;81540;81484;81500;441
Si;5;20260325;211500;81500;81571;81488;81564;1082
Si;5;20260325;212000;81571;81576;81509;81510;1271
Si;5;20260325;212500;81507;81508;81454;81475;1601
Si;5;20260325;213000;81476;81528;81471;81512;560
Si;5;20260325;213500;81504;81516;81477;81508;381
Si;5;20260325;214000;81500;81500;81460;81473;266
Si;5;20260325;214500;81473;81475;81435;81442;1064
Si;5;20260325;215000;81442;81445;81386;81414;1788
Si;5;20260325;215500;81404;81431;81353;81364;3098
Si;5;20260325;220000;81359;81395;81307;81387;2863
Si;5;20260325;220500;81387;81434;81355;81417;2508
Si;5;20260325;221000;81417;81476;81377;81377;1490
Si;5;20260325;221500;81382;81465;81382;81441;1179
Si;5;20260325;222000;81444;81461;81378;81385;652
Si;5;20260325;222500;81386;81418;81371;81408;517
Si;5;20260325;223000;81401;81405;81393;81393;45
Si;5;20260325;223500;81392;81422;81378;81391;374
Si;5;20260325;224000;81395;81397;81371;81386;494
Si;5;20260325;224500;81393;81420;81393;81408;371
Si;5;20260325;225000;81404;81404;81369;81375;241
Si;5;20260325;225500;81375;81453;81368;81376;1413
Si;5;20260325;230000;81376;81396;81351;81388;992
Si;5;20260325;230500;81388;81404;81367;81371;573
Si;5;20260325;231000;81371;81374;81359;81368;196
Si;5;20260325;231500;81368;81400;81368;81399;290
Si;5;20260325;232000;81400;81457;81397;81457;697
Si;5;20260325;232500;81453;81480;81400;81416;1524
Si;5;20260325;233000;81411;81417;81372;81401;893
Si;5;20260325;233500;81402;81434;81374;81428;1037
Si;5;20260325;234000;81427;81439;81382;81403;519
Si;5;20260325;234500;81399;81419;81352;81373;1310
Si;5;20260326;085500;81415;81480;81415;81480;32
Si;5;20260326;090000;81480;81622;81415;81518;6754
Si;5;20260326;090500;81518;81633;81498;81609;4949
Si;5;20260326;091000;81609;81674;81490;81493;13668
Si;5;20260326;091500;81494;81551;81479;81547;2498
Si;5;20260326;092000;81547;81548;81501;81523;1571
Si;5;20260326;092500;81522;81573;81520;81572;1289
Si;5;20260326;093000;81567;81573;81507;81539;1124
Si;5;20260326;093500;81539;81600;81539;81575;937
Si;5;20260326;094000;81578;81610;81549;81594;1243
Si;5;20260326;094500;81586;81673;81585;81658;3191
Si;5;20260326;095000;81658;81719;81645;81657;5041
Si;5;20260326;095500;81654;81661;81566;81598;2991
Si;5;20260326;100000;81600;82045;81600;82037;30855
Si;5;20260326;100500;82033;82136;81951;82096;35023
Si;5;20260326;101000;82097;82361;82059;82167;45863
Si;5;20260326;101500;82168;82339;82136;82272;29816
Si;5;20260326;102000;82273;82378;82154;82230;17794
Si;5;20260326;102500;82235;82250;82075;82108;13847
Si;5;20260326;103000;82109;82178;81820;81913;46952
Si;5;20260326;103500;81912;82042;81880;81966;12652
Si;5;20260326;104000;81965;81970;81878;81880;9879
Si;5;20260326;104500;81879;81974;81824;81932;17521
Si;5;20260326;105000;81935;82084;81927;82081;11687
Si;5;20260326;105500;82083;82119;81956;82029;10955
Si;5;20260326;110000;82022;82171;82010;82089;12626
Si;5;20260326;110500;82090;82142;82006;82039;8268
Si;5;20260326;111000;82034;82073;81971;82025;7126
Si;5;20260326;111500;82027;82092;81971;81975;8660
Si;5;20260326;112000;81975;81983;81757;81760;25494
Si;5;20260326;112500;81764;81800;81751;81780;12632
Si;5;20260326;113000;81783;81800;81659;81750;25344
Si;5;20260326;113500;81750;81800;81748;81800;20643
Si;5;20260326;114000;81800;81929;81799;81898;27660
Si;5;20260326;114500;81897;82005;81868;81980;10686
Si;5;20260326;115000;81975;82054;81974;82038;7934
Si;5;20260326;115500;82042;82049;81932;81973;8392
Si;5;20260326;120000;81975;82050;81972;81976;8286
Si;5;20260326;120500;81978;82038;81911;82031;7432
Si;5;20260326;121000;82027;82031;81960;81988;7139
Si;5;20260326;121500;81981;82004;81860;81890;10570
Si;5;20260326;122000;81890;81921;81801;81825;8395
Si;5;20260326;122500;81821;81867;81805;81826;12119
Si;5;20260326;123000;81825;81844;81758;81838;14631
Si;5;20260326;123500;81838;81872;81794;81851;12038
Si;5;20260326;124000;81853;81856;81672;81746;15776
Si;5;20260326;124500;81746;81747;81570;81672;20593
Si;5;20260326;125000;81669;81673;81450;81453;27538
Si;5;20260326;125500;81460;81485;81406;81450;30889
Si;5;20260326;130000;81449;81450;81336;81371;47366
Si;5;20260326;130500;81370;81530;81341;81488;31772
Si;5;20260326;131000;81489;81594;81480;81561;15212
Si;5;20260326;131500;81563;81766;81551;81691;16077
Si;5;20260326;132000;81686;81778;81671;81751;9344
Si;5;20260326;132500;81753;81811;81693;81754;9721
Si;5;20260326;133000;81754;81786;81655;81743;12624
Si;5;20260326;133500;81735;81837;81714;81800;8028
Si;5;20260326;134000;81800;81845;81785;81810;8223
Si;5;20260326;134500;81810;81830;81757;81798;11431
Si;5;20260326;135000;81796;81894;81795;81880;6526
Si;5;20260326;135500;81880;81899;81787;81826;8230
Si;5;20260326;140000;81824;81827;81719;81753;8805
Si;5;20260326;140500;81753;81788;81678;81706;20558
Si;5;20260326;141000;81706;81811;81685;81783;17208
Si;5;20260326;141500;81780;81843;81748;81810;18411
Si;5;20260326;142000;81805;81805;81616;81722;23036
Si;5;20260326;142500;81720;81776;81695;81719;18248
Si;5;20260326;143000;81719;81799;81672;81749;30351
Si;5;20260326;143500;81750;81869;81732;81762;37939
Si;5;20260326;144000;81764;81848;81735;81830;25571
Si;5;20260326;144500;81826;82104;81762;82087;61504
Si;5;20260326;145000;82090;82177;82047;82072;15711
Si;5;20260326;145500;82072;82155;82047;82128;16383
Si;5;20260326;150000;82128;82186;82084;82108;13509
Si;5;20260326;150500;82108;82199;82084;82191;15454
Si;5;20260326;151000;82191;82244;82157;82201;19172
Si;5;20260326;151500;82202;82323;82201;82244;20942
Si;5;20260326;152000;82243;82273;82192;82200;9756
Si;5;20260326;152500;82200;82228;82157;82164;11486
Si;5;20260326;153000;82165;82184;82086;82125;10106
Si;5;20260326;153500;82124;82179;82101;82159;7391
Si;5;20260326;154000;82153;82162;82110;82143;7826
Si;5;20260326;154500;82143;82143;82078;82118;8826
Si;5;20260326;155000;82118;82170;81950;81963;36810
Si;5;20260326;155500;81960;81961;81733;81832;44596
Si;5;20260326;160000;81832;81840;81571;81607;54343
Si;5;20260326;160500;81606;81642;81530;81581;38909
Si;5;20260326;161000;81578;81627;81548;81575;20759
Si;5;20260326;161500;81575;81672;81534;81662;26105
Si;5;20260326;162000;81661;81818;81655;81711;28731
Si;5;20260326;162500;81711;81767;81670;81696;19037
Si;5;20260326;163000;81698;81741;81601;81622;21888
Si;5;20260326;163500;81626;81631;81220;81322;36960
Si;5;20260326;164000;81318;81497;81306;81394;21839
Si;5;20260326;164500;81394;81460;81305;81391;25491
Si;5;20260326;165000;81391;81391;81230;81290;16222
Si;5;20260326;165500;81287;81291;81100;81144;26486
Si;5;20260326;170000;81141;81141;80928;81008;30216
Si;5;20260326;170500;81010;81238;80988;81233;16359
Si;5;20260326;171000;81232;81322;81204;81312;10159
Si;5;20260326;171500;81313;81320;81239;81297;13935
Si;5;20260326;172000;81298;81300;81191;81233;9429
Si;5;20260326;172500;81232;81331;81197;81227;21328
Si;5;20260326;173000;81225;81242;81134;81163;10725
Si;5;20260326;173500;81164;81196;81116;81132;21821
Si;5;20260326;174000;81132;81134;81007;81039;14217
Si;5;20260326;174500;81040;81110;81024;81101;27439
Si;5;20260326;175000;81102;81102;80858;80871;19546
Si;5;20260326;175500;80873;80884;80722;80730;20865
Si;5;20260326;180000;80732;80745;80617;80667;24231
Si;5;20260326;180500;80666;80770;80620;80715;13404
Si;5;20260326;181000;80715;80841;80713;80820;12034
Si;5;20260326;181500;80822;80890;80817;80880;10758
Si;5;20260326;182000;80879;80909;80833;80883;6235
Si;5;20260326;182500;80882;80915;80838;80840;5151
Si;5;20260326;183000;80838;80853;80714;80719;10566
Si;5;20260326;183500;80720;80769;80631;80758;9108
Si;5;20260326;184000;80756;80858;80728;80827;6495
Si;5;20260326;184500;80825;80859;80745;80745;3038
Si;5;20260326;185000;80745;80755;80630;80665;4558
Si;5;20260326;185500;80662;80738;80634;80648;4144
Si;5;20260326;190000;80639;80821;80632;80804;5836
Si;5;20260326;190500;80804;80810;80702;80714;2421
Si;5;20260326;191000;80716;80825;80714;80773;3395
Si;5;20260326;191500;80779;80849;80774;80843;1787
Si;5;20260326;192000;80839;80943;80820;80933;4364
Si;5;20260326;192500;80932;80938;80847;80864;1724
Si;5;20260326;193000;80860;80898;80860;80862;1523
Si;5;20260326;193500;80870;80900;80815;80855;1467
Si;5;20260326;194000;80850;80894;80801;80849;1395
Si;5;20260326;194500;80846;80926;80830;80904;2293
Si;5;20260326;195000;80905;80915;80889;80911;700
Si;5;20260326;195500;80915;80924;80858;80876;1086
Si;5;20260326;200000;80875;80875;80789;80814;1913
Si;5;20260326;200500;80813;80860;80752;80845;2602
Si;5;20260326;201000;80850;80869;80832;80843;382
Si;5;20260326;201500;80836;80908;80830;80850;1535
Si;5;20260326;202000;80849;80849;80803;80808;837
Si;5;20260326;202500;80807;80826;80771;80805;1697
Si;5;20260326;203000;80806;80806;80710;80762;1946
Si;5;20260326;203500;80762;80763;80650;80677;2247
Si;5;20260326;204000;80678;80749;80677;80745;1247
Si;5;20260326;204500;80745;80746;80675;80710;1742
Si;5;20260326;205000;80716;80750;80716;80725;833
Si;5;20260326;205500;80728;80794;80723;80742;1521
Si;5;20260326;210000;80743;80763;80726;80744;539
Si;5;20260326;210500;80743;80754;80705;80730;726
Si;5;20260326;211000;80730;80743;80717;80720;434
Si;5;20260326;211500;80721;80738;80719;80719;373
Si;5;20260326;212000;80724;80727;80701;80716;817
Si;5;20260326;212500;80721;80727;80718;80723;198
Si;5;20260326;213000;80725;80775;80725;80775;1056
Si;5;20260326;213500;80775;80817;80775;80807;1004
Si;5;20260326;214000;80809;80831;80796;80797;524
Si;5;20260326;214500;80796;80796;80758;80777;578
Si;5;20260326;215000;80773;80816;80773;80802;592
Si;5;20260326;215500;80794;80801;80780;80788;52
Si;5;20260326;220000;80784;80784;80743;80743;522
Si;5;20260326;220500;80745;80750;80717;80749;763
Si;5;20260326;221000;80744;80776;80740;80756;340
Si;5;20260326;221500;80759;80806;80750;80801;582
Si;5;20260326;222000;80799;80811;80790;80807;1094
Si;5;20260326;222500;80805;80807;80795;80796;398
Si;5;20260326;223000;80798;80798;80783;80788;265
Si;5;20260326;223500;80791;80832;80789;80829;477
Si;5;20260326;224000;80833;80855;80820;80821;542
Si;5;20260326;224500;80820;80827;80803;80815;356
Si;5;20260326;225000;80818;80842;80814;80838;260
Si;5;20260326;225500;80840;80853;80834;80849;381
Si;5;20260326;230000;80852;80887;80850;80859;716
Si;5;20260326;230500;80856;80864;80844;80856;213
Si;5;20260326;231000;80855;80868;80673;80741;3557
Si;5;20260326;231500;80739;80783;80694;80738;725
Si;5;20260326;232000;80729;80824;80717;80781;955
Si;5;20260326;232500;80776;80827;80757;80796;524
Si;5;20260326;233000;80798;80850;80796;80830;689
Si;5;20260326;233500;80829;80837;80793;80796;771
Si;5;20260326;234000;80800;80820;80774;80782;893
Si;5;20260326;234500;80782;80891;80782;80880;1553
Si;5;20260327;085500;80888;80888;80888;80888;38
Si;5;20260327;090000;80880;80890;80521;80760;10990
Si;5;20260327;090500;80767;80775;80670;80691;4297
Si;5;20260327;091000;80687;80779;80654;80754;1734
Si;5;20260327;091500;80754;80756;80585;80595;4819
Si;5;20260327;092000;80597;80672;80571;80645;3006
Si;5;20260327;092500;80643;80699;80632;80634;1494
Si;5;20260327;093000;80633;80666;80609;80666;2132
Si;5;20260327;093500;80667;80668;80537;80586;3948
Si;5;20260327;094000;80586;80625;80556;80587;2130
Si;5;20260327;094500;80589;80657;80580;80635;2062
Si;5;20260327;095000;80628;80659;80561;80638;3457
Si;5;20260327;095500;80632;80646;80560;80581;2119
Si;5;20260327;100000;80580;81009;80419;80944;38340
Si;5;20260327;100500;80939;81015;80861;80977;16179
Si;5;20260327;101000;80969;81296;80969;81150;27249
Si;5;20260327;101500;81149;81173;81001;81024;11257
Si;5;20260327;102000;81021;81031;80933;80999;6840
Si;5;20260327;102500;80995;81090;80907;81005;7904
Si;5;20260327;103000;81014;81058;80958;80998;4600
Si;5;20260327;103500;80992;81135;80992;81084;9482
Si;5;20260327;104000;81085;81108;80969;80972;5548
Si;5;20260327;104500;80969;80980;80904;80959;11181
Si;5;20260327;105000;80962;81072;80928;80940;8400
Si;5;20260327;105500;80949;81023;80891;80894;4513
Si;5;20260327;110000;80896;80900;80761;80761;13592
Si;5;20260327;110500;80760;80761;80630;80653;16074
Si;5;20260327;111000;80651;80719;80568;80639;12602
Si;5;20260327;111500;80632;80688;80570;80678;6313
Si;5;20260327;112000;80678;80730;80603;80603;8111
Si;5;20260327;112500;80609;80613;80466;80497;17172
Si;5;20260327;113000;80497;80604;80488;80590;8985
Si;5;20260327;113500;80590;80671;80547;80662;3427
Si;5;20260327;114000;80662;80686;80601;80639;3730
Si;5;20260327;114500;80638;80701;80580;80615;5368
Si;5;20260327;115000;80615;80682;80586;80682;1439
Si;5;20260327;115500;80680;80729;80523;80554;7826
Si;5;20260327;120000;80557;80797;80484;80788;14295
Si;5;20260327;120500;80793;80845;80632;80735;12965
Si;5;20260327;121000;80733;80975;80733;80896;13072
Si;5;20260327;121500;80899;81092;80899;81075;11850
Si;5;20260327;122000;81076;81243;81076;81132;19541
Si;5;20260327;122500;81128;81193;81068;81105;9855
Si;5;20260327;123000;81108;81179;81031;81161;12252
Si;5;20260327;123500;81157;81369;81154;81294;19648
Si;5;20260327;124000;81298;81315;81187;81243;7346
Si;5;20260327;124500;81243;81269;81208;81225;3930
Si;5;20260327;125000;81227;81313;81226;81271;5195
Si;5;20260327;125500;81272;81377;81257;81377;7619
Si;5;20260327;130000;81377;81526;81375;81475;17265
Si;5;20260327;130500;81475;81510;81377;81399;8614
Si;5;20260327;131000;81400;81422;81354;81394;5725
Si;5;20260327;131500;81397;81472;81384;81424;6564
Si;5;20260327;132000;81429;81446;81306;81310;7196
Si;5;20260327;132500;81309;81369;81256;81264;5101
Si;5;20260327;133000;81268;81310;81233;81275;3488
Si;5;20260327;133500;81277;81345;81222;81230;5550
Si;5;20260327;134000;81233;81323;81233;81245;4607
Si;5;20260327;134500;81249;81330;81249;81296;3976
Si;5;20260327;135000;81294;81316;81214;81224;4160
Si;5;20260327;135500;81227;81390;81182;81376;7337
Si;5;20260327;140000;81375;81389;81106;81158;7304
Si;5;20260327;140500;81158;81342;81143;81342;5184
Si;5;20260327;141000;81343;81454;81272;81291;6343
Si;5;20260327;141500;81295;81360;81206;81307;6886
Si;5;20260327;142000;81307;81346;81255;81342;4357
Si;5;20260327;142500;81342;81433;81332;81332;5860
Si;5;20260327;143000;81337;81382;81310;81311;2280
Si;5;20260327;143500;81313;81346;81306;81325;1948
Si;5;20260327;144000;81326;81377;81322;81343;2195
Si;5;20260327;144500;81347;81363;81277;81284;1876
Si;5;20260327;145000;81288;81298;81180;81221;3867
Si;5;20260327;145500;81220;81282;81183;81281;2710
Si;5;20260327;150000;81283;81330;81080;81102;9584
Si;5;20260327;150500;81101;81189;81090;81154;8348
Si;5;20260327;151000;81157;81171;81051;81127;8620
Si;5;20260327;151500;81130;81155;81031;81115;6920
Si;5;20260327;152000;81114;81184;81069;81076;5266
Si;5;20260327;152500;81078;81123;81029;81079;9723
Si;5;20260327;153000;81083;81083;81006;81022;3363
Si;5;20260327;153500;81020;81125;81020;81112;4674
Si;5;20260327;154000;81115;81195;81086;81182;8638
Si;5;20260327;154500;81182;81293;81162;81244;12656
Si;5;20260327;155000;81245;81265;81131;81220;9124
Si;5;20260327;155500;81217;81290;81201;81271;8049
Si;5;20260327;160000;81270;81286;81157;81191;7246
Si;5;20260327;160500;81191;81236;81150;81208;3206
Si;5;20260327;161000;81206;81210;81135;81148;3349
Si;5;20260327;161500;81149;81188;81114;81136;5874
Si;5;20260327;162000;81135;81148;81050;81138;12528
Si;5;20260327;162500;81133;81233;81119;81184;12804
Si;5;20260327;163000;81184;81241;81173;81229;11603
Si;5;20260327;163500;81229;81352;81228;81297;12671
Si;5;20260327;164000;81301;81429;81251;81351;23696
Si;5;20260327;164500;81348;81450;81290;81433;34220
Si;5;20260327;165000;81432;81567;81423;81505;32948
Si;5;20260327;165500;81510;81520;81447;81503;22177
Si;5;20260327;170000;81498;81585;81451;81494;34709
Si;5;20260327;170500;81495;81636;81477;81565;34544
Si;5;20260327;171000;81562;81571;81497;81506;6101
Si;5;20260327;171500;81506;81515;81410;81480;7260
Si;5;20260327;172000;81480;81577;81466;81483;6523
Si;5;20260327;172500;81484;81521;81440;81443;3775
Si;5;20260327;173000;81449;81501;81368;81412;4061
Si;5;20260327;173500;81409;81514;81374;81491;3940
Si;5;20260327;174000;81493;81530;81425;81478;2831
Si;5;20260327;174500;81478;81498;81454;81485;3064
Si;5;20260327;175000;81485;81645;81471;81645;12640
Si;5;20260327;175500;81645;81723;81606;81651;16523
Si;5;20260327;180000;81652;81770;81649;81715;13629
Si;5;20260327;180500;81715;81880;81709;81807;18847
Si;5;20260327;181000;81808;81808;81597;81691;13350
Si;5;20260327;181500;81691;81693;81605;81675;7615
Si;5;20260327;182000;81674;81811;81580;81771;22205
Si;5;20260327;182500;81780;81948;81772;81929;31804
Si;5;20260327;183000;81933;81946;81761;81786;14549
Si;5;20260327;183500;81787;81840;81730;81800;6596
Si;5;20260327;184000;81800;81833;81757;81770;2601
Si;5;20260327;184500;81767;81875;81760;81858;3215
Si;5;20260327;185000;81855;81965;81827;81904;7492
Si;5;20260327;185500;81903;81936;81833;81915;4401
Si;5;20260327;190000;81915;81929;81781;81795;2667
Si;5;20260327;190500;81792;81829;81769;81786;2516
Si;5;20260327;191000;81788;81869;81764;81765;3320
Si;5;20260327;191500;81765;81776;81701;81701;3304
Si;5;20260327;192000;81701;81722;81684;81707;2272
Si;5;20260327;192500;81710;81799;81689;81719;2205
Si;5;20260327;193000;81718;81755;81670;81714;2670
Si;5;20260327;193500;81714;81743;81702;81702;778
Si;5;20260327;194000;81709;81790;81703;81727;1673
Si;5;20260327;194500;81722;81740;81700;81733;508
Si;5;20260327;195000;81733;81733;81699;81703;631
Si;5;20260327;195500;81700;81700;81670;81674;776
Si;5;20260327;200000;81676;81697;81666;81685;758
Si;5;20260327;200500;81687;81708;81679;81700;1372
Si;5;20260327;201000;81700;81700;81627;81627;1716
Si;5;20260327;201500;81629;81670;81625;81642;1222
Si;5;20260327;202000;81644;81685;81626;81685;1393
Si;5;20260327;202500;81684;81686;81626;81629;1513
Si;5;20260327;203000;81630;81652;81626;81641;499
Si;5;20260327;203500;81649;81680;81648;81680;565
Si;5;20260327;204000;81679;81687;81660;81660;390
Si;5;20260327;204500;81665;81699;81665;81683;482
Si;5;20260327;205000;81680;81680;81636;81639;710
Si;5;20260327;205500;81643;81665;81640;81665;776
Si;5;20260327;210000;81663;81680;81659;81680;303
Si;5;20260327;210500;81677;81700;81650;81683;1326
Si;5;20260327;211000;81683;81757;81683;81735;1723
Si;5;20260327;211500;81736;81790;81718;81762;1098
Si;5;20260327;212000;81771;81799;81763;81765;579
Si;5;20260327;212500;81765;81820;81764;81820;1166
Si;5;20260327;213000;81820;81848;81783;81808;1644
Si;5;20260327;213500;81803;81815;81755;81775;613
Si;5;20260327;214000;81778;81778;81740;81746;377
Si;5;20260327;214500;81744;81776;81740;81748;415
Si;5;20260327;215000;81747;81763;81732;81757;342
Si;5;20260327;215500;81757;81759;81732;81741;396
Si;5;20260327;220000;81737;81747;81728;81746;231
Si;5;20260327;220500;81746;81838;81745;81838;1000
Si;5;20260327;221000;81836;81839;81785;81785;649
Si;5;20260327;221500;81791;81799;81775;81785;353
Si;5;20260327;222000;81779;81799;81774;81798;204
Si;5;20260327;222500;81795;81795;81755;81767;670
Si;5;20260327;223000;81770;81772;81729;81739;662
Si;5;20260327;223500;81736;81751;81731;81733;778
Si;5;20260327;224000;81734;81767;81734;81752;275
Si;5;20260327;224500;81745;81769;81744;81752;446
Si;5;20260327;225000;81753;81795;81746;81787;742
Si;5;20260327;225500;81785;81822;81770;81783;1477
Si;5;20260327;230000;81782;81797;81756;81756;508
Si;5;20260327;230500;81760;81770;81750;81750;687
Si;5;20260327;231000;81752;81795;81747;81788;693
Si;5;20260327;231500;81788;81830;81783;81827;712
Si;5;20260327;232000;81827;81828;81770;81774;1010
Si;5;20260327;232500;81774;81775;81751;81751;489
Si;5;20260327;233000;81763;81773;81735;81770;956
Si;5;20260327;233500;81768;81776;81743;81757;912
Si;5;20260327;234000;81757;81758;81738;81741;671
Si;5;20260327;234500;81741;81786;81732;81732;1569
Si;5;20260330;085500;81676;81676;81676;81676;147
Si;5;20260330;090000;81676;81848;81531;81787;12256
Si;5;20260330;090500;81791;81962;81759;81910;9204
Si;5;20260330;091000;81911;81977;81859;81864;6955
Si;5;20260330;091500;81874;81949;81851;81890;3903
Si;5;20260330;092000;81887;81970;81883;81930;2963
Si;5;20260330;092500;81930;81946;81890;81900;2517
Si;5;20260330;093000;81900;82028;81900;81994;7191
Si;5;20260330;093500;81993;82039;81973;81990;3655
Si;5;20260330;094000;81991;82013;81886;81918;4835
Si;5;20260330;094500;81918;81988;81888;81965;3224
Si;5;20260330;095000;81957;82017;81927;81984;3351
Si;5;20260330;095500;81988;81994;81911;81953;1801
Si;5;20260330;100000;81956;82097;81680;81803;25819
Si;5;20260330;100500;81803;81820;81634;81700;17587
Si;5;20260330;101000;81704;81711;81511;81512;16352
Si;5;20260330;101500;81512;81559;81389;81550;15521
Si;5;20260330;102000;81552;81667;81509;81652;8905
Si;5;20260330;102500;81654;81656;81560;81581;5213
Si;5;20260330;103000;81578;81696;81562;81666;5149
Si;5;20260330;103500;81669;81690;81586;81607;5243
Si;5;20260330;104000;81607;81721;81582;81680;5431
Si;5;20260330;104500;81680;81778;81612;81763;8479
Si;5;20260330;105000;81763;81774;81626;81661;6727
Si;5;20260330;105500;81658;81659;81586;81638;4459
Si;5;20260330;110000;81641;81724;81629;81719;4715
Si;5;20260330;110500;81719;81815;81692;81802;4691
Si;5;20260330;111000;81801;81838;81714;81727;5907
Si;5;20260330;111500;81728;81789;81706;81764;6215
Si;5;20260330;112000;81770;81792;81704;81710;4234
Si;5;20260330;112500;81712;81729;81650;81691;4961
Si;5;20260330;113000;81694;81728;81683;81706;3181
Si;5;20260330;113500;81701;81719;81625;81646;3541
Si;5;20260330;114000;81646;81653;81591;81623;4881
Si;5;20260330;114500;81627;81659;81566;81568;5519
Si;5;20260330;115000;81571;81573;81470;81552;12700
Si;5;20260330;115500;81552;81640;81523;81616;7014
Si;5;20260330;120000;81616;81622;81494;81497;11246
Si;5;20260330;120500;81498;81500;81332;81421;20218
Si;5;20260330;121000;81421;81494;81360;81373;9315
Si;5;20260330;121500;81372;81372;81254;81350;11890
Si;5;20260330;122000;81351;81466;81330;81458;8960
Si;5;20260330;122500;81455;81459;81361;81362;8210
Si;5;20260330;123000;81361;81385;81304;81334;10369
Si;5;20260330;123500;81330;81416;81316;81367;7512
Si;5;20260330;124000;81363;81400;81321;81391;7247
Si;5;20260330;124500;81390;81466;81367;81449;7899
Si;5;20260330;125000;81448;81492;81443;81462;8939
Si;5;20260330;125500;81464;81564;81450;81504;7657
Si;5;20260330;130000;81504;81511;81420;81467;8071
Si;5;20260330;130500;81467;81468;81345;81394;8661
Si;5;20260330;131000;81392;81418;81307;81406;11783
Si;5;20260330;131500;81402;81408;81378;81380;12085
Si;5;20260330;132000;81381;81386;81177;81200;27098
Si;5;20260330;132500;81201;81264;81157;81257;9685
Si;5;20260330;133000;81253;81350;81205;81347;14700
Si;5;20260330;133500;81348;81391;81340;81370;11807
Si;5;20260330;134000;81370;81447;81313;81377;11128
Si;5;20260330;134500;81374;81424;81329;81329;5013
Si;5;20260330;135000;81330;81347;81318;81333;5103
Si;5;20260330;135500;81332;81392;81329;81354;5103
Si;5;20260330;140000;81352;81399;81319;81346;4768
Si;5;20260330;140500;81348;81350;81281;81320;7822
Si;5;20260330;141000;81318;81391;81315;81379;7705
Si;5;20260330;141500;81380;81431;81359;81410;12087
Si;5;20260330;142000;81411;81527;81410;81518;10314
Si;5;20260330;142500;81520;81535;81470;81533;7045
Si;5;20260330;143000;81533;81598;81515;81560;11426
Si;5;20260330;143500;81566;81658;81561;81584;10206
Si;5;20260330;144000;81585;81639;81563;81614;13327
Si;5;20260330;144500;81614;81636;81576;81620;15693
Si;5;20260330;145000;81620;81640;81565;81633;14604
Si;5;20260330;145500;81633;81694;81633;81690;6169
Si;5;20260330;150000;81690;81833;81690;81762;14473
Si;5;20260330;150500;81762;81867;81750;81802;10677
Si;5;20260330;151000;81804;81950;81804;81946;15088
Si;5;20260330;151500;81947;81955;81827;81860;16644
Si;5;20260330;152000;81860;81877;81812;81824;6088
Si;5;20260330;152500;81823;81915;81805;81899;10708
Si;5;20260330;153000;81900;81911;81752;81769;8590
Si;5;20260330;153500;81772;81809;81752;81802;6977
Si;5;20260330;154000;81801;81850;81754;81803;6581
Si;5;20260330;154500;81804;81875;81778;81875;3725
Si;5;20260330;155000;81873;81919;81854;81871;5389
Si;5;20260330;155500;81870;81907;81862;81866;5611
Si;5;20260330;160000;81863;81871;81716;81734;7315
Si;5;20260330;160500;81734;81757;81622;81681;12355
Si;5;20260330;161000;81682;81720;81631;81663;7247
Si;5;20260330;161500;81662;81691;81631;81687;3784
Si;5;20260330;162000;81689;81751;81676;81734;3765
Si;5;20260330;162500;81732;81753;81694;81749;5849
Si;5;20260330;163000;81750;81794;81746;81783;3275
Si;5;20260330;163500;81784;81819;81751;81755;3319
Si;5;20260330;164000;81756;81819;81752;81813;3709
Si;5;20260330;164500;81813;81817;81751;81781;4775
Si;5;20260330;165000;81784;81800;81761;81793;4831
Si;5;20260330;165500;81792;81911;81783;81899;10483
Si;5;20260330;170000;81896;81983;81860;81959;9892
Si;5;20260330;170500;81959;82168;81959;82072;38819
Si;5;20260330;171000;82072;82133;82053;82053;9117
Si;5;20260330;171500;82052;82219;82034;82181;13529
Si;5;20260330;172000;82183;82419;82179;82302;32712
Si;5;20260330;172500;82303;82355;82210;82221;12319
Si;5;20260330;173000;82222;82284;82175;82190;8664
Si;5;20260330;173500;82190;82273;82168;82169;4346
Si;5;20260330;174000;82169;82183;82104;82142;8575
Si;5;20260330;174500;82147;82307;82141;82214;7588
Si;5;20260330;175000;82209;82324;82185;82278;5557
Si;5;20260330;175500;82272;82328;82195;82208;5307
Si;5;20260330;180000;82210;82251;82160;82192;5817
Si;5;20260330;180500;82195;82375;82190;82318;5512
Si;5;20260330;181000;82316;82328;82130;82191;15054
Si;5;20260330;181500;82192;82236;82127;82232;5371
Si;5;20260330;182000;82230;82237;82136;82165;2676
Si;5;20260330;182500;82164;82247;82156;82215;3563
Si;5;20260330;183000;82214;82268;82193;82213;3001
Si;5;20260330;183500;82210;82242;82201;82203;1626
Si;5;20260330;184000;82203;82231;82162;82208;1717
Si;5;20260330;184500;82210;82249;82202;82207;2116
Si;5;20260330;185000;82207;82223;82197;82207;646
Si;5;20260330;185500;82207;82207;82123;82131;2932
Si;5;20260330;190000;82129;82175;82010;82130;8825
Si;5;20260330;190500;82131;82139;81827;81892;17271
Si;5;20260330;191000;81909;82005;81861;81901;5077
Si;5;20260330;191500;81901;82018;81892;81997;3624
Si;5;20260330;192000;81995;82000;81900;81920;2330
Si;5;20260330;192500;81920;81920;81853;81881;3190
Si;5;20260330;193000;81888;81957;81871;81924;1908
Si;5;20260330;193500;81923;81964;81881;81888;821
Si;5;20260330;194000;81890;81914;81870;81885;1014
Si;5;20260330;194500;81879;81889;81824;81863;2200
Si;5;20260330;195000;81859;81859;81809;81815;1347
Si;5;20260330;195500;81812;81819;81752;81761;4156
Si;5;20260330;200000;81768;81796;81700;81795;3913
Si;5;20260330;200500;81797;81797;81680;81705;3941
Si;5;20260330;201000;81704;81751;81650;81703;4427
Si;5;20260330;201500;81706;81733;81681;81690;2675
Si;5;20260330;202000;81690;81723;81573;81694;8004
Si;5;20260330;202500;81694;81750;81678;81732;1502
Si;5;20260330;203000;81733;81784;81730;81745;1142
Si;5;20260330;203500;81744;81816;81711;81797;3079
Si;5;20260330;204000;81795;81819;81775;81777;888
Si;5;20260330;204500;81782;81796;81747;81771;792
Si;5;20260330;205000;81771;81772;81729;81743;287
Si;5;20260330;205500;81741;81744;81713;81730;572
Si;5;20260330;210000;81730;81780;81728;81780;385
Si;5;20260330;210500;81776;81809;81776;81799;448
Si;5;20260330;211000;81798;81805;81770;81790;817
Si;5;20260330;211500;81797;81810;81784;81802;217
Si;5;20260330;212000;81799;81861;81789;81831;1246
Si;5;20260330;212500;81830;81831;81752;81770;847
Si;5;20260330;213000;81760;81760;81725;81751;487
Si;5;20260330;213500;81751;81794;81745;81792;336
Si;5;20260330;214000;81794;81795;81757;81781;265
Si;5;20260330;214500;81774;81825;81766;81776;1478
Si;5;20260330;215000;81776;81820;81774;81814;353
Si;5;20260330;215500;81814;81846;81807;81826;749
Si;5;20260330;220000;81826;81874;81819;81870;1854
Si;5;20260330;220500;81870;81872;81839;81849;282
Si;5;20260330;221000;81855;81861;81813;81835;562
Si;5;20260330;221500;81814;81817;81782;81808;191
Si;5;20260330;222000;81808;81816;81781;81781;220
Si;5;20260330;222500;81788;81798;81782;81798;221
Si;5;20260330;223000;81800;81808;81799;81802;64
Si;5;20260330;223500;81802;81841;81777;81836;701
Si;5;20260330;224000;81836;81865;81797;81812;972
Si;5;20260330;224500;81810;81830;81807;81820;203
Si;5;20260330;225000;81825;81844;81815;81836;431
Si;5;20260330;225500;81836;81836;81812;81822;177
Si;5;20260330;230000;81822;81837;81790;81790;535
Si;5;20260330;230500;81787;81805;81771;81801;403
Si;5;20260330;231000;81794;81794;81762;81768;445
Si;5;20260330;231500;81770;81770;81758;81762;498
Si;5;20260330;232000;81763;81783;81750;81766;578
Si;5;20260330;232500;81766;81789;81751;81751;479
Si;5;20260330;233000;81763;81789;81755;81782;212
Si;5;20260330;233500;81774;81800;81770;81791;503
Si;5;20260330;234000;81800;81805;81777;81786;501
Si;5;20260330;234500;81782;81811;81756;81773;772
Si;5;20260331;085500;81740;81740;81740;81740;45
Si;5;20260331;090000;81790;81898;81726;81807;5344
Si;5;20260331;090500;81795;81869;81773;81834;2141
Si;5;20260331;091000;81835;81842;81766;81824;1332
Si;5;20260331;091500;81825;81885;81792;81839;2107
Si;5;20260331;092000;81839;81890;81826;81869;1238
Si;5;20260331;092500;81868;81949;81862;81912;2293
Si;5;20260331;093000;81915;81938;81776;81803;2124
Si;5;20260331;093500;81802;81830;81760;81786;1641
Si;5;20260331;094000;81786;81887;81722;81821;4189
Si;5;20260331;094500;81813;81813;81754;81803;1554
Si;5;20260331;095000;81800;81801;81730;81754;1176
Si;5;20260331;095500;81744;81750;81680;81712;4146
Si;5;20260331;100000;81715;81908;81640;81862;16595
Si;5;20260331;100500;81866;82055;81802;81981;16318
Si;5;20260331;101000;81985;82008;81883;81901;7934
Si;5;20260331;101500;81902;82033;81875;81970;8898
Si;5;20260331;102000;81970;81999;81926;81963;4867
Si;5;20260331;102500;81963;81996;81812;81864;7407
Si;5;20260331;103000;81868;82021;81862;81990;7589
Si;5;20260331;103500;81991;82005;81931;81973;7249
Si;5;20260331;104000;81972;82000;81958;81999;12961
Si;5;20260331;104500;82000;82000;81893;81962;7831
Si;5;20260331;105000;81963;82091;81928;82091;17548
Si;5;20260331;105500;82090;82110;81950;81955;15763
Si;5;20260331;110000;81956;81968;81918;81944;5117
Si;5;20260331;110500;81945;81960;81911;81931;4007
Si;5;20260331;111000;81931;81940;81769;81784;12809
Si;5;20260331;111500;81785;81870;81745;81841;8862
Si;5;20260331;112000;81838;81865;81783;81803;4302
Si;5;20260331;112500;81802;81829;81712;81802;6420
Si;5;20260331;113000;81805;81810;81717;81780;7266
Si;5;20260331;113500;81778;81841;81730;81732;12038
Si;5;20260331;114000;81735;81760;81651;81664;16955
Si;5;20260331;114500;81664;81680;81616;81652;12679
Si;5;20260331;115000;81652;81737;81577;81732;16229
Si;5;20260331;115500;81729;81793;81689;81766;8067
Si;5;20260331;120000;81767;81858;81723;81761;15246
Si;5;20260331;120500;81755;81829;81743;81821;7014
Si;5;20260331;121000;81821;81887;81821;81880;10264
Si;5;20260331;121500;81880;81940;81849;81864;23419
Si;5;20260331;122000;81864;81910;81860;81901;8147
Si;5;20260331;122500;81897;81987;81895;81968;13133
Si;5;20260331;123000;81971;82035;81904;81927;16238
Si;5;20260331;123500;81934;81949;81911;81919;8617
Si;5;20260331;124000;81922;81936;81844;81845;16153
Si;5;20260331;124500;81846;81916;81833;81874;13157
Si;5;20260331;125000;81873;81879;81842;81879;7096
Si;5;20260331;125500;81878;81933;81842;81866;19948
Si;5;20260331;130000;81868;82054;81842;82029;21890
Si;5;20260331;130500;82034;82097;82002;82052;18753
Si;5;20260331;131000;82053;82142;82015;82121;17132
Si;5;20260331;131500;82121;82173;82121;82159;11963
Si;5;20260331;132000;82158;82200;82120;82182;10137
Si;5;20260331;132500;82183;82225;82164;82172;9970
Si;5;20260331;133000;82174;82250;82144;82161;9370
Si;5;20260331;133500;82161;82188;82127;82149;3795
Si;5;20260331;134000;82146;82223;82146;82186;3552
Si;5;20260331;134500;82189;82215;82134;82144;4959
Si;5;20260331;135000;82144;82160;82120;82140;4412
Si;5;20260331;135500;82140;82180;82133;82156;2924
Si;5;20260331;140000;82157;82209;82148;82156;8218
Si;5;20260331;140500;82156;82163;82135;82135;4413
Si;5;20260331;141000;82135;82139;82079;82099;7717
Si;5;20260331;141500;82099;82107;82060;82066;4603
Si;5;20260331;142000;82070;82075;82045;82058;7711
Si;5;20260331;142500;82059;82065;82017;82046;5076
Si;5;20260331;143000;82047;82051;81971;82040;11434
Si;5;20260331;143500;82041;82190;82041;82097;22952
Si;5;20260331;144000;82097;82149;82060;82117;9351
Si;5;20260331;144500;82115;82369;82107;82342;24989
Si;5;20260331;145000;82342;82519;82325;82451;23120
Si;5;20260331;145500;82454;82485;82353;82460;14908
Si;5;20260331;150000;82462;82699;82455;82669;34896
Si;5;20260331;150500;82669;82735;82591;82699;27977
Si;5;20260331;151000;82697;82793;82663;82757;23907
Si;5;20260331;151500;82758;82768;82470;82516;25645
Si;5;20260331;152000;82521;82535;82420;82533;8383
Si;5;20260331;152500;82532;82534;82394;82414;6086
Si;5;20260331;153000;82418;82474;82311;82333;18584
Si;5;20260331;153500;82336;82500;82330;82402;12908
Si;5;20260331;154000;82401;82538;82401;82440;8105
Si;5;20260331;154500;82441;82503;82384;82460;5866
Si;5;20260331;155000;82462;82595;82460;82554;8044
Si;5;20260331;155500;82551;82629;82546;82571;8126
Si;5;20260331;160000;82574;82600;82474;82512;7565
Si;5;20260331;160500;82512;82512;82444;82459;4674
Si;5;20260331;161000;82460;82529;82457;82471;4971
Si;5;20260331;161500;82470;82513;82462;82494;2253
Si;5;20260331;162000;82493;82518;82460;82496;4751
Si;5;20260331;162500;82496;82505;82402;82449;6202
Si;5;20260331;163000;82452;82490;82326;82385;10778
Si;5;20260331;163500;82388;82405;82354;82370;2246
Si;5;20260331;164000;82370;82395;82361;82380;3558
Si;5;20260331;164500;82378;82418;82364;82389;7599
Si;5;20260331;165000;82387;82415;82320;82351;4553
Si;5;20260331;165500;82347;82395;82341;82375;4159
Si;5;20260331;170000;82374;82405;82327;82382;3730
Si;5;20260331;170500;82387;82453;82375;82438;3881
Si;5;20260331;171000;82442;82523;82392;82455;6566
Si;5;20260331;171500;82464;82479;82260;82330;8975
Si;5;20260331;172000;82330;82343;82138;82164;12082
Si;5;20260331;172500;82162;82213;82123;82163;11850
Si;5;20260331;173000;82163;82202;82062;82074;24822
Si;5;20260331;173500;82076;82218;82050;82201;28355
Si;5;20260331;174000;82197;82285;82100;82259;26156
Si;5;20260331;174500;82260;82290;82163;82248;21390
Si;5;20260331;175000;82249;82392;82245;82355;21641
Si;5;20260331;175500;82355;82400;82292;82330;19481
Si;5;20260331;180000;82331;82377;82265;82358;6884
Si;5;20260331;180500;82358;82532;82347;82515;24872
Si;5;20260331;181000;82517;82567;82491;82540;24456
Si;5;20260331;181500;82540;82541;82423;82448;33155
Si;5;20260331;182000;82444;82512;82375;82380;15733
Si;5;20260331;182500;82375;82447;82339;82373;6833
Si;5;20260331;183000;82371;82420;82347;82406;2343
Si;5;20260331;183500;82408;82408;82233;82270;3456
Si;5;20260331;184000;82272;82280;82205;82250;4498
Si;5;20260331;184500;82249;82281;82175;82265;6539
Si;5;20260331;185000;82264;82285;82201;82202;1546
Si;5;20260331;185500;82205;82242;82203;82214;2091
Si;5;20260331;190000;82214;82268;82182;82255;1873
Si;5;20260331;190500;82258;82288;82237;82276;2036
Si;5;20260331;191000;82279;82335;82247;82276;2491
Si;5;20260331;191500;82271;82278;82190;82214;1954
Si;5;20260331;192000;82204;82249;82191;82249;1350
Si;5;20260331;192500;82242;82263;82240;82241;410
Si;5;20260331;193000;82240;82272;82227;82235;1097
Si;5;20260331;193500;82237;82281;82234;82243;775
Si;5;20260331;194000;82243;82367;82241;82357;4450
Si;5;20260331;194500;82349;82362;82282;82297;1377
Si;5;20260331;195000;82298;82360;82272;82355;1231
Si;5;20260331;195500;82361;82393;82256;82284;2419
Si;5;20260331;200000;82271;82331;82267;82283;1150
Si;5;20260331;200500;82280;82280;82223;82232;1851
Si;5;20260331;201000;82230;82280;82212;82280;922
Si;5;20260331;201500;82286;82346;82272;82336;1747
Si;5;20260331;202000;82343;82365;82326;82344;716
Si;5;20260331;202500;82347;82366;82325;82366;908
Si;5;20260331;203000;82361;82361;82308;82309;601
Si;5;20260331;203500;82305;82318;82296;82314;353
Si;5;20260331;204000;82314;82315;82275;82279;556
Si;5;20260331;204500;82282;82290;82225;82235;1183
Si;5;20260331;205000;82237;82245;82215;82238;577
Si;5;20260331;205500;82247;82250;82223;82231;374
Si;5;20260331;210000;82230;82274;82214;82256;677
Si;5;20260331;210500;82256;82270;82231;82251;299
Si;5;20260331;211000;82257;82265;82200;82201;659
Si;5;20260331;211500;82201;82254;82201;82249;335
Si;5;20260331;212000;82249;82259;82231;82234;246
Si;5;20260331;212500;82231;82289;82215;82274;776
Si;5;20260331;213000;82280;82286;82259;82260;640
Si;5;20260331;213500;82260;82325;82243;82287;1034
Si;5;20260331;214000;82297;82318;82289;82307;231
Si;5;20260331;214500;82302;82328;82297;82316;459
Si;5;20260331;215000;82319;82322;82308;82322;215
Si;5;20260331;215500;82317;82322;82301;82303;230
Si;5;20260331;220000;82307;82307;82202;82256;1744
Si;5;20260331;220500;82256;82300;82255;82285;634
Si;5;20260331;221000;82281;82317;82274;82293;581
Si;5;20260331;221500;82293;82315;82292;82293;316
Si;5;20260331;222000;82292;82292;82261;82275;543
Si;5;20260331;222500;82274;82282;82261;82264;345
Si;5;20260331;223000;82267;82291;82261;82271;615
Si;5;20260331;223500;82271;82317;82265;82310;1114
Si;5;20260331;224000;82310;82323;82279;82314;1171
Si;5;20260331;224500;82307;82308;82272;82280;650
Si;5;20260331;225000;82280;82295;82275;82289;286
Si;5;20260331;225500;82286;82296;82279;82290;302
Si;5;20260331;230000;82288;82290;82275;82277;481
Si;5;20260331;230500;82275;82294;82261;82277;627
Si;5;20260331;231000;82276;82280;82251;82266;678
Si;5;20260331;231500;82269;82272;82238;82259;586
Si;5;20260331;232000;82260;82321;82260;82318;836
Si;5;20260331;232500;82318;82332;82315;82332;731
Si;5;20260331;233000;82332;82345;82327;82341;760
Si;5;20260331;233500;82342;82358;82338;82341;613
Si;5;20260331;234000;82340;82350;82317;82342;572
Si;5;20260331;234500;82340;82356;82304;82356;1544
